case_id,sigma_km,lambda_min_km,lambda_max_km,Tb_seed_K,Tb_anvil_K,delta_t_h,v_ref_kmh,data_source,source_product,source_model,source_variable,output_variable,threshold_direction,threshold_seed_value,threshold_envelope_value,threshold_unit,dthreshold_value,dthreshold_unit,prec_seed_mm_h,prec_min_mm_h,dprec_mm_h,n_cc,n_cc_final,n_cc_initial,Amax_median_km2,Amax_p10_km2,Amax_p25_km2,Amax_p75_km2,Amax_p90_km2,Amax_p95_km2,Amax_p90_minus_p10_km2,Amax_max_km2,Amax_gini,IH,Amax_homogeneity,IA1,IA2,IA3,IA4,IA5,IA6,IA11,IA22,IA33,IA44,IA55,IA66,E1,E2,E3,E4,E5,E6,E11,E22,E33,E44,E55,E66,INIT_n_cc,INIT_Amax_median_km2,INIT_Amax_p10_km2,INIT_Amax_p25_km2,INIT_Amax_p75_km2,INIT_Amax_p90_km2,INIT_Amax_p95_km2,INIT_Amax_p90_minus_p10_km2,INIT_Amax_max_km2,INIT_Amax_gini,INIT_IH,INIT_Amax_homogeneity,INIT_IA1,INIT_IA2,INIT_IA3,INIT_IA4,INIT_IA5,INIT_IA6,INIT_IA11,INIT_IA22,INIT_IA33,INIT_IA44,INIT_IA55,INIT_IA66,INIT_E1,INIT_E2,INIT_E3,INIT_E4,INIT_E5,INIT_E6,INIT_E11,INIT_E22,INIT_E33,INIT_E44,INIT_E55,INIT_E66,IA111,IA222,IA333,IA444,IA555,IA666,IE111,IE222,IE333,IE444,IE555,IE666,INIT_IA111,INIT_IA222,INIT_IA333,INIT_IA444,INIT_IA555,INIT_IA666,INIT_IE111,INIT_IE222,INIT_IE333,INIT_IE444,INIT_IE555,INIT_IE666,max_convex_hull_area_km2,convex_hull_lambda_fraction,convex_hull_area_p95_km2,convex_hull_lambda_fraction_p95,max_convex_hull_p95_over_time_km2,max_convex_hull_p95_over_time_lambda_fraction,convex_hull_of_Amax_p95_km2,max_convex_hull_of_Amax_p95_km2,convex_hull_of_Amax_p95_lambda_fraction,max_convex_hull_of_Amax_p95_lambda_fraction,D_T_p95_days,n_final_clusters,final_n_cc,n_initial_clusters,final_Amax_p10_km2,final_Amax_p25_km2,final_Amax_p75_km2,final_Amax_p90_km2,final_Amax_p90_minus_p10_km2,final_Amax_max_km2,final_Amax_gini,initial_n_cc,initial_Amax_median_km2,initial_Amax_p10_km2,initial_Amax_p25_km2,initial_Amax_p75_km2,initial_Amax_p90_km2,initial_Amax_p90_minus_p10_km2,initial_Amax_max_km2,initial_Amax_gini,initial_IH,initial_Amax_homogeneity,IE1,INIT_IE1,IE2,INIT_IE2,IE3,INIT_IE3,IE4,INIT_IE4,IE5,INIT_IE5,IE6,INIT_IE6,IE11,INIT_IE11,IE22,INIT_IE22,IE33,INIT_IE33,IE44,INIT_IE44,IE55,INIT_IE55,IE66,INIT_IE66,final_IH,final_Amax_homogeneity,fraction_after_initialization,IH25_75,Amax_homogeneity_25_75,final_IH25_75,final_Amax_homogeneity_25_75,INIT_IH25_75,INIT_Amax_homogeneity_25_75,initial_IH25_75,initial_Amax_homogeneity_25_75
C1,0.0,100.0,1500.0,220.0,235.0,3.0,15.0,Tb,,,Harmonized_irBT,Harmonized_irBT,cold,220.0,235.0,K,1.0,K,,,,41,41,10,7416.42529296875,1015.237548828125,2314.8486328125,69252.34375,214620.28125,292841.5625,213605.04370117188,881326.25,0.7817524563076668,0.9952696103885657,0.9952696103885657,0.106282100093175,0.0511217339376451,0.0324736449531017,0.0045673751541127,0.011515535705198,0.0,2.6540281723689585,0.6480079936724437,0.943924927378168,0.0065073295393273,0.1558195479516002,0.0,1.0004802699894706,0.9998593530235272,0.3480043697393037,0.3306479558667849,0.1903652813146448,0.0,22.92706566915657,8.996243028449415,13.83257819839224,0.8849133860043223,2.0685955172947983,0.0,10,95325.31755450046,63457.86997840932,70096.92155676163,112567.74647381836,427130.7865522509,441213.217972117,363672.9165738416,455295.6493919832,0.4148119893690324,0.8514322264366994,0.8514322264366994,0.0,0.0,0.0,0.0,0.0,0.0,0.0,0.0,0.0,0.0,0.0,0.0,0.8784578319116237,0.4947994464133966,0.0360414184098481,0.1013819405513434,0.0904415990695839,0.0,7.054115791951309,4.027614905849893,0.3597036682607859,0.8146488126507092,0.7382748576101468,0.0,0.0794300860034839,0.0322087549597862,0.0108693912816435,0.0023176287780102,0.0060323605972325,0.0,1.0008331232592924,1.00016956292829,0.1461034341896074,0.3268707313494676,0.1384239574315734,0.0,0.0,0.0,0.0,0.0,0.0,0.0,0.3153774128108886,0.175008367497881,0.0095326796301771,0.0363684118657368,0.0318826009535442,0.0,4562986.715728857,0.6455305698408006,1825538.5796107072,0.2582608788888902,3981958.892553517,0.563331947500997,1082690.7998423576,1129957.0260433557,0.1531694156755814,0.1598562188233045,2.375,41,41,10,1015.237548828125,2314.8486328125,69252.34375,214620.28125,213605.04370117188,881326.25,0.7817524563076668,10,95325.31755450046,63457.86997840932,70096.92155676163,112567.74647381836,427130.7865522509,363672.9165738416,455295.6493919832,0.4148119893690324,0.8514322264366994,0.8514322264366994,1.0004802699894706,0.8784578319116237,0.9998593530235272,0.4947994464133966,0.3480043697393037,0.0360414184098481,0.3306479558667849,0.1013819405513434,0.1903652813146448,0.0904415990695839,0.0,0.0,22.92706566915657,7.054115791951309,8.996243028449415,4.027614905849893,13.83257819839224,0.3597036682607859,0.8849133860043223,0.8146488126507092,2.0685955172947983,0.7382748576101468,0.0,0.0,0.9952696103885657,0.9952696103885657,0.7560975609756098,0.9665737142244735,0.9665737142244735,0.9665737142244735,0.9665737142244735,0.37729124236252554,0.37729124236252554,0.37729124236252554,0.37729124236252554
C1,10.0,100.0,1500.0,220.0,235.0,3.0,15.0,Tb,,,Harmonized_irBT,Harmonized_irBT,cold,220.0,235.0,K,1.0,K,,,,41,41,11,13479.287109375,1023.6110229492188,2671.7060546875,132534.1875,196869.484375,292841.5625,195845.8733520508,881326.25,0.7635815911644003,0.9948005602483347,0.9948005602483347,0.106282100093175,0.0511217339376451,0.0329146335173674,0.0053538505843031,0.0120293758913996,0.0,2.6540281723689585,0.6480079936724437,0.9485874571639556,0.0076401338917454,0.1611895467757134,0.0,1.0004802699894706,0.9075467780602052,0.355387355136201,0.2154846867839983,0.1739734771321331,0.0,22.92706566915657,8.996243028449415,13.917754937416936,0.5804117635045221,2.061082509923569,0.0,11,87119.64085550097,53131.51781121671,63333.68627982143,102470.6565194034,400501.9805381287,421689.63003566174,347370.462726912,442877.2795331947,0.4346199556095925,0.867337690216095,0.867337690216095,0.0,0.0,0.0,0.0,0.0,0.0,0.0,0.0,0.0,0.0,0.0,0.0,0.8761852808660532,0.4501003638313731,0.0346177576026976,0.0759079247051156,0.0818364297875223,0.0,5.916582318624409,3.069404686056385,0.2689771760919782,0.5127882586244364,0.5580735792829791,0.0,0.0794300860034839,0.0322087549597862,0.0110509713596597,0.0027166959856829,0.0062592360911483,0.0,1.0008331232592924,0.6861640795180921,0.1481995655789171,0.211040119519672,0.1162627568578071,0.0,0.0,0.0,0.0,0.0,0.0,0.0,0.2829621499471219,0.1426894596375539,0.0080492564383993,0.0244958316012365,0.0259435381159188,0.0,4562986.715728857,0.6455305698408006,1825538.5796107072,0.2582608788888902,3981958.892553517,0.563331947500997,1082690.7998423576,1129957.0260433557,0.1531694156755814,0.1598562188233045,2.375,41,41,11,1023.6110229492188,2671.7060546875,132534.1875,196869.484375,195845.8733520508,881326.25,0.7635815911644003,11,87119.64085550097,53131.51781121671,63333.68627982143,102470.6565194034,400501.9805381287,347370.462726912,442877.2795331947,0.4346199556095925,0.867337690216095,0.867337690216095,1.0004802699894706,0.8761852808660532,0.9075467780602052,0.4501003638313731,0.355387355136201,0.0346177576026976,0.2154846867839983,0.0759079247051156,0.1739734771321331,0.0818364297875223,0.0,0.0,22.92706566915657,5.916582318624409,8.996243028449415,3.069404686056385,13.917754937416936,0.2689771760919782,0.5804117635045221,0.5127882586244364,2.061082509923569,0.5580735792829791,0.0,0.0,0.9948005602483347,0.9948005602483347,0.7317073170731707,0.979841382023129,0.979841382023129,0.979841382023129,0.979841382023129,0.38193343898573706,0.38193343898573706,0.38193343898573706,0.38193343898573706
C1,20.0,100.0,1500.0,220.0,235.0,3.0,15.0,Tb,,,Harmonized_irBT,Harmonized_irBT,cold,220.0,235.0,K,1.0,K,,,,40,40,10,10447.856201171877,1022.7736755371094,2582.49169921875,79070.27734375,219113.64375000008,312752.7499999989,218090.87007446296,881326.25,0.7783242965010405,0.995332222777035,0.995332222777035,0.106282100093175,0.0505632798573973,0.0327494992101734,0.0053515386238681,0.0115279320575819,0.0,2.6540281723689585,0.5991595402085366,0.9327888444008124,0.0076194540539553,0.1567624384006096,0.0,1.0004802699894706,0.9121624068083712,0.3230123974770356,0.215458233899614,0.1626778640136442,0.0,22.92706566915657,5.794756860559668,13.269517060213172,0.5798503283043961,1.899045486544106,0.0,10,89507.788905268,62575.21045921543,68893.29493967906,105350.76306742242,401953.974552387,420180.3204682089,339378.7640931716,438406.6663840309,0.4107994426094137,0.8443224487855887,0.8443224487855887,0.0,0.0,0.0,0.0,0.0,0.0,0.0,0.0,0.0,0.0,0.0,0.0,0.7752998130623042,0.4367527693229927,0.0313014192626668,0.0955334360931725,0.0810858774410698,0.0,4.059518178169592,2.301043468923078,0.1814777873162832,0.4942542518061184,0.4231219703108296,0.0,0.0794300860034839,0.0245414327677723,0.0106651480123696,0.0027156127500978,0.0059683120560483,0.0,1.0008331232592924,0.7018821869501877,0.1379962679948902,0.2110243746829636,0.1097548992244424,0.0,0.0,0.0,0.0,0.0,0.0,0.0,0.2095955194046286,0.1160342451432391,0.0057482047553659,0.0254788597436395,0.0212220687580486,0.0,4562986.715728857,0.6455305698408006,1841470.8705099227,0.2605148369790131,3981958.892553517,0.563331947500997,1082690.7998423576,1129957.0260433557,0.1531694156755814,0.1598562188233045,2.4687499999999947,40,40,10,1022.7736755371094,2582.49169921875,79070.27734375,219113.64375000008,218090.87007446296,881326.25,0.7783242965010405,10,89507.788905268,62575.21045921543,68893.29493967906,105350.76306742242,401953.974552387,339378.7640931716,438406.6663840309,0.4107994426094137,0.8443224487855887,0.8443224487855887,1.0004802699894706,0.7752998130623042,0.9121624068083712,0.4367527693229927,0.3230123974770356,0.0313014192626668,0.215458233899614,0.0955334360931725,0.1626778640136442,0.0810858774410698,0.0,0.0,22.92706566915657,4.059518178169592,5.794756860559668,2.301043468923078,13.269517060213172,0.1814777873162832,0.5798503283043961,0.4942542518061184,1.899045486544106,0.4231219703108296,0.0,0.0,0.995332222777035,0.995332222777035,0.75,0.9673392861897824,0.9673392861897824,0.9673392861897824,0.9673392861897824,0.3460579407897719,0.3460579407897719,0.3460579407897719,0.3460579407897719
C1,30.0,100.0,1500.0,220.0,235.0,3.0,15.0,Tb,,,Harmonized_irBT,Harmonized_irBT,cold,220.0,235.0,K,1.0,K,,,,39,39,12,17457.58203125,1097.603564453125,3086.134155273437,127220.59375,223607.0062500001,311168.6187500006,222509.402685547,881326.25,0.7393946213039385,0.9950913722120766,0.9950913722120766,0.1061857397261124,0.0874263593845616,0.0340975838067539,0.006710877921679,0.0159424528843125,0.0,2.9732787850042035,0.7986872479059929,1.1160972552066577,0.0097031648149969,0.2109345737597036,0.0,1.0004802699894706,0.693205762724069,0.2817666122112068,0.1431269614242395,0.1593541012444459,0.003094510400811,21.85990282639886,7.018575727377145,12.483144821193983,0.4074459216225487,2.0301048817185827,0.003094510400811,12,89116.1326251062,58442.75907389857,65048.37657955416,99614.43145188205,374912.4965552652,416993.57571059983,316469.73748136667,432293.0073766273,0.3986044231993408,0.8441162681669011,0.8441162681669011,0.0,0.0,0.0,0.0,0.0,0.0,0.0,0.0,0.0,0.0,0.0,0.0,0.1762016755110237,0.0836478374159732,0.0083829766405141,0.0138736474930164,0.0154286020540837,0.0,0.8842481531682369,0.4204831320573838,0.0427342441030225,0.0690842003407998,0.077192229691528,0.0,0.087640416300108,0.0469868885236712,0.0136645357725681,0.0034064958330225,0.0082955387896625,0.0,1.0005262281600222,0.4834810489151312,0.1405609800402048,0.1374081077616223,0.0992395208658945,0.0002510419470641,0.0,0.0,0.0,0.0,0.0,0.0,0.0472754790320796,0.021537146795356,0.0013241123398393,0.0036911765063303,0.003985912880799,0.0,4562986.715728857,0.6455305698408006,1857403.1614091403,0.2627687950691362,3981958.892553517,0.563331947500997,676772.4995273799,1129957.0260433557,0.0957437232430577,0.1598562188233045,2.5625000000000027,39,39,12,1097.603564453125,3086.134155273437,127220.59375,223607.0062500001,222509.402685547,881326.25,0.7393946213039385,12,89116.1326251062,58442.75907389857,65048.37657955416,99614.43145188205,374912.4965552652,316469.73748136667,432293.0073766273,0.3986044231993408,0.8441162681669011,0.8441162681669011,1.0004802699894706,0.1762016755110237,0.693205762724069,0.0836478374159732,0.2817666122112068,0.0083829766405141,0.1431269614242395,0.0138736474930164,0.1593541012444459,0.0154286020540837,0.003094510400811,0.0,21.85990282639886,0.8842481531682369,7.018575727377145,0.4204831320573838,12.483144821193983,0.0427342441030225,0.4074459216225487,0.0690842003407998,2.0301048817185827,0.077192229691528,0.003094510400811,0.0,0.9950913722120766,0.9950913722120766,0.6923076923076923,0.9757418664360428,0.9757418664360428,0.9757418664360428,0.9757418664360428,0.3469984656693518,0.3469984656693518,0.3469984656693518,0.3469984656693518
C1,40.0,100.0,1500.0,220.0,235.0,3.0,15.0,Tb,,,Harmonized_irBT,Harmonized_irBT,cold,220.0,235.0,K,1.0,K,,,,39,39,12,17457.58203125,1097.603564453125,3086.134155273437,127210.82421875,223607.0062500001,311168.6187500006,222509.402685547,881326.25,0.7393960591881451,0.9950913722120766,0.9950913722120766,0.1061857397261124,0.0841838601687724,0.033881991071979,0.0067099071039948,0.0156618048864139,0.0,2.9732787850042035,0.7705427906801885,1.0932480058968146,0.0096970866839879,0.2074736825340266,0.0,1.0004802699894706,0.693205762724069,0.2763120595839662,0.1431088454213776,0.1531413767502175,0.003094510400811,21.85990282639886,6.7161852598781735,11.92964348875258,0.4072683562675442,1.951544761822825,0.003094510400811,12,89899.4451854298,58175.28649232466,65339.73064162573,99982.20625154616,373896.1007452844,417009.8151173383,315720.8142529597,433916.94805046887,0.3973792542615572,0.8444078812901117,0.8444078812901117,0.0,0.0,0.0,0.0,0.0,0.0,0.0,0.0,0.0,0.0,0.0,0.0,0.0054647652753201,0.0025894283489303,0.0002073716005669,0.0006934158614057,0.0004751371024942,0.0,0.0054647652753201,0.0025894283489303,0.0002073716005669,0.0006934158614057,0.0004751371024942,0.0,0.087640416300108,0.0477379365248858,0.0134103740374757,0.0034063480341118,0.0081994570492077,0.0,1.0005262281600222,0.4834810489151312,0.1346527508412343,0.1374011794757312,0.0968634913869823,0.0002510419470641,0.0,0.0,0.0,0.0,0.0,0.0,0.0004061036205332,0.0001842951144302,7.108373464547033e-06,5.148443188610206e-05,3.407658734599792e-05,0.0,4562986.715728857,0.6455305698408006,1857403.1614091403,0.2627687950691362,3981958.892553517,0.563331947500997,676772.4995273799,1129957.0260433557,0.0957437232430577,0.1598562188233045,2.5625000000000027,39,39,12,1097.603564453125,3086.134155273437,127210.82421875,223607.0062500001,222509.402685547,881326.25,0.7393960591881451,12,89899.4451854298,58175.28649232466,65339.73064162573,99982.20625154616,373896.1007452844,315720.8142529597,433916.94805046887,0.3973792542615572,0.8444078812901117,0.8444078812901117,1.0004802699894706,0.0054647652753201,0.693205762724069,0.0025894283489303,0.2763120595839662,0.0002073716005669,0.1431088454213776,0.0006934158614057,0.1531413767502175,0.0004751371024942,0.003094510400811,0.0,21.85990282639886,0.0054647652753201,6.7161852598781735,0.0025894283489303,11.92964348875258,0.0002073716005669,0.4072683562675442,0.0006934158614057,1.951544761822825,0.0004751371024942,0.003094510400811,0.0,0.9950913722120766,0.9950913722120766,0.6923076923076923,0.9757400034609747,0.9757400034609747,0.9757400034609747,0.9757400034609747,0.346486409019252,0.346486409019252,0.346486409019252,0.346486409019252
C1,50.0,100.0,1500.0,220.0,235.0,3.0,15.0,Tb,,,Harmonized_irBT,Harmonized_irBT,cold,220.0,235.0,K,1.0,K,,,,41,41,11,13479.287109375,1015.237548828125,2671.7060546875,109190.7890625,200459.84375,268957.875,199444.60620117188,883875.3125,0.7687399071766019,0.994935456748663,0.994935456748663,0.1062479883278082,0.0836740780030143,0.0378258371682473,0.0034481655441798,0.0136270080041402,0.0,3.0081051603641304,0.6672402585479351,1.1191412870389932,0.0056785976207215,0.1930334315243141,0.0,1.0004802699894706,0.7174885437922568,0.2783221984454245,0.2531451668631612,0.1768735962969985,0.0036028595849956,22.150824541431057,5.94485587395264,12.616968239127226,0.6076653994834462,1.927736275534612,0.0060162824554388,11,91017.09847272075,55213.98291061355,61079.27452084136,102957.83872155586,407838.371347013,433305.58214972855,352624.38843639946,458772.79295244406,0.4415597233718487,0.8646179791071344,0.8646179791071344,0.0,0.0,0.0,0.0,0.0,0.0,0.0,0.0,0.0,0.0,0.0,0.0,0.0091060928732149,0.0046508068942593,0.0001661635994332,0.0009751208034124,0.0008456012535017,0.0,0.0097735193501179,0.0050048562591712,0.0001829893774973,0.0010468225956828,0.0009099738653038,0.0,0.0882123319695,0.0333451972156104,0.0129937125342544,0.0020042998930315,0.0070754579261551,0.0,1.0008331232592924,0.6495703386946542,0.1353969588997248,0.227843111725502,0.1183194771384735,0.0006791250489919,0.0,0.0,0.0,0.0,0.0,0.0,0.0005731164459427,0.000290751069676,9.76644048239344e-06,6.133750382483118e-05,5.286383085018925e-05,0.0,4562986.715728857,0.6455305698408006,1825538.5796107072,0.2582608788888902,3981958.892553517,0.563331947500997,676772.4995273799,1129957.0260433557,0.0957437232430577,0.1598562188233045,2.375,41,41,11,1015.237548828125,2671.7060546875,109190.7890625,200459.84375,199444.60620117188,883875.3125,0.7687399071766019,11,91017.09847272075,55213.98291061355,61079.27452084136,102957.83872155586,407838.371347013,352624.38843639946,458772.79295244406,0.4415597233718487,0.8646179791071344,0.8646179791071344,1.0004802699894706,0.0091060928732149,0.7174885437922568,0.0046508068942593,0.2783221984454245,0.0001661635994332,0.2531451668631612,0.0009751208034124,0.1768735962969985,0.0008456012535017,0.0036028595849956,0.0,22.150824541431057,0.0097735193501179,5.94485587395264,0.0050048562591712,12.616968239127226,0.0001829893774973,0.6076653994834462,0.0010468225956828,1.927736275534612,0.0009099738653038,0.0060162824554388,0.0,0.994935456748663,0.994935456748663,0.7317073170731707,0.9755317634607601,0.9755317634607601,0.9755317634607601,0.9755317634607601,0.40675449990721835,0.40675449990721835,0.40675449990721835,0.40675449990721835
C1,60.0,100.0,1500.0,220.0,235.0,3.0,15.0,Tb,,,Harmonized_irBT,Harmonized_irBT,cold,220.0,235.0,K,1.0,K,,,,43,43,12,13479.287109375,1138.899853515625,2777.43701171875,114281.71484375,250567.1812500002,648231.0937499994,249428.28139648456,701992.0,0.7639206499931549,0.9954547125931097,0.9954547125931097,0.375,0.0894511741120585,0.032849989917481,0.3153665378064119,0.022492770578077,0.0,2.545242753656241,0.636338505413674,0.8096659443260682,0.3158091596416961,0.1830188897202191,0.0,1.0023809524129257,0.7564475176551338,0.306394263170226,0.8765816322987416,0.1903209553729744,0.0281906951642458,18.16736230500553,6.047641672367286,8.287827144344623,0.9106927808066848,1.7284385786043488,0.0861655405405304,12,92860.7487671409,58952.86749732881,75780.71391520715,153280.89442624655,395249.9653470811,421870.1740282241,336297.0978497523,438693.2441500029,0.4040939414103154,0.8508466219710848,0.8508466219710848,0.0,0.0,0.0,0.0,0.0,0.0,0.0,0.0,0.0,0.0,0.0,0.0,0.0,0.0,0.0,0.0,0.0,0.0,0.0,0.0,0.0,0.0,0.0,0.0,0.375,0.0511133381737697,0.0126856631930025,0.3150768552851086,0.0152613234178805,0.0,1.0023809524129257,0.5290701932606662,0.1254169204919245,0.8730423999262608,0.1182853324379797,0.0055606746116103,0.0,0.0,0.0,0.0,0.0,0.0,0.0,0.0,0.0,0.0,0.0,0.0,4036285.439648829,0.5710175817332935,2112319.8157966,0.2988321245111029,3534908.56311816,0.5000872632872215,1315458.8139570802,2724284.6640678346,0.1860993534889522,0.3854074406007461,3.5354166666666647,43,43,12,1138.899853515625,2777.43701171875,114281.71484375,250567.1812500002,249428.28139648456,701992.0,0.7639206499931549,12,92860.7487671409,58952.86749732881,75780.71391520715,153280.89442624655,395249.9653470811,336297.0978497523,438693.2441500029,0.4040939414103154,0.8508466219710848,0.8508466219710848,1.0023809524129257,0.0,0.7564475176551338,0.0,0.306394263170226,0.0,0.8765816322987416,0.0,0.1903209553729744,0.0,0.0281906951642458,0.0,18.16736230500553,0.0,6.047641672367286,0.0,8.287827144344623,0.0,0.9106927808066848,0.0,1.7284385786043488,0.0,0.0861655405405304,0.0,0.9954547125931097,0.9954547125931097,0.7209302325581395,0.9756965756462777,0.9756965756462777,0.9756965756462777,0.9756965756462777,0.5056088744858531,0.5056088744858531,0.5056088744858531,0.5056088744858531
C1,70.0,100.0,1500.0,220.0,235.0,3.0,15.0,Tb,,,Harmonized_irBT,Harmonized_irBT,cold,220.0,235.0,K,1.0,K,,,,41,41,11,13479.287109375,1221.718994140625,2883.16796875,109190.7890625,259553.90625,690372.5625,258332.18725585935,701992.0,0.7684389135072573,0.9952930047873605,0.9952930047873605,0.1156360601183504,0.0584071558164956,0.040111451167563,0.0042932841087627,0.0129557160606205,0.0,1.8929121771217032,0.6896170716213744,0.930758447765342,0.0069096960539477,0.1363864220011917,0.0,1.0002897351000426,0.6210275555556719,0.3464282598147594,0.2203364735982486,0.1600987965772901,0.003094510400811,18.472626147434447,4.353307678835583,9.783423628892535,0.431508573796016,1.5299212750119997,0.003094510400811,11,94226.76945160764,58920.388683851976,76993.8931244888,195713.50897450696,409844.4157088173,424574.51287978026,350924.0270249653,439304.6100507433,0.4074118570335132,0.8562371806824538,0.8562371806824538,0.0,0.0,0.0,0.0,0.0,0.0,0.0,0.0,0.0,0.0,0.0,0.0,0.0,0.0,0.0,0.0,0.0,0.0,0.0,0.0,0.0,0.0,0.0,0.0,0.0538787878787878,0.023825146049927,0.0125214163978617,0.0024927555702539,0.0050316091386338,0.0,1.0001481599948423,0.2841940904926702,0.131532444684049,0.1983717089930716,0.0879696531365942,0.0002510419470641,0.0,0.0,0.0,0.0,0.0,0.0,0.0,0.0,0.0,0.0,0.0,0.0,4036285.439648829,0.5710175817332935,2144184.397595033,0.3033400406913488,3534908.56311816,0.5000872632872215,1315067.1576769054,2763822.8431797773,0.1860439454596341,0.3910009487309848,3.8333333333333335,41,41,11,1221.718994140625,2883.16796875,109190.7890625,259553.90625,258332.18725585935,701992.0,0.7684389135072573,11,94226.76945160764,58920.388683851976,76993.8931244888,195713.50897450696,409844.4157088173,350924.0270249653,439304.6100507433,0.4074118570335132,0.8562371806824538,0.8562371806824538,1.0002897351000426,0.0,0.6210275555556719,0.0,0.3464282598147594,0.0,0.2203364735982486,0.0,0.1600987965772901,0.0,0.003094510400811,0.0,18.472626147434447,0.0,4.353307678835583,0.0,9.783423628892535,0.0,0.431508573796016,0.0,1.5299212750119997,0.0,0.003094510400811,0.0,0.9952930047873605,0.9952930047873605,0.7317073170731707,0.9735951356931792,0.9735951356931792,0.9735951356931792,0.9735951356931792,0.6065989847715736,0.6065989847715736,0.6065989847715736,0.6065989847715736
C10,0.0,100.0,1500.0,220.0,235.0,3.0,15.0,Tb,,,Harmonized_irBT,Harmonized_irBT,cold,220.0,235.0,K,1.0,K,,,,5,5,3,259065.765625,68735.25234375,103340.8359375,422798.75,533604.1625,570539.2999999999,464868.91015625,607474.4375,0.401316071262486,0.8711868137952353,0.8711868137952353,0.0134479154533127,0.0127503473859484,0.0103584999927025,0.0010562539307243,0.006582835037739,0.0095061846188912,0.0781627678728031,0.0764039097851823,0.0657327874642012,0.0059258692431205,0.0396801738306287,0.0508696238456417,0.2168974787284935,0.2097072502643288,0.1689291529070535,0.145869947935345,0.1479289286642702,0.1585072647066686,1.8170898033297196,1.70013960259369,1.3140779498067878,0.4698062772195486,0.8714231227598468,0.690065047586445,3,102049.24761115666,73779.75344865317,84380.81375959198,214405.90281223896,281819.8959328883,304291.2269731048,208040.1424842352,326762.55801332125,0.3498654363706266,0.7382024672018798,0.7382024672018798,0.0,0.0,0.0,0.0,0.0,0.0,0.0,0.0,0.0,0.0,0.0,0.0,0.0,0.0,0.0,0.0,0.0,0.0,0.0,0.0,0.0,0.0,0.0,0.0,0.0029544824262718,0.0028537203847244,0.0023065166837691,0.0002744036357972,0.0015513476989797,0.0023515838500921,0.0557439555106614,0.0555288586774704,0.045246166991631,0.0484913427614048,0.0403700997087373,0.043536467453342,0.0,0.0,0.0,0.0,0.0,0.0,0.0,0.0,0.0,0.0,0.0,0.0,4017267.764641821,0.5683271310813108,3936534.9454231374,0.5569057735271794,3678765.010258865,0.5204387874277382,3222503.5731023625,3613603.6685484014,0.4558909980360319,0.5112203433106535,1.8541666666666663,5,5,3,68735.25234375,103340.8359375,422798.75,533604.1625,464868.91015625,607474.4375,0.401316071262486,3,102049.24761115666,73779.75344865317,84380.81375959198,214405.90281223896,281819.8959328883,208040.1424842352,326762.55801332125,0.3498654363706266,0.7382024672018798,0.7382024672018798,0.2168974787284935,0.0,0.2097072502643288,0.0,0.1689291529070535,0.0,0.145869947935345,0.0,0.1479289286642702,0.0,0.1585072647066686,0.0,1.8170898033297196,0.0,1.70013960259369,0.0,1.3140779498067878,0.0,0.4698062772195486,0.0,0.8714231227598468,0.0,0.690065047586445,0.0,0.8711868137952353,0.8711868137952353,0.4,0.7555791356112098,0.7555791356112098,0.7555791356112098,0.7555791356112098,0.6064436069491681,0.6064436069491681,0.6064436069491681,0.6064436069491681
C10,10.0,100.0,1500.0,220.0,235.0,3.0,15.0,Tb,,,Harmonized_irBT,Harmonized_irBT,cold,220.0,235.0,K,1.0,K,,,,6,6,4,209202.1796875,74502.849609375,119050.427734375,380155.3515625,454617.640625,470527.0859375,380114.791015625,486436.53125,0.3666280981073812,0.8361197565784076,0.8361197565784076,0.0502742230347349,0.043361017698773,0.0159107807201142,0.0060036387703324,0.0146738955265065,0.0075738742167085,0.5153723808007327,0.4523282810098362,0.1616849323099284,0.0599835591184601,0.1460449085116366,0.0488505443159702,0.7214404635775927,0.6123178514337504,0.2247836580912827,0.2042930642716698,0.2495271261453332,0.1721337892175634,6.147885706435808,5.33503843890092,1.907073546514825,1.0434750415539842,1.8286409553494836,0.6549207130656698,4,75285.4627027073,65801.85939052334,68072.24821339032,122077.74276079706,195590.44960745503,220094.6852230076,129788.59021693173,244598.92083856036,0.3008085617466649,0.6635732494987052,0.6635732494987052,0.0,0.0,0.0,0.0,0.0,0.0,0.0,0.0,0.0,0.0,0.0,0.0,0.0042613836704972,0.0038564941113001,0.0010148344620903,0.0022277078651972,0.0014558759032533,0.0007810599712581,0.0042613836704972,0.0038564941113001,0.0010148344620903,0.0022277078651972,0.0014558759032533,0.0007810599712581,0.033932864682887,0.0275231277814848,0.006416238718495,0.00374608001469,0.0077786450655644,0.0022225443166107,0.4047857074494695,0.3264081157822909,0.0762602363691987,0.0840786919546993,0.1026498706924379,0.0444485111014294,0.0,0.0,0.0,0.0,0.0,0.0,0.0004280242042201,0.0003727992195935,5.324821588505506e-05,0.0002184797607293,0.0001219704610658,2.99288200216892e-05,4017267.764641821,0.5683271310813108,3849021.014796226,0.54452508495058,3678765.010258865,0.5204387874277382,1830954.2778716276,3344280.7652594373,0.2590270434653521,0.4731189465583875,1.8333333333333333,6,6,4,74502.849609375,119050.427734375,380155.3515625,454617.640625,380114.791015625,486436.53125,0.3666280981073812,4,75285.4627027073,65801.85939052334,68072.24821339032,122077.74276079706,195590.44960745503,129788.59021693173,244598.92083856036,0.3008085617466649,0.6635732494987052,0.6635732494987052,0.7214404635775927,0.0042613836704972,0.6123178514337504,0.0038564941113001,0.2247836580912827,0.0010148344620903,0.2042930642716698,0.0022277078651972,0.2495271261453332,0.0014558759032533,0.1721337892175634,0.0007810599712581,6.147885706435808,0.0042613836704972,5.33503843890092,0.0038564941113001,1.907073546514825,0.0010148344620903,1.0434750415539842,0.0022277078651972,1.8286409553494836,0.0014558759032533,0.6549207130656698,0.0007810599712581,0.8361197565784076,0.8361197565784076,0.33333333333333337,0.6868374277908795,0.6868374277908795,0.6868374277908795,0.6868374277908795,0.4423860838681035,0.4423860838681035,0.4423860838681035,0.4423860838681035
C10,20.0,100.0,1500.0,220.0,235.0,3.0,15.0,Tb,,,Harmonized_irBT,Harmonized_irBT,cold,220.0,235.0,K,1.0,K,,,,5,5,3,259065.765625,68735.25234375,103340.8359375,422798.75,533604.1625,570539.2999999999,464868.91015625,607474.4375,0.401316071262486,0.8711868137952353,0.8711868137952353,0.0134479154533127,0.0127503473859484,0.0103584999927025,0.0010562539307243,0.006582835037739,0.0095061846188912,0.0781627678728031,0.0764039097851823,0.0657327874642012,0.0059258692431205,0.0396801738306287,0.0508696238456417,0.2168974787284935,0.2097072502643288,0.1689291529070535,0.145869947935345,0.1479289286642702,0.1585072647066686,1.8170898033297196,1.70013960259369,1.3140779498067878,0.4698062772195486,0.8714231227598468,0.690065047586445,3,81355.59948606696,67276.03546648212,72555.87197382643,196747.3230788291,265982.3572344864,289060.7019530388,198706.32176800427,312139.04667159123,0.3621395629498729,0.7470657972732662,0.7470657972732662,0.0,0.0,0.0,0.0,0.0,0.0,0.0,0.0,0.0,0.0,0.0,0.0,0.0,0.0,0.0,0.0,0.0,0.0,0.0,0.0,0.0,0.0,0.0,0.0,0.0029544824262718,0.0028537203847244,0.0023065166837691,0.0002744036357972,0.0015513476989797,0.0023515838500921,0.0557439555106614,0.0555288586774704,0.045246166991631,0.0484913427614048,0.0403700997087373,0.043536467453342,0.0,0.0,0.0,0.0,0.0,0.0,0.0,0.0,0.0,0.0,0.0,0.0,4017267.764641821,0.5683271310813108,3936534.9454231374,0.5569057735271794,3678765.010258865,0.5204387874277382,3222503.5731023625,3613603.6685484014,0.4558909980360319,0.5112203433106535,1.8541666666666663,5,5,3,68735.25234375,103340.8359375,422798.75,533604.1625,464868.91015625,607474.4375,0.401316071262486,3,81355.59948606696,67276.03546648212,72555.87197382643,196747.3230788291,265982.3572344864,198706.32176800427,312139.04667159123,0.3621395629498729,0.7470657972732662,0.7470657972732662,0.2168974787284935,0.0,0.2097072502643288,0.0,0.1689291529070535,0.0,0.145869947935345,0.0,0.1479289286642702,0.0,0.1585072647066686,0.0,1.8170898033297196,0.0,1.70013960259369,0.0,1.3140779498067878,0.0,0.4698062772195486,0.0,0.8714231227598468,0.0,0.690065047586445,0.0,0.8711868137952353,0.8711868137952353,0.4,0.7555791356112098,0.7555791356112098,0.7555791356112098,0.7555791356112098,0.631223079234699,0.631223079234699,0.631223079234699,0.631223079234699
C10,30.0,100.0,1500.0,220.0,235.0,3.0,15.0,Tb,,,Harmonized_irBT,Harmonized_irBT,cold,220.0,235.0,K,1.0,K,,,,6,6,4,181606.4296875,74502.849609375,103542.400390625,315379.33984375,470812.484375,539143.4609375,396309.634765625,607474.4375,0.4191642773261715,0.8417568520760936,0.8417568520760936,0.0233157406499813,0.021751917294824,0.0121515947476671,0.0054146481260316,0.0103927624640163,0.0097331298676913,0.1562857752138143,0.1498285533692173,0.0951463166794395,0.0305274065713935,0.0690562195668492,0.0601190506401703,0.4434514559846514,0.4013793276767367,0.1977047829841444,0.1987899419011241,0.2068935938884168,0.1697268005571693,4.780036911934168,4.500652132365511,2.057566957092376,1.278981870906683,1.8378763681288093,0.9611574002374406,4,72644.55903721967,54308.01597475923,60445.16076157156,142717.19323603535,253026.1626845493,289795.81916738715,198718.14670979005,326565.4756502252,0.4054171385428463,0.7853660056392442,0.7853660056392442,0.0,0.0,0.0,0.0,0.0,0.0,0.0,0.0,0.0,0.0,0.0,0.0,0.0,0.0,0.0,0.0,0.0,0.0,0.0,0.0,0.0,0.0,0.0,0.0,0.0108759583529635,0.0091507447730519,0.0031804688295013,0.0022539418545495,0.0034423452809439,0.0027028927231602,0.3985031625574837,0.3221661352935274,0.0702576527351875,0.1118986408134553,0.1070832704638448,0.0496442412705077,0.0,0.0,0.0,0.0,0.0,0.0,0.0,0.0,0.0,0.0,0.0,0.0,3613603.6685484014,0.5112203433106535,3613384.414419457,0.511189325196507,3313922.690754021,0.4688241575625751,3222503.5731023625,3613603.6685484014,0.4558909980360319,0.5112203433106535,1.8125,6,6,4,74502.849609375,103542.400390625,315379.33984375,470812.484375,396309.634765625,607474.4375,0.4191642773261715,4,72644.55903721967,54308.01597475923,60445.16076157156,142717.19323603535,253026.1626845493,198718.14670979005,326565.4756502252,0.4054171385428463,0.7853660056392442,0.7853660056392442,0.4434514559846514,0.0,0.4013793276767367,0.0,0.1977047829841444,0.0,0.1987899419011241,0.0,0.2068935938884168,0.0,0.1697268005571693,0.0,4.780036911934168,0.0,4.500652132365511,0.0,2.057566957092376,0.0,1.278981870906683,0.0,1.8378763681288093,0.0,0.9611574002374406,0.0,0.8417568520760936,0.8417568520760936,0.33333333333333337,0.6716893362706525,0.6716893362706525,0.6716893362706525,0.6716893362706525,0.5764689636125112,0.5764689636125112,0.5764689636125112,0.5764689636125112
C10,40.0,100.0,1500.0,220.0,235.0,3.0,15.0,Tb,,,Harmonized_irBT,Harmonized_irBT,cold,220.0,235.0,K,1.0,K,,,,5,5,4,319051.0625,103663.3390625,104147.09375,334150.53125,484239.3875,534269.00625,380576.0484375,584298.625,0.3299456862435447,0.7859254291607991,0.7859254291607991,0.0233157406499813,0.0225689761778267,0.013455486903673,0.0146341521671282,0.0132483689447031,0.0109500940505582,0.2257042729833387,0.2066547959537562,0.1141052477576162,0.0840992171650024,0.0943428859683525,0.0554260399813406,0.4434514559846514,0.3996285703147794,0.138449727930064,0.2577802348925668,0.1832169894876398,0.1554012125006186,4.780036911934168,4.416389909932796,1.4913184085986384,2.63786411228676,1.851086632249772,0.8952101635721266,4,80715.08180600466,59008.43033460104,72196.19666117606,143761.72976044464,255099.46914432017,292212.0489389452,196091.03880971915,329324.62873357045,0.3880560311851069,0.7686846212086096,0.7686846212086096,0.0,0.0,0.0,0.0,0.0,0.0,0.0,0.0,0.0,0.0,0.0,0.0,0.0,0.0,0.0,0.0,0.0,0.0,0.0,0.0,0.0,0.0,0.0,0.0,0.0108759583529635,0.0098334206948518,0.0036240948337069,0.0061059038696617,0.0044262792232225,0.003251117893382,0.3985031625574837,0.3336657701789701,0.0530494473999833,0.2070064569391664,0.1107361292691738,0.0551524824653274,0.0,0.0,0.0,0.0,0.0,0.0,0.0,0.0,0.0,0.0,0.0,0.0,3612726.652032625,0.5110962708540676,3464162.025083528,0.49007867552291,3165653.687349569,0.4478483844077949,1767582.444018077,2869903.5172871407,0.2500617629226048,0.4060082941982801,1.8375,5,5,4,103663.3390625,104147.09375,334150.53125,484239.3875,380576.0484375,584298.625,0.3299456862435447,4,80715.08180600466,59008.43033460104,72196.19666117606,143761.72976044464,255099.46914432017,196091.03880971915,329324.62873357045,0.3880560311851069,0.7686846212086096,0.7686846212086096,0.4434514559846514,0.0,0.3996285703147794,0.0,0.138449727930064,0.0,0.2577802348925668,0.0,0.1832169894876398,0.0,0.1554012125006186,0.0,4.780036911934168,0.0,4.416389909932796,0.0,1.4913184085986384,0.0,2.63786411228676,0.0,1.851086632249772,0.0,0.8952101635721266,0.0,0.7859254291607991,0.7859254291607991,0.19999999999999996,0.6883228245653134,0.6883228245653134,0.6883228245653134,0.6883228245653134,0.49780656659126743,0.49780656659126743,0.49780656659126743,0.49780656659126743
C10,50.0,100.0,1500.0,220.0,235.0,3.0,15.0,Tb,,,Harmonized_irBT,Harmonized_irBT,cold,220.0,235.0,K,1.0,K,,,,5,5,4,319051.0625,103663.3390625,104147.09375,334150.53125,487132.3625000001,538126.3062499999,383469.02343750006,589120.25,0.331508943487419,0.787196772288969,0.787196772288969,0.0233157406499813,0.0220646819658555,0.0125417357561772,0.0145159504009919,0.0127279305725876,0.0109500940505582,0.2046313537872572,0.189796460596891,0.1005280191648701,0.0826282971069142,0.0872974197724193,0.052770675970143,0.4434514559846514,0.3975202903040055,0.1310153252109963,0.2569970489385194,0.1794249330535188,0.1554012125006186,4.780036911934168,4.398460752031125,1.4213799269273912,2.630789178408365,1.8161055310192888,0.8952101635721266,4,81562.53596731785,59469.60306424589,73349.12848528821,144407.17449958433,256622.91581105292,294028.1629148757,197153.31274680703,331433.41001869866,0.38761667028435,0.7682607460199216,0.7682607460199216,0.0,0.0,0.0,0.0,0.0,0.0,0.0,0.0,0.0,0.0,0.0,0.0,0.0,0.0,0.0,0.0,0.0,0.0,0.0,0.0,0.0,0.0,0.0,0.0,0.0108759583529635,0.0097297062629586,0.0032299121187945,0.0060644988321282,0.0042252098227947,0.003251117893382,0.3985031625574837,0.3332444767516097,0.0510082945177921,0.2068022450921085,0.1097317746032187,0.0551524824653274,0.0,0.0,0.0,0.0,0.0,0.0,0.0,0.0,0.0,0.0,0.0,0.0,3612726.652032625,0.5110962708540676,3464162.025083528,0.49007867552291,3165653.687349569,0.4478483844077949,1796987.132592015,2869903.5172871407,0.2542216753996003,0.4060082941982801,1.8375,5,5,4,103663.3390625,104147.09375,334150.53125,487132.3625000001,383469.02343750006,589120.25,0.331508943487419,4,81562.53596731785,59469.60306424589,73349.12848528821,144407.17449958433,256622.91581105292,197153.31274680703,331433.41001869866,0.38761667028435,0.7682607460199216,0.7682607460199216,0.4434514559846514,0.0,0.3975202903040055,0.0,0.1310153252109963,0.0,0.2569970489385194,0.0,0.1794249330535188,0.0,0.1554012125006186,0.0,4.780036911934168,0.0,4.398460752031125,0.0,1.4213799269273912,0.0,2.630789178408365,0.0,1.8161055310192888,0.0,0.8952101635721266,0.0,0.787196772288969,0.787196772288969,0.19999999999999996,0.6883228245653134,0.6883228245653134,0.6883228245653134,0.6883228245653134,0.49206728308710634,0.49206728308710634,0.49206728308710634,0.49206728308710634
C10,60.0,100.0,1500.0,220.0,235.0,3.0,15.0,Tb,,,Harmonized_irBT,Harmonized_irBT,cold,220.0,235.0,K,1.0,K,,,,5,5,4,319051.0625,103663.3390625,104147.09375,334150.53125,487132.3625000001,538126.3062499999,383469.02343750006,589120.25,0.331508943487419,0.787196772288969,0.787196772288969,0.0233157406499813,0.0220646819658555,0.0125417357561772,0.0145159504009919,0.0127279305725876,0.0109500940505582,0.2046313537872572,0.189796460596891,0.1005280191648701,0.0826282971069142,0.0872974197724193,0.052770675970143,0.4434514559846514,0.3975202903040055,0.1310153252109963,0.2569970489385194,0.1794249330535188,0.1554012125006186,4.780036911934168,4.398460752031125,1.4213799269273912,2.630789178408365,1.8161055310192888,0.8952101635721266,4,82005.97128428407,59735.664254425625,74014.28146073752,144742.21451684769,257561.0278593904,295167.2989735711,197825.36360496475,332773.5700877521,0.3874707259953162,0.7680718051527696,0.7680718051527696,0.0,0.0,0.0,0.0,0.0,0.0,0.0,0.0,0.0,0.0,0.0,0.0,0.0,0.0,0.0,0.0,0.0,0.0,0.0,0.0,0.0,0.0,0.0,0.0,0.0108759583529635,0.0097297062629586,0.0032299121187945,0.0060644988321282,0.0042252098227947,0.003251117893382,0.3985031625574837,0.3332444767516097,0.0510082945177921,0.2068022450921085,0.1097317746032187,0.0551524824653274,0.0,0.0,0.0,0.0,0.0,0.0,0.0,0.0,0.0,0.0,0.0,0.0,3612726.652032625,0.5110962708540676,3464162.025083528,0.49007867552291,3165653.687349569,0.4478483844077949,1796987.132592015,2869903.5172871407,0.2542216753996003,0.4060082941982801,1.8375,5,5,4,103663.3390625,104147.09375,334150.53125,487132.3625000001,383469.02343750006,589120.25,0.331508943487419,4,82005.97128428407,59735.664254425625,74014.28146073752,144742.21451684769,257561.0278593904,197825.36360496475,332773.5700877521,0.3874707259953162,0.7680718051527696,0.7680718051527696,0.4434514559846514,0.0,0.3975202903040055,0.0,0.1310153252109963,0.0,0.2569970489385194,0.0,0.1794249330535188,0.0,0.1554012125006186,0.0,4.780036911934168,0.0,4.398460752031125,0.0,1.4213799269273912,0.0,2.630789178408365,0.0,1.8161055310192888,0.0,0.8952101635721266,0.0,0.787196772288969,0.787196772288969,0.19999999999999996,0.6883228245653134,0.6883228245653134,0.6883228245653134,0.6883228245653134,0.4886475814412635,0.4886475814412635,0.4886475814412635,0.4886475814412635
C10,70.0,100.0,1500.0,220.0,235.0,3.0,15.0,Tb,,,Harmonized_irBT,Harmonized_irBT,cold,220.0,235.0,K,1.0,K,,,,5,5,4,319051.0625,103663.3390625,104147.09375,334150.53125,487132.3625000001,538126.3062499999,383469.02343750006,589120.25,0.331508943487419,0.787196772288969,0.787196772288969,0.0233157406499813,0.0220646819658555,0.0125417357561772,0.0145159504009919,0.0127279305725876,0.0109500940505582,0.2046313537872572,0.189796460596891,0.1005280191648701,0.0826282971069142,0.0872974197724193,0.052770675970143,0.4434514559846514,0.3975202903040055,0.1310153252109963,0.2569970489385194,0.1794249330535188,0.1554012125006186,4.780036911934168,4.398460752031125,1.4213799269273912,2.630789178408365,1.8161055310192888,0.8952101635721266,4,82508.5313101791,59859.82614317616,74324.68618261386,145121.5980658077,257559.05703575944,295038.21002574323,197699.2308925833,332517.3630157272,0.3866711042348793,0.767587958924445,0.767587958924445,0.0,0.0,0.0,0.0,0.0,0.0,0.0,0.0,0.0,0.0,0.0,0.0,0.0,0.0,0.0,0.0,0.0,0.0,0.0,0.0,0.0,0.0,0.0,0.0,0.0108759583529635,0.0097297062629586,0.0032299121187945,0.0060644988321282,0.0042252098227947,0.003251117893382,0.3985031625574837,0.3332444767516097,0.0510082945177921,0.2068022450921085,0.1097317746032187,0.0551524824653274,0.0,0.0,0.0,0.0,0.0,0.0,0.0,0.0,0.0,0.0,0.0,0.0,3612726.652032625,0.5110962708540676,3464162.025083528,0.49007867552291,3165653.687349569,0.4478483844077949,1796987.132592015,2869903.5172871407,0.2542216753996003,0.4060082941982801,1.8375,5,5,4,103663.3390625,104147.09375,334150.53125,487132.3625000001,383469.02343750006,589120.25,0.331508943487419,4,82508.5313101791,59859.82614317616,74324.68618261386,145121.5980658077,257559.05703575944,197699.2308925833,332517.3630157272,0.3866711042348793,0.767587958924445,0.767587958924445,0.4434514559846514,0.0,0.3975202903040055,0.0,0.1310153252109963,0.0,0.2569970489385194,0.0,0.1794249330535188,0.0,0.1554012125006186,0.0,4.780036911934168,0.0,4.398460752031125,0.0,1.4213799269273912,0.0,2.630789178408365,0.0,1.8161055310192888,0.0,0.8952101635721266,0.0,0.787196772288969,0.787196772288969,0.19999999999999996,0.6883228245653134,0.6883228245653134,0.6883228245653134,0.6883228245653134,0.48784545392815926,0.48784545392815926,0.48784545392815926,0.48784545392815926
C11,0.0,100.0,1500.0,220.0,235.0,3.0,15.0,Tb,,,Harmonized_irBT,Harmonized_irBT,cold,220.0,235.0,K,1.0,K,,,,9,9,7,286408.78125,89947.82177734375,160059.609375,377174.0,915994.475,1231234.7999999998,826046.6532226563,1546475.125,0.4966552905182841,0.9018030957257207,0.9018030957257207,0.0985702008057177,0.0852830951350173,0.0418436192677671,0.0004908320097306,0.040181413792135,0.031362542113632,1.0772772562999486,1.0550712464405247,0.7116916826118969,0.0052744475464061,0.5314866063924959,0.5979456692536426,0.6370025158561077,0.5848668132965701,0.4008074497635289,0.0674007334113451,0.3485306659720402,0.3636216836883403,16.82297409016515,15.246407181892344,11.034311707399567,0.1234228974787418,6.76665937717775,6.7289997840082165,7,146570.28993878674,56393.19989657716,101477.80326674908,280478.0262557272,675271.8128665627,876952.2953232767,618878.6129699856,1078632.7777799915,0.5321581982121435,0.9164881477027966,0.9164881477027966,0.0021896654193446,0.0016673005504994,0.0004431328021259,0.0001652239300564,0.0003768735156007,0.0,0.0025838759102754,0.0019674779181783,0.0005229319593967,0.0001949698027505,0.0004447274066991,0.0,0.4073478879813796,0.290901482726688,0.0396110862531292,0.0302679007079315,0.0609344416829221,0.0,6.320505126256853,4.497666476634105,0.5789915886658379,0.4692536712039141,0.9378402029196994,0.0,0.0693362281851598,0.0583031826890452,0.0189355626534421,0.0002678042882479,0.0211106518286525,0.0146416456941478,0.479581631618763,0.423413910538182,0.2701513403435535,0.0509770010216551,0.2361870967353603,0.2181195264035892,9.67275658635628e-05,7.202760876698691e-05,1.5964416371303296e-05,7.259152398362203e-06,1.5874563057886595e-05,0.0,0.2366085280874854,0.1676200389485669,0.0200068692341797,0.017548276896657,0.0347507751017014,0.0,4361377.632457133,0.6170087190186492,3916779.1154840114,0.5541108953141174,4145317.0219845735,0.5864423953171732,4292388.887004577,4361377.632457133,0.6072488080351088,0.6170087190186492,2.2416666666666663,9,9,7,89947.82177734375,160059.609375,377174.0,915994.475,826046.6532226563,1546475.125,0.4966552905182841,7,146570.28993878674,56393.19989657716,101477.80326674908,280478.0262557272,675271.8128665627,618878.6129699856,1078632.7777799915,0.5321581982121435,0.9164881477027966,0.9164881477027966,0.6370025158561077,0.4073478879813796,0.5848668132965701,0.290901482726688,0.4008074497635289,0.0396110862531292,0.0674007334113451,0.0302679007079315,0.3485306659720402,0.0609344416829221,0.3636216836883403,0.0,16.82297409016515,6.320505126256853,15.246407181892344,4.497666476634105,11.034311707399567,0.5789915886658379,0.1234228974787418,0.4692536712039141,6.76665937717775,0.9378402029196994,6.7289997840082165,0.0,0.9018030957257207,0.9018030957257207,0.2222222222222222,0.5756345628940489,0.5756345628940489,0.5756345628940489,0.5756345628940489,0.6381969574535362,0.6381969574535362,0.6381969574535362,0.6381969574535362
C11,10.0,100.0,1500.0,220.0,235.0,3.0,15.0,Tb,,,Harmonized_irBT,Harmonized_irBT,cold,220.0,235.0,K,1.0,K,,,,10,10,9,299741.40625,45019.32065429688,149720.51171875,485992.25,836068.9062499998,1185694.578124999,791049.5855957029,1535320.25,0.5037912426258304,0.946153576197181,0.946153576197181,0.1084701159767847,0.1040151541498045,0.0427670006489438,0.0005204728745613,0.0495607239587828,0.0451604597559994,1.0741654720483944,1.0505840138697418,0.6970302384791309,0.0031121793644289,0.5440320610874787,0.4919171003756634,0.6370025158561077,0.5783498504766278,0.4017554300984716,0.0024142223591376,0.3458790431755502,0.3487248242937565,16.86677752723047,14.793460500175163,10.294600394822902,0.0318828471869982,6.601325515988502,5.337563855412968,9,134094.96473625183,45738.917425028405,61075.88120482722,188706.53841117155,525512.7273230837,788838.6595444249,479773.8098980553,1052164.5917657667,0.5431987782062845,0.9129632546522356,0.9129632546522356,0.0,0.0,0.0,0.0,0.0,0.0,0.0,0.0,0.0,0.0,0.0,0.0,0.4263055792980197,0.2637459300101682,0.0393881051393225,0.0185958227616305,0.0497323673513767,0.0,6.40502698657936,3.943029101723849,0.5601756562991167,0.2777298982189,0.7398387985374548,0.0,0.0693362281851598,0.0567966385323355,0.0199166792611062,0.0001634258436239,0.0230509740853325,0.0187426435751526,0.4819512288251248,0.4173584520778212,0.274320469798053,0.0015368891621418,0.2482919047113399,0.2375306514770866,0.0,0.0,0.0,0.0,0.0,0.0,0.2444225287956946,0.1496202269945712,0.0200390893784882,0.0106090416480782,0.0280228456262142,0.0,4286170.932657961,0.60636914743939,3819840.615972826,0.5403969029824582,3905207.906464201,0.5524739041025153,4096459.2732589096,4286170.932657961,0.5795304377900344,0.60636914743939,2.229166666666666,10,10,9,45019.32065429688,149720.51171875,485992.25,836068.9062499998,791049.5855957029,1535320.25,0.5037912426258304,9,134094.96473625183,45738.917425028405,61075.88120482722,188706.53841117155,525512.7273230837,479773.8098980553,1052164.5917657667,0.5431987782062845,0.9129632546522356,0.9129632546522356,0.6370025158561077,0.4263055792980197,0.5783498504766278,0.2637459300101682,0.4017554300984716,0.0393881051393225,0.0024142223591376,0.0185958227616305,0.3458790431755502,0.0497323673513767,0.3487248242937565,0.0,16.86677752723047,6.40502698657936,14.793460500175163,3.943029101723849,10.294600394822902,0.5601756562991167,0.0318828471869982,0.2777298982189,6.601325515988502,0.7398387985374548,5.337563855412968,0.0,0.946153576197181,0.946153576197181,0.09999999999999998,0.6919281907916227,0.6919281907916227,0.6919281907916227,0.6919281907916227,0.6763446475195822,0.6763446475195822,0.6763446475195822,0.6763446475195822
C11,20.0,100.0,1500.0,220.0,235.0,3.0,15.0,Tb,,,Harmonized_irBT,Harmonized_irBT,cold,220.0,235.0,K,1.0,K,,,,11,11,10,284485.0625,49937.546875,130111.484375,443987.296875,758374.3125,1147834.09375,708436.765625,1537293.875,0.5114725888705863,0.934151848167985,0.934151848167985,0.1084701159767847,0.1045947702186081,0.042423947181992,0.0005741360723879,0.0484766216277031,0.0323059597738364,1.7133432904967298,1.3675527610740592,0.6842378687824664,0.0039849940518497,0.5473728566710897,0.3702066558548392,0.7580065871634174,0.7170035176585692,0.406223953582963,0.0030322702360938,0.3724287063893488,0.3575825469750023,17.322375476165274,15.479572005956868,10.13211640578376,0.0393561952615194,6.45243135232545,4.420752546068372,10,124122.58787608966,44197.73191027607,53468.494904387306,178714.45329634505,456539.7484742503,753544.1316787694,412342.0165639742,1050548.5148832898,0.5584620002295257,0.9031897396492107,0.9031897396492107,0.0,0.0,0.0,0.0,0.0,0.0,0.0,0.0,0.0,0.0,0.0,0.0,0.5214080580414985,0.4978680890298217,0.0494845562254346,0.1505523449728256,0.1019139042017651,0.0,7.040879216112003,4.762231383931575,0.6440107474832752,0.7745366037966717,0.936781582059927,0.0,0.0693362281851598,0.0670110301960896,0.0194480613546809,0.0001994880426384,0.0231867213536253,0.0158028463782224,0.5148447052275487,0.508851443614723,0.2701842439742247,0.0018831566983956,0.2482729936014944,0.2098362052998478,0.0,0.0,0.0,0.0,0.0,0.0,0.2777402141845033,0.2225664015586184,0.0240704680261941,0.0501221180421679,0.0443457218393418,0.0,4318847.218891457,0.610991896306898,3784364.279457893,0.5353780280321089,3923621.8215034734,0.5550789401915592,4100006.759098493,4318847.218891457,0.5800323043739617,0.610991896306898,2.03125,11,11,10,49937.546875,130111.484375,443987.296875,758374.3125,708436.765625,1537293.875,0.5114725888705863,10,124122.58787608966,44197.73191027607,53468.494904387306,178714.45329634505,456539.7484742503,412342.0165639742,1050548.5148832898,0.5584620002295257,0.9031897396492107,0.9031897396492107,0.7580065871634174,0.5214080580414985,0.7170035176585692,0.4978680890298217,0.406223953582963,0.0494845562254346,0.0030322702360938,0.1505523449728256,0.3724287063893488,0.1019139042017651,0.3575825469750023,0.0,17.322375476165274,7.040879216112003,15.479572005956868,4.762231383931575,10.13211640578376,0.6440107474832752,0.0393561952615194,0.7745366037966717,6.45243135232545,0.936781582059927,4.420752546068372,0.0,0.934151848167985,0.934151848167985,0.09090909090909094,0.7069477318590232,0.7069477318590232,0.7069477318590232,0.7069477318590232,0.700816056462285,0.700816056462285,0.700816056462285,0.700816056462285
C11,30.0,100.0,1500.0,220.0,235.0,3.0,15.0,Tb,,,Harmonized_irBT,Harmonized_irBT,cold,220.0,235.0,K,1.0,K,,,,14,14,13,256867.1171875,68176.26250000001,128834.4921875,295874.3515625,631497.9062500001,975393.1687499996,563321.64375,1537293.875,0.4964969180662971,0.8920403981941152,0.8920403981941152,0.1794550630872306,0.1487581861300856,0.0495039314685727,0.0006797821913508,0.0600667451263341,0.0386801648133863,2.34942330128101,2.173118296963974,0.916170363391929,0.0089397458702083,0.8723905759110212,0.8018470591011281,0.8400347316029008,0.7867164377172365,0.3543430033099787,0.0043415978011818,0.3806557223071072,0.3257424601648065,13.876800976979396,13.139204348795738,9.100219107149195,0.0586748469016179,6.076581392292575,4.093547516341639,13,76605.9858803367,42195.37323637789,45979.3581319335,149073.23828115946,349320.9306237758,655776.4073525844,307125.5573873979,1055317.912512063,0.5834621078474097,0.8792074292226624,0.8792074292226624,0.0,0.0,0.0,0.0,0.0,0.0,0.0,0.0,0.0,0.0,0.0,0.0,0.460113109130635,0.1974739033500276,0.0105660835278204,0.0744208792226171,0.03875615457823,0.0,2.347220295269949,0.966468483501862,0.0478127979291207,0.37154267623795,0.1895009617829011,0.0,0.1157569422620529,0.0996381625412863,0.0296575374014676,0.0004626575870949,0.0404133356741285,0.0202642580184977,0.6420267545493894,0.5929969709856424,0.2674856818660458,0.0030206033441435,0.2722114333150714,0.240615423817928,0.0,0.0,0.0,0.0,0.0,0.0,0.1897718052520833,0.0780059617143693,0.002637878191432,0.029993067439653,0.0151168022492157,0.0,4318847.218891457,0.610991896306898,3406640.304918222,0.481941016767837,3908851.470045276,0.5529893629064243,2116292.094112795,2580352.512566965,0.2993940869371999,0.3650452064841106,1.8072916666666663,14,14,13,68176.26250000001,128834.4921875,295874.3515625,631497.9062500001,563321.64375,1537293.875,0.4964969180662971,13,76605.9858803367,42195.37323637789,45979.3581319335,149073.23828115946,349320.9306237758,307125.5573873979,1055317.912512063,0.5834621078474097,0.8792074292226624,0.8792074292226624,0.8400347316029008,0.460113109130635,0.7867164377172365,0.1974739033500276,0.3543430033099787,0.0105660835278204,0.0043415978011818,0.0744208792226171,0.3806557223071072,0.03875615457823,0.3257424601648065,0.0,13.876800976979396,2.347220295269949,13.139204348795738,0.966468483501862,9.100219107149195,0.0478127979291207,0.0586748469016179,0.37154267623795,6.076581392292575,0.1895009617829011,4.093547516341639,0.0,0.8920403981941152,0.8920403981941152,0.0714285714285714,0.5645634996506779,0.5645634996506779,0.5645634996506779,0.5645634996506779,0.691565309360127,0.691565309360127,0.691565309360127,0.691565309360127
C11,40.0,100.0,1500.0,220.0,235.0,3.0,15.0,Tb,,,Harmonized_irBT,Harmonized_irBT,cold,220.0,235.0,K,1.0,K,,,,15,15,14,252494.765625,74797.78125,129648.859375,313604.546875,641655.9624999999,924826.9562499992,566858.1812499999,1419733.125,0.4747524069648373,0.8834300846226454,0.8834300846226454,0.1977627194327897,0.1858641983269819,0.0534020316760694,0.0005255341129926,0.068564212903791,0.0388289391033706,2.7454206639000693,2.3128017475307896,0.8950346368300583,0.0048520707192462,0.8391580335335181,0.5842804855153385,0.862040218420232,0.7330403155176741,0.3666748095186255,0.0023872396550723,0.3822817167136159,0.3228661421857949,13.106183355522903,12.50577130305092,8.45198749679311,0.0325982578874066,6.054862591210148,4.432876861687624,14,85001.70236735069,42778.73757444272,50556.60027772928,146338.71794648058,343950.4312277399,609335.8760615059,301171.6936532972,979401.7155449789,0.5588835694670587,0.8756252829172422,0.8756252829172422,0.0,0.0,0.0,0.0,0.0,0.0,0.0,0.0,0.0,0.0,0.0,0.0,0.4574344378369981,0.1695612511363532,0.0105650054075716,0.0717419092611603,0.0350296121746762,0.0,2.2855734331502107,0.828691185805209,0.0467822483882217,0.3520892855681404,0.1688227649551787,0.0,0.1087412959454147,0.106337714878584,0.0298197119414941,0.0002438481457253,0.0378807222483053,0.0202772953005909,0.6351220492334242,0.5516908978516754,0.2617336179815234,0.0016150122502837,0.2615279265347458,0.2048344850917282,0.0,0.0,0.0,0.0,0.0,0.0,0.1840054329251865,0.0654265900520407,0.002529430878551,0.0283235011670632,0.0134169525408134,0.0,3444766.4162727743,0.48733475817490285,3115254.252412144,0.4407183228972797,2969897.990960684,0.4201546184356284,2384422.898821305,2384422.898821305,0.3373268362390373,0.3373268362390373,1.7645833333333325,15,15,14,74797.78125,129648.859375,313604.546875,641655.9624999999,566858.1812499999,1419733.125,0.4747524069648373,14,85001.70236735069,42778.73757444272,50556.60027772928,146338.71794648058,343950.4312277399,301171.6936532972,979401.7155449789,0.5588835694670587,0.8756252829172422,0.8756252829172422,0.862040218420232,0.4574344378369981,0.7330403155176741,0.1695612511363532,0.3666748095186255,0.0105650054075716,0.0023872396550723,0.0717419092611603,0.3822817167136159,0.0350296121746762,0.3228661421857949,0.0,13.106183355522903,2.2855734331502107,12.50577130305092,0.828691185805209,8.45198749679311,0.0467822483882217,0.0325982578874066,0.3520892855681404,6.054862591210148,0.1688227649551787,4.432876861687624,0.0,0.8834300846226454,0.8834300846226454,0.06666666666666665,0.5865848863898109,0.5865848863898109,0.5865848863898109,0.5865848863898109,0.6545234167199757,0.6545234167199757,0.6545234167199757,0.6545234167199757
C11,50.0,100.0,1500.0,220.0,235.0,3.0,15.0,Tb,,,Harmonized_irBT,Harmonized_irBT,cold,220.0,235.0,K,1.0,K,,,,13,13,12,266682.25,62096.69062500001,125333.984375,323540.6875,664017.3375000001,988470.9874999988,601920.6468750001,1426790.0,0.4826033993951146,0.9064833293980069,0.9064833293980069,0.4,0.2783710300587863,0.051900700968863,0.3998502487311851,0.0957713008582881,0.065177398563624,2.2059410098380785,2.0366195719562628,0.8353536330148225,0.5000960279211617,0.7672575166634067,0.6049252069153656,0.9999999999988638,0.8690311141250158,0.319063799638101,0.9996903190675506,0.4031092469360172,0.3110283818191208,17.245924655688007,13.889652243792968,8.422085838135027,1.601623160911112,5.924769834511708,3.2925494417678327,12,109016.21067586375,45092.48667203765,47427.91484976339,160597.64019613934,393025.95616744296,671107.4586559845,347933.4694954053,983481.3242604996,0.5565598708777613,0.8852684257504188,0.8852684257504188,0.0,0.0,0.0,0.0,0.0,0.0,0.0,0.0,0.0,0.0,0.0,0.0,0.6059750866128576,0.5014930505126328,0.0328615843088895,0.105679670034376,0.086421480874339,0.0,3.431760815179906,2.604599708487525,0.16205633232289,0.5784776812540058,0.4527058691601649,0.0,0.3125,0.1894692481819591,0.0258165054072031,0.3123658164356959,0.0547062847388371,0.0206814497690836,1.0000000000006108,0.7605435108759804,0.243910948336196,0.9996310210936415,0.3058003662815024,0.2048344850917282,0.0,0.0,0.0,0.0,0.0,0.0,0.215975023184908,0.1577985559758676,0.008390863648435,0.0358795568891045,0.0273664315999196,0.0,3447880.3205097467,0.48777528550968413,3163572.9803727367,0.4475540245851384,2969897.990960684,0.4201546184356284,2033064.134665236,2140828.8711699173,0.2876197392487281,0.3028653308093642,2.125,13,13,12,62096.69062500001,125333.984375,323540.6875,664017.3375000001,601920.6468750001,1426790.0,0.4826033993951146,12,109016.21067586375,45092.48667203765,47427.91484976339,160597.64019613934,393025.95616744296,347933.4694954053,983481.3242604996,0.5565598708777613,0.8852684257504188,0.8852684257504188,0.9999999999988638,0.6059750866128576,0.8690311141250158,0.5014930505126328,0.319063799638101,0.0328615843088895,0.9996903190675506,0.105679670034376,0.4031092469360172,0.086421480874339,0.3110283818191208,0.0,17.245924655688007,3.431760815179906,13.889652243792968,2.604599708487525,8.422085838135027,0.16205633232289,1.601623160911112,0.5784776812540058,5.924769834511708,0.4527058691601649,3.2925494417678327,0.0,0.9064833293980069,0.9064833293980069,0.07692307692307687,0.6126175494542707,0.6126175494542707,0.6126175494542707,0.6126175494542707,0.7046786316919773,0.7046786316919773,0.7046786316919773,0.7046786316919773
C11,60.0,100.0,1500.0,220.0,235.0,3.0,15.0,Tb,,,Harmonized_irBT,Harmonized_irBT,cold,220.0,235.0,K,1.0,K,,,,13,13,12,266682.25,62096.69062500001,126280.5546875,323343.03125,664017.3375000001,988534.2374999988,601920.6468750001,1426948.125,0.4805719402417855,0.9064833293980069,0.9064833293980069,0.4,0.2835317463485395,0.0526508607105499,0.3998509321646823,0.0965198924057198,0.0676151416380362,2.2030808920896914,2.058936327402626,0.8277663927572217,0.5000935020613031,0.7623906047451587,0.6049252069153656,0.9999999999988638,0.869317283200138,0.3176838225811867,0.9996895377226352,0.4000798109642564,0.3118332009105802,17.136156663729007,13.765521304308912,8.315567376752892,1.6015908199898274,5.841333918364815,3.2925494417678327,12,109577.8959337978,45198.91124722516,58705.96358143888,161366.26212804907,396200.9559938701,674620.4550499052,351002.0447466449,987048.5183547472,0.5505586017153079,0.8859192271915557,0.8859192271915557,0.0,0.0,0.0,0.0,0.0,0.0,0.0,0.0,0.0,0.0,0.0,0.0,0.5812057681049894,0.486335210966371,0.0317692452060908,0.1020659473206029,0.0837335771249313,0.0,3.379576525971672,2.566293937751618,0.1571893710395804,0.570515440700806,0.4458990655708392,0.0,0.3125,0.1895137908024739,0.0256761026723405,0.3123659688774231,0.0546245469354072,0.0206555238455813,1.0000000000006108,0.7588987594879776,0.2407341470644743,0.9996304740472914,0.302663465231321,0.1882888369081632,0.0,0.0,0.0,0.0,0.0,0.0,0.2101562256981569,0.1560534749786435,0.0082462905823218,0.0351607356388591,0.027008035580277,0.0,3466613.01656821,0.4904254198875886,3171066.0587961217,0.4486140783363001,2969897.990960684,0.4201546184356284,2033064.134665236,2140828.8711699173,0.2876197392487281,0.3028653308093642,2.108333333333333,13,13,12,62096.69062500001,126280.5546875,323343.03125,664017.3375000001,601920.6468750001,1426948.125,0.4805719402417855,12,109577.8959337978,45198.91124722516,58705.96358143888,161366.26212804907,396200.9559938701,351002.0447466449,987048.5183547472,0.5505586017153079,0.8859192271915557,0.8859192271915557,0.9999999999988638,0.5812057681049894,0.869317283200138,0.486335210966371,0.3176838225811867,0.0317692452060908,0.9996895377226352,0.1020659473206029,0.4000798109642564,0.0837335771249313,0.3118332009105802,0.0,17.136156663729007,3.379576525971672,13.765521304308912,2.566293937751618,8.315567376752892,0.1571893710395804,1.6015908199898274,0.570515440700806,5.841333918364815,0.4458990655708392,3.2925494417678327,0.0,0.9064833293980069,0.9064833293980069,0.07692307692307687,0.6094532973253928,0.6094532973253928,0.6094532973253928,0.6094532973253928,0.6361943146774144,0.6361943146774144,0.6361943146774144,0.6361943146774144
C11,70.0,100.0,1500.0,220.0,235.0,3.0,15.0,Tb,,,Harmonized_irBT,Harmonized_irBT,cold,220.0,235.0,K,1.0,K,,,,13,13,10,195125.015625,12070.243750000009,49937.546875,322908.1875,625468.9500000003,1071745.1874999986,613398.7062500003,1632166.375,0.5923956746046266,0.9807020896081252,0.9807020896081252,0.4,0.2786017714135815,0.0516142356216116,0.3963460750757552,0.0928378257248517,0.0698776256079582,2.1295321078176768,2.0120703505519857,0.833416908299677,0.4956964872701824,0.7320704069127278,0.634968832593491,0.9999999999988638,0.8699480860001387,0.3314903920145054,0.9929972632548866,0.4128118792214608,0.3129628445793531,17.178150155017722,14.156120797880067,9.75560814749995,1.5926545437767754,6.011375753551248,3.391953351000205,10,109095.04369452115,43271.44394105152,53867.58706134043,146210.61429116232,496200.6401607925,807341.7544360515,452929.1962197409,1118482.8687113116,0.5903898985629753,0.9127944616777811,0.9127944616777811,0.0,0.0,0.0,0.0,0.0,0.0,0.0,0.0,0.0,0.0,0.0,0.0,0.5464473125847205,0.484791152560329,0.030530810721481,0.1144373931256737,0.096885215407373,0.0,3.5646974734097165,2.8447880558967342,0.16080234626697,0.7056100673206944,0.5595077299575159,0.0,0.3125,0.1864784103885288,0.0247889566152413,0.309628419919962,0.0523620319723445,0.0194634527027843,1.0000000000006108,0.7600568077467575,0.2659927042465125,0.9920239365948336,0.3076581204064215,0.2102763886997038,0.0,0.0,0.0,0.0,0.0,0.0,0.2202638269434328,0.1735688189479141,0.0085138545640911,0.0433087704313955,0.0338835355120233,0.0,4554508.67404045,0.6443311722919569,3606224.321785017,0.5101763792980473,4123098.9210887146,0.5832991770205596,2061345.4801085813,2140828.8711699173,0.291620731181704,0.3028653308093642,2.4166666666666665,13,13,10,12070.243750000009,49937.546875,322908.1875,625468.9500000003,613398.7062500003,1632166.375,0.5923956746046266,10,109095.04369452115,43271.44394105152,53867.58706134043,146210.61429116232,496200.6401607925,452929.1962197409,1118482.8687113116,0.5903898985629753,0.9127944616777811,0.9127944616777811,0.9999999999988638,0.5464473125847205,0.8699480860001387,0.484791152560329,0.3314903920145054,0.030530810721481,0.9929972632548866,0.1144373931256737,0.4128118792214608,0.096885215407373,0.3129628445793531,0.0,17.178150155017722,3.5646974734097165,14.156120797880067,2.8447880558967342,9.75560814749995,0.16080234626697,1.5926545437767754,0.7056100673206944,6.011375753551248,0.5595077299575159,3.391953351000205,0.0,0.9807020896081252,0.9807020896081252,0.23076923076923073,0.8453506327553246,0.8453506327553246,0.8453506327553246,0.8453506327553246,0.6315754001684921,0.6315754001684921,0.6315754001684921,0.6315754001684921
C12,0.0,100.0,1500.0,220.0,235.0,3.0,15.0,Tb,,,Harmonized_irBT,Harmonized_irBT,cold,220.0,235.0,K,1.0,K,,,,9,9,6,120534.3828125,585.2278915405274,3913.37109375,234950.3125,426618.6000000001,702844.0499999998,426033.3721084596,979069.5,0.6218098393503143,0.9986282175893397,0.9986282175893397,0.2,0.1331343441858306,0.0137230159813165,0.1923076708709514,0.0330288753756151,0.0113998184252235,0.3063965551663705,0.2902671538515028,0.1692901597923989,0.1923234216285785,0.1387700490684153,0.16677786928137,0.635452265172871,0.593918642143386,0.3380026162900135,0.1185537386628753,0.2833622899224904,0.2415224086959684,12.576640119840183,10.675598086223664,6.098340222925961,0.1212118704950444,3.94133140745821,2.4567436028579364,6,88224.00200497228,50857.151161360656,53897.149443336966,173339.026836643,404689.3012778065,510768.9820086818,353832.15011644585,616848.6627395571,0.5075084870670388,0.8743303788838025,0.8743303788838025,0.0,0.0,0.0,0.0,0.0,0.0,0.0,0.0,0.0,0.0,0.0,0.0,0.1822800232148469,0.1391812077806358,0.0133435097568789,0.0370324803561525,0.0320274641154749,0.0,1.3086691168756794,0.9953578579824236,0.0854262943034598,0.2656979828440949,0.2273488663630559,0.0,0.2,0.1228475450036242,0.0043369248713515,0.1923065310633112,0.0254704258512954,0.0040335611483198,0.2857928359860887,0.2725989384663652,0.1560388834262175,0.1175984336070638,0.1447813754111934,0.168662157788568,0.0,0.0,0.0,0.0,0.0,0.0,0.0572444177307815,0.0433473849301923,0.0032241629975729,0.0116136565795249,0.009816784043201,0.0,3890251.804705799,0.5503580485254175,3173974.997184583,0.4490256089351209,3514226.1890118206,0.4971613058881996,3890251.804705799,3890251.804705799,0.5503580485254174,0.5503580485254174,1.9416666666666669,9,9,6,585.2278915405274,3913.37109375,234950.3125,426618.6000000001,426033.3721084596,979069.5,0.6218098393503143,6,88224.00200497228,50857.151161360656,53897.149443336966,173339.026836643,404689.3012778065,353832.15011644585,616848.6627395571,0.5075084870670388,0.8743303788838025,0.8743303788838025,0.635452265172871,0.1822800232148469,0.593918642143386,0.1391812077806358,0.3380026162900135,0.0133435097568789,0.1185537386628753,0.0370324803561525,0.2833622899224904,0.0320274641154749,0.2415224086959684,0.0,12.576640119840183,1.3086691168756794,10.675598086223664,0.9953578579824236,6.098340222925961,0.0854262943034598,0.1212118704950444,0.2656979828440949,3.94133140745821,0.2273488663630559,2.4567436028579364,0.0,0.9986282175893397,0.9986282175893397,0.33333333333333337,0.9833438353322046,0.9833438353322046,0.9833438353322046,0.9833438353322046,0.6890651203774765,0.6890651203774765,0.6890651203774765,0.6890651203774765
C12,10.0,100.0,1500.0,220.0,235.0,3.0,15.0,Tb,,,Harmonized_irBT,Harmonized_irBT,cold,220.0,235.0,K,1.0,K,,,,8,8,7,204104.6640625,63988.78316650391,100735.25,248339.203125,433391.8687499999,602425.5281249997,369403.085583496,771459.1875,0.4478748572248378,0.8523535216499054,0.8523535216499054,0.0569575798410268,0.0545224268966674,0.0234961375831608,0.04995554345114,0.0307584684132823,0.0307276606424679,0.3801825377538027,0.3692727001994409,0.2766892736780639,0.0504880087238676,0.2320864486594602,0.2994847793581609,0.7537702265372611,0.6862384218908936,0.3375326628130509,0.7528299063130851,0.3764465503401123,0.3289931792633788,9.282658453609637,9.2210089854392,6.386596334416403,0.7628119758400075,4.204389162881366,3.415920378150457,7,113933.42021461962,46791.33822410481,53015.20504710721,163548.95133212607,296498.8664723792,378481.2642251508,249707.52824827432,460463.66197792295,0.4342889188575701,0.8421871261067242,0.8421871261067242,0.0,0.0,0.0,0.0,0.0,0.0,0.0,0.0,0.0,0.0,0.0,0.0,0.0,0.0,0.0,0.0,0.0,0.0,0.0,0.0,0.0,0.0,0.0,0.0,0.0235632183908046,0.0223744293141651,0.0070975453901702,0.0235301983683402,0.010308429774838,0.0073435393466033,0.3552250492876748,0.3412875075999902,0.1550254003194512,0.354802246601934,0.1774212614257436,0.1734094148008417,0.0,0.0,0.0,0.0,0.0,0.0,0.0,0.0,0.0,0.0,0.0,0.0,2694985.575822171,0.38126246751418347,2522341.7576688104,0.3568383634667474,2489899.0142530864,0.3522486541493478,2614960.2077575587,2694985.575822171,0.3699411938250889,0.3812624675141834,1.9489583333333331,8,8,7,63988.78316650391,100735.25,248339.203125,433391.8687499999,369403.085583496,771459.1875,0.4478748572248378,7,113933.42021461962,46791.33822410481,53015.20504710721,163548.95133212607,296498.8664723792,249707.52824827432,460463.66197792295,0.4342889188575701,0.8421871261067242,0.8421871261067242,0.7537702265372611,0.0,0.6862384218908936,0.0,0.3375326628130509,0.0,0.7528299063130851,0.0,0.3764465503401123,0.0,0.3289931792633788,0.0,9.282658453609637,0.0,9.2210089854392,0.0,6.386596334416403,0.0,0.7628119758400075,0.0,4.204389162881366,0.0,3.415920378150457,0.0,0.8523535216499054,0.8523535216499054,0.125,0.5943642858945009,0.5943642858945009,0.5943642858945009,0.5943642858945009,0.6758450322347411,0.6758450322347411,0.6758450322347411,0.6758450322347411
C12,20.0,100.0,1500.0,220.0,235.0,3.0,15.0,Tb,,,Harmonized_irBT,Harmonized_irBT,cold,220.0,235.0,K,1.0,K,,,,6,6,5,228790.5078125,53357.94854736328,135449.77734375,272269.45703125,552779.03125,686435.109375,499421.0827026367,820091.1875,0.4633450277411577,0.9034732767871009,0.9034732767871009,0.0669684819784267,0.066727265642952,0.0328260606226283,8.663837411258753e-05,0.0323917293749536,0.0258472394942024,0.8593345537927792,0.751187546996567,0.3723659191156375,0.0008909415687784,0.3396447594055167,0.3311534963738605,0.6766512592686307,0.6362342396549943,0.4090661311514181,0.0008524649346319,0.3681214987386942,0.3872872314098438,11.234912999741285,10.83871707646751,7.979592881876208,0.0129448591468288,5.795580748491329,5.69696657756142,5,138568.73854505978,80910.2686990312,113854.5871959622,187011.6285100373,362931.4512949772,421571.39222329046,282021.182595946,480211.3331516038,0.3742860595319611,0.7770645988096789,0.7770645988096789,0.0,0.0,0.0,0.0,0.0,0.0,0.0,0.0,0.0,0.0,0.0,0.0,0.0,0.0,0.0,0.0,0.0,0.0,0.0,0.0,0.0,0.0,0.0,0.0,0.0259140451566931,0.0249444125741799,0.0088835383389362,3.141986030290421e-05,0.0109775493524041,0.0076953783878436,0.3387994134785141,0.3269392131472288,0.1805583562764309,0.000447740460993,0.176501830703064,0.1792311854705627,0.0,0.0,0.0,0.0,0.0,0.0,0.0,0.0,0.0,0.0,0.0,0.0,3435680.910872512,0.48604942209051183,3085903.7341532577,0.4365660739522036,3244655.2035937146,0.4590248126940264,2888195.450424146,3435680.910872512,0.4085960733782453,0.4860494220905118,1.9635416666666667,6,6,5,53357.94854736328,135449.77734375,272269.45703125,552779.03125,499421.0827026367,820091.1875,0.4633450277411577,5,138568.73854505978,80910.2686990312,113854.5871959622,187011.6285100373,362931.4512949772,282021.182595946,480211.3331516038,0.3742860595319611,0.7770645988096789,0.7770645988096789,0.6766512592686307,0.0,0.6362342396549943,0.0,0.4090661311514181,0.0,0.0008524649346319,0.0,0.3681214987386942,0.0,0.3872872314098438,0.0,11.234912999741285,0.0,10.83871707646751,0.0,7.979592881876208,0.0,0.0129448591468288,0.0,5.795580748491329,0.0,5.69696657756142,0.0,0.9034732767871009,0.9034732767871009,0.16666666666666663,0.5025157106468846,0.5025157106468846,0.5025157106468846,0.5025157106468846,0.3911897987143008,0.3911897987143008,0.3911897987143008,0.3911897987143008
C12,30.0,100.0,1500.0,220.0,235.0,3.0,15.0,Tb,,,Harmonized_irBT,Harmonized_irBT,cold,220.0,235.0,K,1.0,K,,,,7,7,4,120534.3828125,933.2172607421876,2498.751281738281,259072.0390625,583600.5000000002,807200.7187499995,582667.282739258,1030800.9375,0.6630934155871561,0.9984009313550242,0.9984009313550242,0.0619742422614366,0.0485123211735341,0.0182394921029392,2.415720248502923e-05,0.0149797955574266,0.009683798646362,0.6051943963083515,0.4909456415463977,0.2000107257244574,0.000246100989935,0.1582958386386559,0.0894804832846698,0.6115527233949815,0.5825818606207124,0.3556147912104669,0.0249134161996033,0.2893662344509014,0.3220050222458974,9.093042073871526,8.103884868520883,5.460884973642679,0.0547665552192535,3.386053819602981,2.4945090294376544,4,151517.06185953913,76134.95859385868,101029.44047313508,296160.8699048854,490536.4877702579,555328.3603920485,414401.5291763992,620120.2330138395,0.4464923187998876,0.8447924660203536,0.8447924660203536,0.0,0.0,0.0,0.0,0.0,0.0,0.0,0.0,0.0,0.0,0.0,0.0,0.0,0.0,0.0,0.0,0.0,0.0,0.0,0.0,0.0,0.0,0.0,0.0,0.0202366005683451,0.016200558330867,0.0050263860378283,8.010907848628855e-06,0.004808939884879,0.0025249793554043,0.3040547987928483,0.2641527891492045,0.1323214623654971,0.0130212641973001,0.1200590399514208,0.126257635452455,0.0,0.0,0.0,0.0,0.0,0.0,0.0,0.0,0.0,0.0,0.0,0.0,4063999.777826719,0.5749383585470994,3474667.7802495304,0.4915649358478723,3739647.2350372095,0.529051860334321,3970198.339751739,4063999.777826719,0.561668169623756,0.5749383585470994,1.95625,7,7,4,933.2172607421876,2498.751281738281,259072.0390625,583600.5000000002,582667.282739258,1030800.9375,0.6630934155871561,4,151517.06185953913,76134.95859385868,101029.44047313508,296160.8699048854,490536.4877702579,414401.5291763992,620120.2330138395,0.4464923187998876,0.8447924660203536,0.8447924660203536,0.6115527233949815,0.0,0.5825818606207124,0.0,0.3556147912104669,0.0,0.0249134161996033,0.0,0.2893662344509014,0.0,0.3220050222458974,0.0,9.093042073871526,0.0,8.103884868520883,0.0,5.460884973642679,0.0,0.0547665552192535,0.0,3.386053819602981,0.0,2.4945090294376544,0.0,0.9984009313550242,0.9984009313550242,0.4285714285714286,0.9903549943452776,0.9903549943452776,0.9903549943452776,0.9903549943452776,0.6588697200086508,0.6588697200086508,0.6588697200086508,0.6588697200086508
C12,40.0,100.0,1500.0,220.0,235.0,3.0,15.0,Tb,,,Harmonized_irBT,Harmonized_irBT,cold,220.0,235.0,K,1.0,K,,,,7,7,5,189481.078125,2630.7610351562503,62223.876953125,260208.59375,583600.5000000002,807200.7187499995,580969.738964844,1030800.9375,0.5769561222770353,0.9954921885173912,0.9954921885173912,0.0619742422614366,0.050693947298883,0.0186484602168855,5.804838638939135e-05,0.0171313001916837,0.0100032496274134,0.6051943963083515,0.5047785419331146,0.2168260466919818,0.0005786722987185,0.1779522811463236,0.0890576133381879,0.6115527233949815,0.5436431340124158,0.3058614833565417,0.0519121280478406,0.2840372055183248,0.3220050222458974,9.093042073871526,8.454917240226528,5.869799337114672,0.1170511991835239,3.941295173403622,3.846264122788343,5,115431.24756911038,47516.60199575296,60228.426254260085,188667.12190184285,450388.8021935062,537629.3622907272,402872.20019775326,624869.9223879484,0.5057558507273877,0.8944987047539033,0.8944987047539033,0.0,0.0,0.0,0.0,0.0,0.0,0.0,0.0,0.0,0.0,0.0,0.0,0.6467062089854758,0.5188699507456532,0.0159929302398532,0.3196477254646052,0.1308462253543678,0.0,1.0623113344133095,0.8522886421327112,0.0261559415058,0.5250671418332086,0.2149018414847255,0.0,0.0202366005683451,0.016293799240997,0.0056529754506162,2.0017897653680867e-05,0.0056018701221707,0.004299289323764,0.3736715714410782,0.3527865396466091,0.1557653244972423,0.0272912399743004,0.1645567828736482,0.1616030573072535,0.0,0.0,0.0,0.0,0.0,0.0,0.0896688718510702,0.0718123906729181,0.0017545134456753,0.0443130551495696,0.018011067562276,0.0,4063999.777826719,0.5749383585470994,3474667.7802495304,0.4915649358478723,3739647.2350372095,0.529051860334321,3970198.339751739,4063999.777826719,0.561668169623756,0.5749383585470994,1.95625,7,7,5,2630.7610351562503,62223.876953125,260208.59375,583600.5000000002,580969.738964844,1030800.9375,0.5769561222770353,5,115431.24756911038,47516.60199575296,60228.426254260085,188667.12190184285,450388.8021935062,402872.20019775326,624869.9223879484,0.5057558507273877,0.8944987047539033,0.8944987047539033,0.6115527233949815,0.6467062089854758,0.5436431340124158,0.5188699507456532,0.3058614833565417,0.0159929302398532,0.0519121280478406,0.3196477254646052,0.2840372055183248,0.1308462253543678,0.3220050222458974,0.0,9.093042073871526,1.0623113344133095,8.454917240226528,0.8522886421327112,5.869799337114672,0.0261559415058,0.1170511991835239,0.5250671418332086,3.941295173403622,0.2149018414847255,3.846264122788343,0.0,0.9954921885173912,0.9954921885173912,0.2857142857142857,0.7608692470283757,0.7608692470283757,0.7608692470283757,0.7608692470283757,0.6807688289982241,0.6807688289982241,0.6807688289982241,0.6807688289982241
C12,50.0,100.0,1500.0,220.0,235.0,3.0,15.0,Tb,,,Harmonized_irBT,Harmonized_irBT,cold,220.0,235.0,K,1.0,K,,,,7,7,6,225536.328125,63927.01181640626,147777.43359375,260208.59375,521125.3250000002,697869.1624999996,457198.3131835939,874613.0,0.4510388304129565,0.8773289096698453,0.8773289096698453,0.073017547077525,0.0689407011848305,0.0361324106528558,0.0001186467471716,0.0311669895791059,0.0289236240401064,0.6729293586676721,0.6183419219696136,0.4088228741023635,0.0011173025738644,0.3118580784999147,0.3959995336865474,0.7088120881996111,0.6228760346411013,0.3678068804288165,0.0013160464003562,0.3233438926827287,0.3851874254530966,10.127613626768351,10.07390044938356,7.893851081089437,0.0201769094657177,5.57243991876306,5.730976656010715,6,127610.94895167998,49989.98795612916,74423.2966762597,176216.4320176384,357281.09468270745,441696.4764737937,307291.1067265783,526111.8582648799,0.4426430852370424,0.8600821910251814,0.8600821910251814,0.0,0.0,0.0,0.0,0.0,0.0,0.0,0.0,0.0,0.0,0.0,0.0,0.6452516054500302,0.4862876752214851,0.0166887455070761,0.2797435123182685,0.1091079149976466,0.0,1.0357667611186598,0.7805130930420074,0.0265742155747038,0.449044528203358,0.1750864749884516,0.0,0.0206450553345796,0.0206203030067553,0.0104959004422227,3.903322914622938e-05,0.0100217497691894,0.0107366988505812,0.3736715714410782,0.3527689465906808,0.2049817882727525,0.0008259560785271,0.1969785999003709,0.2214735396640914,0.0,0.0,0.0,0.0,0.0,0.0,0.0881926883666976,0.0662504622201039,0.0017215039492409,0.0382258106154403,0.0147694120245033,0.0,3419914.30714103,0.4838189039397239,3041462.605297876,0.4302789403220544,3119706.34714082,0.4413481654601084,3283158.728025092,3419914.30714103,0.4644719471293271,0.4838189039397239,1.95625,7,7,6,63927.01181640626,147777.43359375,260208.59375,521125.3250000002,457198.3131835939,874613.0,0.4510388304129565,6,127610.94895167998,49989.98795612916,74423.2966762597,176216.4320176384,357281.09468270745,307291.1067265783,526111.8582648799,0.4426430852370424,0.8600821910251814,0.8600821910251814,0.7088120881996111,0.6452516054500302,0.6228760346411013,0.4862876752214851,0.3678068804288165,0.0166887455070761,0.0013160464003562,0.2797435123182685,0.3233438926827287,0.1091079149976466,0.3851874254530966,0.0,10.127613626768351,1.0357667611186598,10.07390044938356,0.7805130930420074,7.893851081089437,0.0265742155747038,0.0201769094657177,0.449044528203358,5.57243991876306,0.1750864749884516,5.730976656010715,0.0,0.8773289096698453,0.8773289096698453,0.1428571428571429,0.4320808876292157,0.4320808876292157,0.4320808876292157,0.4320808876292157,0.5776597231930658,0.5776597231930658,0.5776597231930658,0.5776597231930658
C12,60.0,100.0,1500.0,220.0,235.0,3.0,15.0,Tb,,,Harmonized_irBT,Harmonized_irBT,cold,220.0,235.0,K,1.0,K,,,,7,7,6,232761.1875,63927.01181640626,147777.43359375,260208.59375,520959.4000000002,697578.7937499996,457032.3881835939,874198.1875,0.4492572329097278,0.8772898390615349,0.8772898390615349,0.073017547077525,0.0719409251144955,0.0357624155984567,0.0001243444496022,0.0323215665585656,0.0289236240401064,0.6818858353164814,0.6249878113954259,0.409697511854645,0.0011251610672951,0.3128842485643407,0.3959995336865474,0.7088120881996111,0.6228904916760813,0.3667645014233414,0.0013112376408799,0.3215157034264347,0.3851874254530966,9.972629029921794,9.90402033828163,7.767366821634698,0.0198454481803104,5.47538348430294,5.730976656010715,6,128044.53055429574,49999.842083461335,74502.12969491711,176043.98478932533,357675.25977599446,442504.5149150321,307675.4176925331,527333.7700540697,0.4427450259051473,0.8602088326858969,0.8602088326858969,0.0,0.0,0.0,0.0,0.0,0.0,0.0,0.0,0.0,0.0,0.0,0.0,0.3841814150763221,0.2895009922796128,0.0098479094822076,0.165730110227439,0.0649401898276345,0.0,0.3841814150763221,0.2895009922796128,0.0098479094822076,0.165730110227439,0.0649401898276345,0.0,0.0210012768283316,0.0209978543720069,0.010561797343554,3.9626461512742535e-05,0.010137494331972,0.01076336823089,0.3736715714410782,0.3515516796205227,0.202217405387493,0.0008184888466569,0.1947964857921445,0.2180687972182868,0.0,0.0,0.0,0.0,0.0,0.0,0.0327763395089489,0.0246216306545123,0.0006397162726869,0.0141358703553411,0.0054889739333586,0.0,3419914.30714103,0.4838189039397239,3041462.605297876,0.4302789403220544,3119706.34714082,0.4413481654601084,3283158.728025092,3419914.30714103,0.4644719471293271,0.4838189039397239,1.95625,7,7,6,63927.01181640626,147777.43359375,260208.59375,520959.4000000002,457032.3881835939,874198.1875,0.4492572329097278,6,128044.53055429574,49999.842083461335,74502.12969491711,176043.98478932533,357675.25977599446,307675.4176925331,527333.7700540697,0.4427450259051473,0.8602088326858969,0.8602088326858969,0.7088120881996111,0.3841814150763221,0.6228904916760813,0.2895009922796128,0.3667645014233414,0.0098479094822076,0.0013112376408799,0.165730110227439,0.3215157034264347,0.0649401898276345,0.3851874254530966,0.0,9.972629029921794,0.3841814150763221,9.90402033828163,0.2895009922796128,7.767366821634698,0.0098479094822076,0.0198454481803104,0.165730110227439,5.47538348430294,0.0649401898276345,5.730976656010715,0.0,0.8772898390615349,0.8772898390615349,0.1428571428571429,0.4320808876292157,0.4320808876292157,0.4320808876292157,0.4320808876292157,0.5767982087881331,0.5767982087881331,0.5767982087881331,0.5767982087881331
C12,70.0,100.0,1500.0,220.0,235.0,3.0,15.0,Tb,,,Harmonized_irBT,Harmonized_irBT,cold,220.0,235.0,K,1.0,K,,,,7,7,6,233176.0,63927.01181640626,147777.43359375,260208.59375,520888.3000000002,697454.3687499996,456961.288183594,874020.4375,0.4491226819954858,0.877273089419735,0.877273089419735,0.073017547077525,0.0721509953643686,0.0359708118417682,0.0001247531877151,0.0324594575574194,0.0289236240401064,0.6818858353164814,0.623613468119772,0.4070214596800123,0.0011227048977178,0.311980951159536,0.3959995336865474,0.7088120881996111,0.6229099944795677,0.3667504518216695,0.0013110704917302,0.3214234409968244,0.3851874254530966,9.883090561957662,9.841343410706738,7.713432628513192,0.0198141082179665,5.457446134683695,5.730976656010715,6,128083.94706362444,50088.52922945091,74566.18152257625,175600.5490593774,358197.5285245998,443553.9794759088,308108.9992951489,528910.4304272179,0.442979797051925,0.8601650618982118,0.8601650618982118,0.0,0.0,0.0,0.0,0.0,0.0,0.0,0.0,0.0,0.0,0.0,0.0,0.363299713825467,0.2738491006905568,0.0095106427940151,0.1561118208226639,0.0614661625185488,0.0,0.363299713825467,0.2738491006905568,0.0095106427940151,0.1561118208226639,0.0614661625185488,0.0,0.0211306649028202,0.021088426024149,0.0104991776230369,3.9469488641059e-05,0.0101038000613644,0.0106606147035604,0.3721608582508612,0.3504941803873708,0.2009681847688964,0.0008173098898853,0.1942942137737994,0.2160586175137217,0.0,0.0,0.0,0.0,0.0,0.0,0.0312294696738401,0.0234617136648857,0.0006128393851844,0.0134160912251616,0.0052313192186437,0.0,3419914.30714103,0.4838189039397239,3041462.605297876,0.4302789403220544,3119706.34714082,0.4413481654601084,3283158.728025092,3419914.30714103,0.4644719471293271,0.4838189039397239,1.95625,7,7,6,63927.01181640626,147777.43359375,260208.59375,520888.3000000002,456961.288183594,874020.4375,0.4491226819954858,6,128083.94706362444,50088.52922945091,74566.18152257625,175600.5490593774,358197.5285245998,308108.9992951489,528910.4304272179,0.442979797051925,0.8601650618982118,0.8601650618982118,0.7088120881996111,0.363299713825467,0.6229099944795677,0.2738491006905568,0.3667504518216695,0.0095106427940151,0.0013110704917302,0.1561118208226639,0.3214234409968244,0.0614661625185488,0.3851874254530966,0.0,9.883090561957662,0.363299713825467,9.841343410706738,0.2738491006905568,7.713432628513192,0.0095106427940151,0.0198141082179665,0.1561118208226639,5.457446134683695,0.0614661625185488,5.730976656010715,0.0,0.877273089419735,0.877273089419735,0.1428571428571429,0.4320808876292157,0.4320808876292157,0.4320808876292157,0.4320808876292157,0.575364758698092,0.575364758698092,0.575364758698092,0.575364758698092
C13,0.0,100.0,1500.0,220.0,235.0,3.0,15.0,Tb,,,Harmonized_irBT,Harmonized_irBT,cold,220.0,235.0,K,1.0,K,,,,20,20,19,212955.796875,84680.090625,135174.84765625,431100.03125,751251.2937500001,821201.8343750003,666571.2031250001,1178183.75,0.4479787046294688,0.8872812714873278,0.8872812714873278,0.0648055193832779,0.0638171562288976,0.0181346169204994,0.0003692824619777,0.0227412757746523,0.0153080050051406,0.5586864706670752,0.4274802505753872,0.2192678194100274,0.0028947874786372,0.2013508780748661,0.1770014200771973,0.5715184914465977,0.5516619380427057,0.1741992612892271,0.003110954212446,0.186718281772292,0.1339806045380403,7.903315460043612,7.688328657107508,2.64147027997646,0.0343688270242804,2.285011689563852,1.7556117656584245,19,95624.4516314365,52151.98349280858,69264.66101786552,224496.728881635,420270.64741544327,466250.0055473762,368118.6639226347,715744.684645276,0.4584092687231571,0.8759085750729205,0.8759085750729205,0.0,0.0,0.0,0.0,0.0,0.0,0.0,0.0,0.0,0.0,0.0,0.0,0.0630556676581543,0.0375959836229704,0.0027120387582037,0.0102310295492736,0.0072914701612058,0.0,0.1030083158886108,0.0947294486614799,0.0068999716705732,0.0202113221643939,0.0154204215739998,0.0,0.0283088450831681,0.0216989618357449,0.0061186600235299,0.0001459096507307,0.0080757089149922,0.0064159456528766,0.4156946984684724,0.2234639725888587,0.0749158175530725,0.0017337332575725,0.0916803553945707,0.0618956439103607,0.0,0.0,0.0,0.0,0.0,0.0,0.006054922933124,0.0059273080097454,0.0002944956748478,0.0013706726266053,0.0009020392332073,0.0,3143013.329106882,0.44464542891651054,2804242.227204931,0.3967191218548361,2723529.0410525477,0.3853005418114155,2316872.8559592515,2611422.576045312,0.3277704600367571,0.3694407213150065,2.2333333333333334,20,20,19,84680.090625,135174.84765625,431100.03125,751251.2937500001,666571.2031250001,1178183.75,0.4479787046294688,19,95624.4516314365,52151.98349280858,69264.66101786552,224496.728881635,420270.64741544327,368118.6639226347,715744.684645276,0.4584092687231571,0.8759085750729205,0.8759085750729205,0.5715184914465977,0.0630556676581543,0.5516619380427057,0.0375959836229704,0.1741992612892271,0.0027120387582037,0.003110954212446,0.0102310295492736,0.186718281772292,0.0072914701612058,0.1339806045380403,0.0,7.903315460043612,0.1030083158886108,7.688328657107508,0.0947294486614799,2.64147027997646,0.0068999716705732,0.0343688270242804,0.0202113221643939,2.285011689563852,0.0154204215739998,1.7556117656584245,0.0,0.8872812714873278,0.8872812714873278,0.050000000000000044,0.6864420369808313,0.6864420369808313,0.6864420369808313,0.6864420369808313,0.6914669475902029,0.6914669475902029,0.6914669475902029,0.6914669475902029
C13,10.0,100.0,1500.0,220.0,235.0,3.0,15.0,Tb,,,Harmonized_irBT,Harmonized_irBT,cold,220.0,235.0,K,1.0,K,,,,20,20,19,212955.796875,84680.090625,135174.84765625,431100.03125,751251.2937500001,821201.8343750003,666571.2031250001,1178183.75,0.4479787046294688,0.8872812714873278,0.8872812714873278,0.0648055193832779,0.0638171562288976,0.0183057790145476,0.0003715046605112,0.0228611158397824,0.0153205378526491,0.5586864706670752,0.4274802505753872,0.2149894873802117,0.0028390637914978,0.1988472470746999,0.1770014200771973,0.5715184914465977,0.5516619380427057,0.1741733877543862,0.0031116579034511,0.1866216973003382,0.1330147598185025,7.903315460043612,7.613189747395384,2.616412656569038,0.034272926285125,2.274908239475141,1.7556117656584245,19,91387.1768786008,50784.23061910254,62445.6049039997,208887.79118746816,407582.4730625333,454137.3122306654,356798.2424434308,693769.9806945234,0.4646308284079182,0.8754013384395187,0.8754013384395187,0.0,0.0,0.0,0.0,0.0,0.0,0.0,0.0,0.0,0.0,0.0,0.0,0.0281081208893642,0.0058473834124604,0.0007815601129582,0.0036923852530208,0.0017381545750763,0.0,0.042239548356644,0.010043933851617,0.0013825249426851,0.0055114519956675,0.0026485424544311,0.0,0.0283088450831681,0.0221365760421694,0.0060299783550345,0.0001429783816792,0.0079775396316056,0.0064569858024228,0.4128805433208029,0.2233232648314753,0.0744023537413977,0.0017315455672226,0.0914253116482979,0.0618956439103607,0.0,0.0,0.0,0.0,0.0,0.0,0.003811917824447,0.0005675892205283,6.072284667769647e-05,0.0004940086470007,0.0002168793045518,0.0,3143013.329106882,0.44464542891651054,2804242.227204931,0.3967191218548361,2723529.0410525477,0.3853005418114155,2316872.8559592515,2611422.576045312,0.3277704600367571,0.3694407213150065,2.2333333333333334,20,20,19,84680.090625,135174.84765625,431100.03125,751251.2937500001,666571.2031250001,1178183.75,0.4479787046294688,19,91387.1768786008,50784.23061910254,62445.6049039997,208887.79118746816,407582.4730625333,356798.2424434308,693769.9806945234,0.4646308284079182,0.8754013384395187,0.8754013384395187,0.5715184914465977,0.0281081208893642,0.5516619380427057,0.0058473834124604,0.1741733877543862,0.0007815601129582,0.0031116579034511,0.0036923852530208,0.1866216973003382,0.0017381545750763,0.1330147598185025,0.0,7.903315460043612,0.042239548356644,7.613189747395384,0.010043933851617,2.616412656569038,0.0013825249426851,0.034272926285125,0.0055114519956675,2.274908239475141,0.0026485424544311,1.7556117656584245,0.0,0.8872812714873278,0.8872812714873278,0.050000000000000044,0.6864420369808313,0.6864420369808313,0.6864420369808313,0.6864420369808313,0.7010567034625907,0.7010567034625907,0.7010567034625907,0.7010567034625907
C13,20.0,100.0,1500.0,220.0,235.0,3.0,15.0,Tb,,,Harmonized_irBT,Harmonized_irBT,cold,220.0,235.0,K,1.0,K,,,,21,21,20,197359.96875,85915.5546875,142771.015625,429445.6875,745566.625,802413.3125,659651.0703125,1178183.75,0.4465577622661256,0.8847647523284723,0.8847647523284723,0.0648055193832779,0.0637651371155092,0.0186733555394729,0.0003831552014962,0.022640678903208,0.0151251207017888,0.5586864706670752,0.4205746600442456,0.2144867076415293,0.0028314515643788,0.1901298706707962,0.1667811419516454,0.5715184914465977,0.5506168562846061,0.1752841289344709,0.0031676339657615,0.1810414330620002,0.1528127450389136,7.903315460043612,7.121683844095671,2.554442011796983,0.0335719881915283,2.1380811372718345,1.670745910179487,20,76231.529041714,47556.01850508167,55138.76948719115,203315.28218112257,387091.8006880065,439407.36269452935,339535.78218292486,691641.4891907733,0.4777266175276486,0.8771453737316138,0.8771453737316138,0.0,0.0,0.0,0.0,0.0,0.0,0.0,0.0,0.0,0.0,0.0,0.0,0.0251830509706985,0.0032294011896278,0.000504241064279,0.0027466404057921,0.0013628498454345,0.0,0.0359245701666691,0.0055835323987716,0.0008883888036269,0.0039225895684296,0.0019955602920407,0.0,0.0283088450831681,0.0215816949828746,0.0060353854501775,0.000142583862311,0.007639770476391,0.0061695550289291,0.3887465646323996,0.2133465659636158,0.0729780894286383,0.0016936512928091,0.0858426313493408,0.0569444817269177,0.0,0.0,0.0,0.0,0.0,0.0,0.0033041129223323,0.0002874757912314,4.257508451541277e-05,0.0003597555048783,0.0001716409169121,0.0,3143013.329106882,0.44464542891651054,2786412.1692100912,0.3941966846410638,2564046.3953640508,0.362738362790351,2316872.8559592515,2611422.576045312,0.3277704600367571,0.3694407213150065,2.2291666666666665,21,21,20,85915.5546875,142771.015625,429445.6875,745566.625,659651.0703125,1178183.75,0.4465577622661256,20,76231.529041714,47556.01850508167,55138.76948719115,203315.28218112257,387091.8006880065,339535.78218292486,691641.4891907733,0.4777266175276486,0.8771453737316138,0.8771453737316138,0.5715184914465977,0.0251830509706985,0.5506168562846061,0.0032294011896278,0.1752841289344709,0.000504241064279,0.0031676339657615,0.0027466404057921,0.1810414330620002,0.0013628498454345,0.1528127450389136,0.0,7.903315460043612,0.0359245701666691,7.121683844095671,0.0055835323987716,2.554442011796983,0.0008883888036269,0.0335719881915283,0.0039225895684296,2.1380811372718345,0.0019955602920407,1.670745910179487,0.0,0.8847647523284723,0.8847647523284723,0.04761904761904767,0.6675458159653775,0.6675458159653775,0.6675458159653775,0.6675458159653775,0.7288016478856174,0.7288016478856174,0.7288016478856174,0.7288016478856174
C13,30.0,100.0,1500.0,220.0,235.0,3.0,15.0,Tb,,,Harmonized_irBT,Harmonized_irBT,cold,220.0,235.0,K,1.0,K,,,,21,21,20,197359.96875,78201.9765625,112386.34375,429249.8125,745566.625,805874.75,667364.6484375,1221473.0,0.4626274689680277,0.8951106796625989,0.8951106796625989,0.083699839124616,0.077674062049062,0.023552294647311,0.0004647100230701,0.0251020649379194,0.0158569239562331,0.8945117530694302,0.669771809795631,0.2909821290447785,0.0040301913230486,0.2348783251299802,0.1872216982027493,0.5875630073128558,0.4820168937692191,0.1718906762749971,0.0036519283011707,0.17200311172741,0.1457627858452883,7.590415183836723,5.227896491098258,2.7146358469954537,0.0398766734868705,2.153172767741456,1.4513050153510758,20,80902.38539716546,44857.95844153187,53788.75404268303,198693.696462332,391650.3199918713,485230.0402018812,346792.3615503394,698164.9214846739,0.4929449153863907,0.8854642619915059,0.8854642619915059,0.0,0.0,0.0,0.0,0.0,0.0,0.0,0.0,0.0,0.0,0.0,0.0,0.0207921910906216,0.020016594121645,0.000727044098741,0.00466974238974,0.0021711431567715,0.0,0.0398911821690133,0.0251389565604779,0.0011611832511965,0.0074823891936209,0.003435332553632,0.0,0.0506660270187313,0.0216574790916629,0.0079286549804265,0.0002019917588934,0.0090816485245709,0.0061711026554579,0.3988658051263096,0.2961132080827515,0.076409218094044,0.0020257675524609,0.086730329018316,0.0668468060938036,0.0,0.0,0.0,0.0,0.0,0.0,0.0027173877492972,0.0022478557787985,5.701642036108743e-05,0.0005686580454609,0.0002548729368578,0.0,3243436.740749091,0.4588524354631859,2741152.162373401,0.3877937034744574,2660513.3748823837,0.3763856486885619,2419759.7994344905,2609589.708361529,0.3423259850444911,0.3691814235799777,2.2291666666666665,21,21,20,78201.9765625,112386.34375,429249.8125,745566.625,667364.6484375,1221473.0,0.4626274689680277,20,80902.38539716546,44857.95844153187,53788.75404268303,198693.696462332,391650.3199918713,346792.3615503394,698164.9214846739,0.4929449153863907,0.8854642619915059,0.8854642619915059,0.5875630073128558,0.0207921910906216,0.4820168937692191,0.020016594121645,0.1718906762749971,0.000727044098741,0.0036519283011707,0.00466974238974,0.17200311172741,0.0021711431567715,0.1457627858452883,0.0,7.590415183836723,0.0398911821690133,5.227896491098258,0.0251389565604779,2.7146358469954537,0.0011611832511965,0.0398766734868705,0.0074823891936209,2.153172767741456,0.003435332553632,1.4513050153510758,0.0,0.8951106796625989,0.8951106796625989,0.04761904761904767,0.7381796322858032,0.7381796322858032,0.7381796322858032,0.7381796322858032,0.729288070027525,0.729288070027525,0.729288070027525,0.729288070027525
C13,40.0,100.0,1500.0,220.0,235.0,3.0,15.0,Tb,,,Harmonized_irBT,Harmonized_irBT,cold,220.0,235.0,K,1.0,K,,,,19,19,18,228551.625,77068.325,140944.6875,432656.4375,757628.25,847434.5749999991,680559.925,1221473.0,0.4546388088523232,0.8982768593964124,0.8982768593964124,0.0860769157362343,0.0595604656554752,0.0207723604111572,0.000376401703007,0.0216490743723177,0.0158569239562331,0.9161670730295106,0.6930697942923076,0.301689879370861,0.0033249302726676,0.21722585806408,0.1231609252616561,0.5875630073128558,0.5045252758282349,0.1800522657454281,0.0035435121997102,0.1840151097659925,0.1528127450389136,7.54179781317447,7.280638497424754,3.191751104659771,0.0385214227384994,2.33514951000019,2.1406058712215263,18,89150.28997419683,43777.946085925374,59006.51446507026,208671.00038616027,423556.0134679908,512793.0197627104,379778.0673820654,711940.9914950561,0.489145594184058,0.896641896953651,0.896641896953651,0.0,0.0,0.0,0.0,0.0,0.0,0.0,0.0,0.0,0.0,0.0,0.0,0.04084410575677,0.025058438701799,0.0079169840259794,0.0035072326154593,0.0040618593066653,0.0,0.318891031211813,0.1101382214603017,0.0598990932498277,0.0059703948761642,0.023257241942527,0.0,0.0517640750068475,0.0240834474590486,0.007583815909315,0.000169134727078,0.0084933271120343,0.0061463280048641,0.3975644032159449,0.3147765633467937,0.0809833729953687,0.0019855074028212,0.0940200510252864,0.077684359162657,0.0,0.0,0.0,0.0,0.0,0.0,0.0059938191719723,0.0032163452327354,0.0014481631270829,0.0003109179993386,0.0005863827457968,0.0,3243436.740749091,0.4588524354631859,2791380.620210969,0.39489957667333,2660513.3748823837,0.3763856486885619,2419759.7994344905,2609589.708361529,0.3423259850444911,0.3691814235799777,2.577083333333331,19,19,18,77068.325,140944.6875,432656.4375,757628.25,680559.925,1221473.0,0.4546388088523232,18,89150.28997419683,43777.946085925374,59006.51446507026,208671.00038616027,423556.0134679908,379778.0673820654,711940.9914950561,0.489145594184058,0.896641896953651,0.896641896953651,0.5875630073128558,0.04084410575677,0.5045252758282349,0.025058438701799,0.1800522657454281,0.0079169840259794,0.0035435121997102,0.0035072326154593,0.1840151097659925,0.0040618593066653,0.1528127450389136,0.0,7.54179781317447,0.318891031211813,7.280638497424754,0.1101382214603017,3.191751104659771,0.0598990932498277,0.0385214227384994,0.0059703948761642,2.33514951000019,0.023257241942527,2.1406058712215263,0.0,0.8982768593964124,0.8982768593964124,0.052631578947368474,0.6742341606785869,0.6742341606785869,0.6742341606785869,0.6742341606785869,0.7172270494899886,0.7172270494899886,0.7172270494899886,0.7172270494899886
C13,50.0,100.0,1500.0,220.0,235.0,3.0,15.0,Tb,,,Harmonized_irBT,Harmonized_irBT,cold,220.0,235.0,K,1.0,K,,,,20,20,19,250438.21875,77554.09453125,155223.859375,430953.125,751597.4375000001,826654.6625000003,674043.3429687502,1221473.0,0.4426509415371755,0.8968143175298545,0.8968143175298545,0.0902575699343893,0.0582963622497853,0.0210763217515861,0.0003954840057628,0.0223888247454853,0.0167843744054575,0.9493330552305514,0.6744577397947935,0.3050836834341177,0.0034706170691121,0.2203565610458549,0.1551913117322027,0.7029076047579554,0.5056792983957891,0.1725572344139911,0.0038251428824488,0.1838017061161976,0.1492877654421009,7.8002420448219105,7.281809742828423,3.0549644091690182,0.0397377856351223,2.261464619135234,1.7975271326630442,19,102187.30043466575,44564.30544703302,62859.47825195109,208286.6894202054,418583.62081617466,506228.20013401454,374019.3153691416,716079.72497457,0.4749271435001999,0.8935354771881915,0.8935354771881915,0.0,0.0,0.0,0.0,0.0,0.0,0.0,0.0,0.0,0.0,0.0,0.0,0.0409786402213233,0.013294027675316,0.0077732127817461,0.0002772801469112,0.0026945578861037,0.0,0.3674214658940193,0.1096101250581444,0.0672078400513997,0.0024505751101073,0.0235992571797286,0.0,0.0535689809383046,0.0226358801140772,0.0081398694957632,0.0001762268862074,0.0087793725268209,0.0063622726403229,0.4177178799959274,0.3116713461102016,0.0819764863184904,0.0020613760151343,0.0937209419839256,0.0656296808880829,0.0,0.0,0.0,0.0,0.0,0.0,0.0070681124179699,0.0034337109771837,0.0016368149702643,5.20581834841217e-05,0.0005314737375181,0.0,3243436.740749091,0.4588524354631859,2766266.391292186,0.3913466400738938,2660513.3748823837,0.3763856486885619,2419759.7994344905,2454347.786370434,0.3423259850444911,0.3472191842377828,2.5281250000000006,20,20,19,77554.09453125,155223.859375,430953.125,751597.4375000001,674043.3429687502,1221473.0,0.4426509415371755,19,102187.30043466575,44564.30544703302,62859.47825195109,208286.6894202054,418583.62081617466,374019.3153691416,716079.72497457,0.4749271435001999,0.8935354771881915,0.8935354771881915,0.7029076047579554,0.0409786402213233,0.5056792983957891,0.013294027675316,0.1725572344139911,0.0077732127817461,0.0038251428824488,0.0002772801469112,0.1838017061161976,0.0026945578861037,0.1492877654421009,0.0,7.8002420448219105,0.3674214658940193,7.281809742828423,0.1096101250581444,3.0549644091690182,0.0672078400513997,0.0397377856351223,0.0024505751101073,2.261464619135234,0.0235992571797286,1.7975271326630442,0.0,0.8968143175298545,0.8968143175298545,0.050000000000000044,0.639812660889743,0.639812660889743,0.639812660889743,0.639812660889743,0.6982069357051616,0.6982069357051616,0.6982069357051616,0.6982069357051616
C13,60.0,100.0,1500.0,220.0,235.0,3.0,15.0,Tb,,,Harmonized_irBT,Harmonized_irBT,cold,220.0,235.0,K,1.0,K,,,,20,20,19,250438.21875,85641.7296875,162820.02734375,431100.03125,752310.0875000001,833424.8375000003,666668.3578125001,1221473.0,0.4324936473266892,0.8861616624441447,0.8861616624441447,0.1215316164420782,0.0598600645751698,0.0191892416095181,0.0003759369614808,0.0232997324355151,0.0148661072452654,0.6358843065854651,0.6116102083922531,0.2557371879976174,0.002438567797552,0.1912033028544414,0.1551913117322027,0.726210013268513,0.3720411522932563,0.1692818411181669,0.0032112736079454,0.1702849594271617,0.1492877654421009,8.669986681559907,6.90067679049446,2.9068012793099696,0.0346938959693724,2.140920660545057,1.6236125833697326,19,105182.95514364728,51237.52047638265,71511.40204960167,216869.63432653077,421165.4021772048,511255.7758988908,369927.88170082215,719706.0438328108,0.455841865150648,0.8783434721572297,0.8783434721572297,0.0,0.0,0.0,0.0,0.0,0.0,0.0,0.0,0.0,0.0,0.0,0.0,0.0845216097132616,0.0168089862794437,0.0033679079518995,0.0053262456332602,0.004937209008775,0.0,0.5526491663315346,0.1061901900551008,0.0210358152907277,0.0348111806550979,0.0320648843930017,0.0,0.0456697876898776,0.0222409204516558,0.0070795359175079,0.0001314789349883,0.0080128833161034,0.0056182550868707,0.4646116062800988,0.3430502955235335,0.0803261465428342,0.0018857482513169,0.0925659316754755,0.0656296808880829,0.0,0.0,0.0,0.0,0.0,0.0,0.0499131795445902,0.0068633098198207,0.0011766634073702,0.0031331760101267,0.0027364826582159,0.0,3243436.740749091,0.4588524354631859,2766266.391292186,0.3913466400738938,2660513.3748823837,0.3763856486885619,2475672.1179172546,2501549.0562915504,0.3502359600367223,0.3538967979517033,2.513541666666667,20,20,19,85641.7296875,162820.02734375,431100.03125,752310.0875000001,666668.3578125001,1221473.0,0.4324936473266892,19,105182.95514364728,51237.52047638265,71511.40204960167,216869.63432653077,421165.4021772048,369927.88170082215,719706.0438328108,0.455841865150648,0.8783434721572297,0.8783434721572297,0.726210013268513,0.0845216097132616,0.3720411522932563,0.0168089862794437,0.1692818411181669,0.0033679079518995,0.0032112736079454,0.0053262456332602,0.1702849594271617,0.004937209008775,0.1492877654421009,0.0,8.669986681559907,0.5526491663315346,6.90067679049446,0.1061901900551008,2.9068012793099696,0.0210358152907277,0.0346938959693724,0.0348111806550979,2.140920660545057,0.0320648843930017,1.6236125833697326,0.0,0.8861616624441447,0.8861616624441447,0.050000000000000044,0.6223149720689101,0.6223149720689101,0.6223149720689101,0.6223149720689101,0.6702562704471102,0.6702562704471102,0.6702562704471102,0.6702562704471102
C13,70.0,100.0,1500.0,220.0,235.0,3.0,15.0,Tb,,,Harmonized_irBT,Harmonized_irBT,cold,220.0,235.0,K,1.0,K,,,,20,20,19,250438.21875,85641.7296875,162820.02734375,431100.03125,752310.0875000001,833424.8375000003,666668.3578125001,1221473.0,0.4324936473266892,0.8861616624441447,0.8861616624441447,0.1158190474080325,0.0595744361234675,0.0189694871121716,0.0003688079632038,0.0229679900442235,0.0148661072452654,0.5947844104550356,0.5808738548590877,0.2514406470400583,0.0023658484151136,0.187328272391532,0.1534089980035017,0.726210013268513,0.3720411522932563,0.1681546636775258,0.003195804989026,0.1686232713158501,0.1338470696013015,8.669986681559907,6.610445367870349,2.854353087015138,0.0343978043430941,2.1045583068712963,1.5228521437276412,19,101359.55373876296,51410.953117428944,72092.79556220006,218387.16993568587,423033.7447193853,514141.06438175193,371622.7916019564,721952.784864547,0.4574029354340242,0.8784707987029927,0.8784707987029927,0.0,0.0,0.0,0.0,0.0,0.0,0.0,0.0,0.0,0.0,0.0,0.0,0.0871196033865415,0.0167756189015091,0.0033245887851555,0.0054912704875648,0.0050568012637861,0.0,0.5563008341497583,0.1061519543532333,0.0209717546549138,0.0350605946463957,0.0322334866475462,0.0,0.0417523043990565,0.0220450462871148,0.0069630800168416,0.0001264455490036,0.007792103580633,0.0055755589108914,0.4646116062800988,0.3418642757242858,0.0791481540170442,0.0018721541670614,0.0912484056380485,0.0600248979572008,0.0,0.0,0.0,0.0,0.0,0.0,0.0507333260636274,0.0069349083539083,0.0011829165142442,0.0031865982459203,0.0027790391347842,0.0,3243436.740749091,0.4588524354631859,2766266.391292186,0.3913466400738938,2660513.3748823837,0.3763856486885619,2475672.1179172546,2501549.0562915504,0.3502359600367223,0.3538967979517033,2.513541666666667,20,20,19,85641.7296875,162820.02734375,431100.03125,752310.0875000001,666668.3578125001,1221473.0,0.4324936473266892,19,101359.55373876296,51410.953117428944,72092.79556220006,218387.16993568587,423033.7447193853,371622.7916019564,721952.784864547,0.4574029354340242,0.8784707987029927,0.8784707987029927,0.726210013268513,0.0871196033865415,0.3720411522932563,0.0167756189015091,0.1681546636775258,0.0033245887851555,0.003195804989026,0.0054912704875648,0.1686232713158501,0.0050568012637861,0.1338470696013015,0.0,8.669986681559907,0.5563008341497583,6.610445367870349,0.1061519543532333,2.854353087015138,0.0209717546549138,0.0343978043430941,0.0350605946463957,2.1045583068712963,0.0322334866475462,1.5228521437276412,0.0,0.8861616624441447,0.8861616624441447,0.050000000000000044,0.6223149720689101,0.6223149720689101,0.6223149720689101,0.6223149720689101,0.6698853894052883,0.6698853894052883,0.6698853894052883,0.6698853894052883
C14,0.0,100.0,1500.0,220.0,235.0,3.0,15.0,Tb,,,Harmonized_irBT,Harmonized_irBT,cold,220.0,235.0,K,1.0,K,,,,15,15,10,202559.96875,3018.4937988281254,37150.78125,365575.109375,561987.3624999999,627892.0312499999,558968.8687011718,711085.0625,0.4811786553089057,0.9946288938146218,0.9946288938146218,0.0160743524981935,0.0148497510213688,0.0092776736575226,4.694605200821935e-05,0.0054144540294745,0.0028718258766626,0.1371838327417554,0.1370585113551204,0.0818993599402541,0.0003301667097889,0.0407861999916165,0.0201459199050904,0.4032653788974608,0.2964215068706411,0.0906771300870126,0.0009450316518941,0.0986846330066432,0.0593104637998316,2.3266759785441264,2.3026648935504443,1.084148925860822,0.007209603501617,0.8371758365453502,0.5392141581215169,10,197984.8508925424,90902.5647492844,116686.86488766376,295896.03065866244,366250.05700903817,426785.20366939256,275347.4922597537,487320.3503297472,0.316306536861638,0.751801909625256,0.751801909625256,0.0,0.0,0.0,0.0,0.0,0.0,0.0,0.0,0.0,0.0,0.0,0.0,0.0276830282579843,0.0156560024463998,0.0013324843599631,0.002920643043318,0.0028639332490225,0.0,0.0614699556747529,0.034810017064274,0.0030040595809907,0.0064860621993947,0.0063695603326219,0.0,0.0075280088827191,0.0065650668863445,0.0018424135225262,1.781436791855726e-05,0.0017471340780382,0.0006843596263001,0.143354261200414,0.1312661839512091,0.0344712664149463,0.0004014849662606,0.0413404732902539,0.0153308184212907,0.0,0.0,0.0,0.0,0.0,0.0,0.0034283037392138,0.0019032852797627,0.000129977929821,0.0003610802866251,0.0003467677568536,0.0,3334912.351860821,0.47179358717943803,2922914.887534094,0.4135078689670599,2884870.138068498,0.4081256379127111,2052408.8609204288,2054045.3408687783,0.2903564581876379,0.2905879727414606,2.645833333333332,15,15,10,3018.4937988281254,37150.78125,365575.109375,561987.3624999999,558968.8687011718,711085.0625,0.4811786553089057,10,197984.8508925424,90902.5647492844,116686.86488766376,295896.03065866244,366250.05700903817,275347.4922597537,487320.3503297472,0.316306536861638,0.751801909625256,0.751801909625256,0.4032653788974608,0.0276830282579843,0.2964215068706411,0.0156560024463998,0.0906771300870126,0.0013324843599631,0.0009450316518941,0.002920643043318,0.0986846330066432,0.0028639332490225,0.0593104637998316,0.0,2.3266759785441264,0.0614699556747529,2.3026648935504443,0.034810017064274,1.084148925860822,0.0030040595809907,0.007209603501617,0.0064860621993947,0.8371758365453502,0.0063695603326219,0.5392141581215169,0.0,0.9946288938146218,0.9946288938146218,0.33333333333333337,0.8983771589003576,0.8983771589003576,0.8983771589003576,0.8983771589003576,0.605649103747963,0.605649103747963,0.605649103747963,0.605649103747963
C14,10.0,100.0,1500.0,220.0,235.0,3.0,15.0,Tb,,,Harmonized_irBT,Harmonized_irBT,cold,220.0,235.0,K,1.0,K,,,,15,15,10,202559.96875,3018.4937988281254,37150.78125,365575.109375,561987.3624999999,627892.0312499999,558968.8687011718,711085.0625,0.4811786553089057,0.9946288938146218,0.9946288938146218,0.0160743524981935,0.0148497510213688,0.0092776736575226,4.694605200821935e-05,0.0054144540294745,0.0028718258766626,0.1371838327417554,0.1370585113551204,0.0818993599402541,0.0003301667097889,0.0407861999916165,0.0201459199050904,0.4032653788974608,0.2964215068706411,0.0906771300870126,0.0009450316518941,0.0986846330066432,0.0593104637998316,2.3266759785441264,2.3026648935504443,1.084148925860822,0.007209603501617,0.8371758365453502,0.5392141581215169,10,191146.70253699183,89305.04860924126,114573.0782877286,287694.1490128312,359446.976080952,419613.9147529306,270141.9274717107,479780.8534249094,0.3190515649628462,0.7515487553047917,0.7515487553047917,0.0,0.0,0.0,0.0,0.0,0.0,0.0,0.0,0.0,0.0,0.0,0.0,0.001248181184669,0.0007565538732252,0.0001107615798456,0.0001282312553047,0.0001403857232796,0.0,0.0027696164337008,0.0016753377749024,0.0002424212626234,0.0002844773744461,0.0003107502514516,0.0,0.0075280088827191,0.0065650668863445,0.0018424135225262,1.781436791855726e-05,0.0017471340780382,0.0006843596263001,0.143354261200414,0.1312661839512091,0.0344712664149463,0.0004014849662606,0.0413404732902539,0.0153308184212907,0.0,0.0,0.0,0.0,0.0,0.0,0.0001553941481789,8.821871746461143e-05,7.900859791365266e-06,1.5862822448605773e-05,1.615095614371585e-05,0.0,3334912.351860821,0.47179358717943803,2922914.887534094,0.4135078689670599,2884870.138068498,0.4081256379127111,2052408.8609204288,2054045.3408687783,0.2903564581876379,0.2905879727414606,2.645833333333332,15,15,10,3018.4937988281254,37150.78125,365575.109375,561987.3624999999,558968.8687011718,711085.0625,0.4811786553089057,10,191146.70253699183,89305.04860924126,114573.0782877286,287694.1490128312,359446.976080952,270141.9274717107,479780.8534249094,0.3190515649628462,0.7515487553047917,0.7515487553047917,0.4032653788974608,0.001248181184669,0.2964215068706411,0.0007565538732252,0.0906771300870126,0.0001107615798456,0.0009450316518941,0.0001282312553047,0.0986846330066432,0.0001403857232796,0.0593104637998316,0.0,2.3266759785441264,0.0027696164337008,2.3026648935504443,0.0016753377749024,1.084148925860822,0.0002424212626234,0.007209603501617,0.0002844773744461,0.8371758365453502,0.0003107502514516,0.5392141581215169,0.0,0.9946288938146218,0.9946288938146218,0.33333333333333337,0.8983771589003576,0.8983771589003576,0.8983771589003576,0.8983771589003576,0.6017538810543602,0.6017538810543602,0.6017538810543602,0.6017538810543602
C14,20.0,100.0,1500.0,220.0,235.0,3.0,15.0,Tb,,,Harmonized_irBT,Harmonized_irBT,cold,220.0,235.0,K,1.0,K,,,,15,15,9,202559.96875,3018.4937988281254,37150.78125,365575.109375,561987.3624999999,627892.0312499999,558968.8687011718,711085.0625,0.4811786553089057,0.9946288938146218,0.9946288938146218,0.0160743524981935,0.0148497510213688,0.0086919525407183,4.466783585833674e-05,0.0049369131269367,0.0022062527311219,0.1371838327417554,0.1233548543720522,0.0698005514308929,0.0003190831732595,0.0369349187009,0.0079386422788678,0.4032653788974608,0.2964215068706411,0.0907435505084648,0.000944966672722,0.0986846330066432,0.0593104637998316,2.3266759785441264,2.3026648935504443,0.8883879287478056,0.0070817000617458,0.7815526590221573,0.5392141581215169,9,192442.24916275856,107395.94480002255,122346.3580423288,288449.0727985223,370128.9041246796,423649.5911969543,262732.95932465704,477170.2782692292,0.2812171480129462,0.7098417778152075,0.7098417778152075,0.0,0.0,0.0,0.0,0.0,0.0,0.0,0.0,0.0,0.0,0.0,0.0,0.0005846920371144,0.0003787491841556,5.126810495770374e-05,9.013680911216474e-05,7.272521575909362e-05,0.0,0.0006554426185694,0.0004211995330286,5.368435738886726e-05,0.0001009454326725,8.058639147631379e-05,0.0,0.0075280088827191,0.0065650668863445,0.0016064156374212,1.74776227281686e-05,0.0016465877480089,0.0002489789647263,0.143354261200414,0.1312602814068166,0.0306700712679908,0.0003976050953774,0.0399155523132551,0.0110882719952584,0.0,0.0,0.0,0.0,0.0,0.0,3.6895819386660734e-05,2.2652075063540815e-05,1.8366432874732997e-06,5.651579570787485e-06,4.242475329502413e-06,0.0,3334912.351860821,0.47179358717943803,2922914.887534094,0.4135078689670599,2884870.138068498,0.4081256379127111,2052408.8609204288,2054045.3408687783,0.2903564581876379,0.2905879727414606,2.6895833333333323,15,15,9,3018.4937988281254,37150.78125,365575.109375,561987.3624999999,558968.8687011718,711085.0625,0.4811786553089057,9,192442.24916275856,107395.94480002255,122346.3580423288,288449.0727985223,370128.9041246796,262732.95932465704,477170.2782692292,0.2812171480129462,0.7098417778152075,0.7098417778152075,0.4032653788974608,0.0005846920371144,0.2964215068706411,0.0003787491841556,0.0907435505084648,5.126810495770374e-05,0.000944966672722,9.013680911216474e-05,0.0986846330066432,7.272521575909362e-05,0.0593104637998316,0.0,2.3266759785441264,0.0006554426185694,2.3026648935504443,0.0004211995330286,0.8883879287478056,5.368435738886726e-05,0.0070817000617458,0.0001009454326725,0.7815526590221573,8.058639147631379e-05,0.5392141581215169,0.0,0.9946288938146218,0.9946288938146218,0.4,0.8983771589003576,0.8983771589003576,0.8983771589003576,0.8983771589003576,0.575847629339457,0.575847629339457,0.575847629339457,0.575847629339457
C14,30.0,100.0,1500.0,220.0,235.0,3.0,15.0,Tb,,,Harmonized_irBT,Harmonized_irBT,cold,220.0,235.0,K,1.0,K,,,,14,14,8,198712.46875,2863.384326171875,29205.685546875,360934.703125,569549.9906250001,634390.9562499999,566686.6062988283,712675.25,0.5055902113642853,0.9949725496035392,0.9949725496035392,0.0160743524981935,0.0149372225554277,0.009726622064864,4.650692320823438e-05,0.0057268298783047,0.0037234905249886,0.1371838327417554,0.1298752479486733,0.0808293124214211,0.0003260796511936,0.0422513668066985,0.0238994250203169,0.4032653788974608,0.3040532120154141,0.1254715758201391,0.0008209321626204,0.0998083652516406,0.0540189881831585,2.3266759785441264,2.3139739981054745,1.4515240980428978,0.0063100952115335,0.8544446053549731,0.3637394447891492,8,233052.27835690416,105552.95666772888,119959.82478433751,301954.9028483383,385938.4693398626,433989.6118229043,280385.51267213374,482040.75430594606,0.292662468976928,0.726503147384415,0.726503147384415,0.0,0.0,0.0,0.0,0.0,0.0,0.0,0.0,0.0,0.0,0.0,0.0,8.152089711251327e-06,5.298858312313358e-06,2.773747783606078e-07,1.4638294076516683e-06,1.019011213906416e-06,0.0,8.152089711251327e-06,5.298858312313358e-06,2.773747783606078e-07,1.4638294076516683e-06,1.019011213906416e-06,0.0,0.0075280088827191,0.0066338484575141,0.0017432711554715,1.7581934539659898e-05,0.0018309415830026,0.0008777497635766,0.143354261200414,0.1319406221174291,0.0350109388285622,0.0003381149506438,0.0380002129734388,0.0156595732375518,0.0,0.0,0.0,0.0,0.0,0.0,4.6033618104690834e-07,2.9921851768049015e-07,1.566293437779837e-08,8.266023352177904e-08,5.754202263086354e-08,0.0,3334912.351860821,0.47179358717943803,2952343.2778431466,0.4176711345536584,2884870.138068498,0.4081256379127111,2052408.8609204288,2054045.3408687783,0.2903564581876379,0.2905879727414606,2.748958333333333,14,14,8,2863.384326171875,29205.685546875,360934.703125,569549.9906250001,566686.6062988283,712675.25,0.5055902113642853,8,233052.27835690416,105552.95666772888,119959.82478433751,301954.9028483383,385938.4693398626,280385.51267213374,482040.75430594606,0.292662468976928,0.726503147384415,0.726503147384415,0.4032653788974608,8.152089711251327e-06,0.3040532120154141,5.298858312313358e-06,0.1254715758201391,2.773747783606078e-07,0.0008209321626204,1.4638294076516683e-06,0.0998083652516406,1.019011213906416e-06,0.0540189881831585,0.0,2.3266759785441264,8.152089711251327e-06,2.3139739981054745,5.298858312313358e-06,1.4515240980428978,2.773747783606078e-07,0.0063100952115335,1.4638294076516683e-06,0.8544446053549731,1.019011213906416e-06,0.3637394447891492,0.0,0.9949725496035392,0.9949725496035392,0.4285714285714286,0.9190831879173436,0.9190831879173436,0.9190831879173436,0.9190831879173436,0.6027227123893091,0.6027227123893091,0.6027227123893091,0.6027227123893091
C14,40.0,100.0,1500.0,220.0,235.0,3.0,15.0,Tb,,,Harmonized_irBT,Harmonized_irBT,cold,220.0,235.0,K,1.0,K,,,,14,14,9,192590.65625,9142.582397460938,65201.1669921875,360063.421875,569549.9906250001,636313.3312499999,560407.4082275392,718167.75,0.4812228236214296,0.9839477086332171,0.9839477086332171,0.0638890509245756,0.0345859590797726,0.0120906753333698,0.0001697892594984,0.01144274372077,0.0085042241895734,0.6549075858575453,0.3612044633608491,0.1354556984645428,0.0015574093063185,0.1074676285769883,0.0614079007092428,0.4079518601523154,0.3828804856037027,0.1316951470946447,0.0019912955383758,0.1237064957132075,0.0722304783122132,3.104500978916454,2.612998559653347,2.0758447771874,0.0127591986444204,1.0843191459329955,0.9721684489469592,9,200059.6736841838,66912.5479828316,93240.39324690853,286910.00237091974,370654.915536645,426162.7568319002,303742.36755381344,481670.5981271556,0.3604153677952165,0.8194748128836935,0.8194748128836935,0.0,0.0,0.0,0.0,0.0,0.0,0.0,0.0,0.0,0.0,0.0,0.0,0.0,0.0,0.0,0.0,0.0,0.0,0.0,0.0,0.0,0.0,0.0,0.0,0.0395234558197882,0.0190658846006466,0.0036943510655466,9.168506010723114e-05,0.0053472770053286,0.0019861832103572,0.1430468008878742,0.1318330110080401,0.044173322480796,0.0007312414711543,0.047948067291224,0.0274965072314212,0.0,0.0,0.0,0.0,0.0,0.0,0.0,0.0,0.0,0.0,0.0,0.0,3443377.853198484,0.48713831668417557,3442168.513998569,0.4869672301850277,3324867.4820826766,0.4703725287990771,2052408.8609204288,2054045.3408687783,0.2903564581876379,0.2905879727414606,2.789583333333333,14,14,9,9142.582397460938,65201.1669921875,360063.421875,569549.9906250001,560407.4082275392,718167.75,0.4812228236214296,9,200059.6736841838,66912.5479828316,93240.39324690853,286910.00237091974,370654.915536645,303742.36755381344,481670.5981271556,0.3604153677952165,0.8194748128836935,0.8194748128836935,0.4079518601523154,0.0,0.3828804856037027,0.0,0.1316951470946447,0.0,0.0019912955383758,0.0,0.1237064957132075,0.0,0.0722304783122132,0.0,3.104500978916454,0.0,2.612998559653347,0.0,2.0758447771874,0.0,0.0127591986444204,0.0,1.0843191459329955,0.0,0.9721684489469592,0.0,0.9839477086332171,0.9839477086332171,0.3571428571428571,0.8189175488788673,0.8189175488788673,0.8189175488788673,0.8189175488788673,0.6750186731853058,0.6750186731853058,0.6750186731853058,0.6750186731853058
C14,50.0,100.0,1500.0,220.0,235.0,3.0,15.0,Tb,,,Harmonized_irBT,Harmonized_irBT,cold,220.0,235.0,K,1.0,K,,,,14,14,9,193161.8046875,9142.582397460938,65201.1669921875,360063.421875,569549.9906250001,636313.3312499999,560407.4082275392,718167.75,0.4810450837052714,0.9839477086332171,0.9839477086332171,0.0663904706350749,0.0338294312526701,0.011702820769859,0.0001701299750811,0.0112444652845346,0.0083814285376423,0.6512553808500774,0.3585195290101844,0.1343750069811782,0.0015387262590657,0.1058213557239974,0.0614079007092428,0.3693805146929113,0.2894538125210073,0.1173504356021142,0.0016805296550416,0.0971042315276192,0.0533289161637372,3.104500978916454,2.3633998142434813,1.998764771599332,0.0110165397613941,0.9384481926846416,0.6050676214351879,9,201014.28698738036,71027.12613865004,93785.88656302085,286052.7985884576,371765.3840730165,427156.3339433905,300738.25793436647,482547.28381376463,0.3574012252009217,0.8089463699915107,0.8089463699915107,0.0,0.0,0.0,0.0,0.0,0.0,0.0,0.0,0.0,0.0,0.0,0.0,0.0,0.0,0.0,0.0,0.0,0.0,0.0,0.0,0.0,0.0,0.0,0.0,0.0394221404483716,0.0190304242206508,0.0036427431723945,9.085457710794748e-05,0.005267428112877,0.0019861832103572,0.1131072331234368,0.1114323709636673,0.0395948032656638,0.0006302762057933,0.0393762021274115,0.0275149606868985,0.0,0.0,0.0,0.0,0.0,0.0,0.0,0.0,0.0,0.0,0.0,0.0,3443377.853198484,0.48713831668417557,3442168.513998569,0.4869672301850277,3362779.267552483,0.4757359492959297,2052408.8609204288,2054045.3408687783,0.2903564581876379,0.2905879727414606,2.789583333333333,14,14,9,9142.582397460938,65201.1669921875,360063.421875,569549.9906250001,560407.4082275392,718167.75,0.4810450837052714,9,201014.28698738036,71027.12613865004,93785.88656302085,286052.7985884576,371765.3840730165,300738.25793436647,482547.28381376463,0.3574012252009217,0.8089463699915107,0.8089463699915107,0.3693805146929113,0.0,0.2894538125210073,0.0,0.1173504356021142,0.0,0.0016805296550416,0.0,0.0971042315276192,0.0,0.0533289161637372,0.0,3.104500978916454,0.0,2.3633998142434813,0.0,1.998764771599332,0.0,0.0110165397613941,0.0,0.9384481926846416,0.0,0.6050676214351879,0.0,0.9839477086332171,0.9839477086332171,0.3571428571428571,0.8189175488788673,0.8189175488788673,0.8189175488788673,0.8189175488788673,0.672137846489137,0.672137846489137,0.672137846489137,0.672137846489137
C14,60.0,100.0,1500.0,220.0,235.0,3.0,15.0,Tb,,,Harmonized_irBT,Harmonized_irBT,cold,220.0,235.0,K,1.0,K,,,,14,14,9,192868.71875,9142.582397460938,65201.1669921875,360063.421875,569549.9906250001,636313.3312499999,560407.4082275392,718167.75,0.4811362770074524,0.9839477086332171,0.9839477086332171,0.0727297015929171,0.0378847137056368,0.0122458268195784,0.0001791868234506,0.0118990863548993,0.0083814285376423,0.704149763160697,0.3824319339309701,0.1368010605555357,0.0016107178510539,0.1101928633738843,0.0614079007092428,0.3693805146929113,0.2894538125210073,0.1173616287044239,0.0016810834963071,0.0971359058458689,0.0533289161637372,3.104500978916454,2.3633998142434813,1.9973968013578245,0.0110060430759769,0.9373829435309092,0.6006111257822224,9,202046.82790716432,71510.27736149236,93902.77798790204,286598.2919045699,373429.138687159,428601.8912310881,301918.86132566666,483774.6437750173,0.3572538410265889,0.808503756260434,0.808503756260434,0.0,0.0,0.0,0.0,0.0,0.0,0.0,0.0,0.0,0.0,0.0,0.0,0.0,0.0,0.0,0.0,0.0,0.0,0.0,0.0,0.0,0.0,0.0,0.0,0.0424846221475322,0.020102292815357,0.0037548252282478,9.497430323232052e-05,0.0055058086443606,0.0019861832103572,0.1123754167358392,0.1111762352280082,0.0395369970790318,0.0006292085350542,0.0393029260912951,0.0273679366278821,0.0,0.0,0.0,0.0,0.0,0.0,0.0,0.0,0.0,0.0,0.0,0.0,3443377.853198484,0.48713831668417557,3442168.513998569,0.4869672301850277,3362779.267552483,0.4757359492959297,2052408.8609204288,2054045.3408687783,0.2903564581876379,0.2905879727414606,2.789583333333333,14,14,9,9142.582397460938,65201.1669921875,360063.421875,569549.9906250001,560407.4082275392,718167.75,0.4811362770074524,9,202046.82790716432,71510.27736149236,93902.77798790204,286598.2919045699,373429.138687159,301918.86132566666,483774.6437750173,0.3572538410265889,0.808503756260434,0.808503756260434,0.3693805146929113,0.0,0.2894538125210073,0.0,0.1173616287044239,0.0,0.0016810834963071,0.0,0.0971359058458689,0.0,0.0533289161637372,0.0,3.104500978916454,0.0,2.3633998142434813,0.0,1.9973968013578245,0.0,0.0110060430759769,0.0,0.9373829435309092,0.0,0.6006111257822224,0.0,0.9839477086332171,0.9839477086332171,0.3571428571428571,0.8189175488788673,0.8189175488788673,0.8189175488788673,0.8189175488788673,0.6723540208007613,0.6723540208007613,0.6723540208007613,0.6723540208007613
C14,70.0,100.0,1500.0,220.0,235.0,3.0,15.0,Tb,,,Harmonized_irBT,Harmonized_irBT,cold,220.0,235.0,K,1.0,K,,,,13,13,9,194864.96875,7411.438476562504,53040.97265625,376631.03125,577112.61875,642609.8249999998,569701.1802734375,718167.75,0.4710730170905161,0.9871577258306787,0.9871577258306787,0.07736766102571,0.0417998227011235,0.0122157854973211,0.0001435349500558,0.0119353296207421,0.0067834205124809,0.7357206824772978,0.4248561327036114,0.1287915766391713,0.0013164115733905,0.1111134130877177,0.0513031146504896,0.3845507227309043,0.3041990546935642,0.1279061711405734,0.0009855650282461,0.1028874771844835,0.0388175678538186,2.3848324889835992,2.323316943124729,1.7047647926684042,0.0084083363855332,0.9430038203412356,0.6235313363513317,9,203254.7059642701,75235.21743437345,93902.77798790204,287981.5070989975,374905.8670214915,430031.86299546814,299670.64958711807,485157.8589694449,0.346199179575635,0.799322379155884,0.799322379155884,0.0,0.0,0.0,0.0,0.0,0.0,0.0,0.0,0.0,0.0,0.0,0.0,0.0,0.0,0.0,0.0,0.0,0.0,0.0,0.0,0.0,0.0,0.0,0.0,0.0444857535409988,0.0221095638887222,0.0036552452093532,7.585323516383241e-05,0.005485538045562,0.0014033247165224,0.1260888580127367,0.1257468355718566,0.0370050671956235,0.0004589070884376,0.0406785465528751,0.0204135931306278,0.0,0.0,0.0,0.0,0.0,0.0,0.0,0.0,0.0,0.0,0.0,0.0,3443377.853198484,0.48713831668417557,3442261.54009087,0.4869803906849622,3330854.271227008,0.471219486208472,2052408.8609204288,2054045.3408687783,0.2903564581876379,0.2905879727414606,2.845833333333332,13,13,9,7411.438476562504,53040.97265625,376631.03125,577112.61875,569701.1802734375,718167.75,0.4710730170905161,9,203254.7059642701,75235.21743437345,93902.77798790204,287981.5070989975,374905.8670214915,299670.64958711807,485157.8589694449,0.346199179575635,0.799322379155884,0.799322379155884,0.3845507227309043,0.0,0.3041990546935642,0.0,0.1279061711405734,0.0,0.0009855650282461,0.0,0.1028874771844835,0.0,0.0388175678538186,0.0,2.3848324889835992,0.0,2.323316943124729,0.0,1.7047647926684042,0.0,0.0084083363855332,0.0,0.9430038203412356,0.0,0.6235313363513317,0.0,0.9871577258306787,0.9871577258306787,0.3076923076923077,0.8591699348823902,0.8591699348823902,0.8591699348823902,0.8591699348823902,0.6739277499661751,0.6739277499661751,0.6739277499661751,0.6739277499661751
C15,0.0,100.0,1500.0,220.0,235.0,3.0,15.0,Tb,,,Harmonized_irBT,Harmonized_irBT,cold,220.0,235.0,K,1.0,K,,,,14,14,11,214390.0625,1172.6566772460938,155967.78125,293592.16015625,379163.7906250001,541746.0578124998,377991.133947754,788338.0,0.4173220848394969,0.9969072556340015,0.9969072556340015,0.15,0.0902753480629539,0.0280855756546073,0.1345300232733911,0.0333470648756202,0.0222204732014505,0.4290917532088947,0.3521750923135729,0.2351013421264264,0.1986537768334957,0.1727925860869981,0.1696062939704359,0.4327418335856432,0.427680828145751,0.2121123673055451,0.1043851512909788,0.1899148376973813,0.1211693802861969,8.360520153480307,7.923697830609997,3.3256546824463404,0.1995085688960179,2.2968163186029718,1.1265744081787417,11,113164.69288977628,71915.35429376413,79089.1523104619,138805.10832857792,153113.28788935422,311124.07250164635,81197.93359559009,469134.8571139384,0.3191647020788054,0.5303127815677693,0.5303127815677693,0.0,0.0,0.0,0.0,0.0,0.0,0.0,0.0,0.0,0.0,0.0,0.0,0.0158893311747216,0.0109605126533648,0.0008705481481882,0.0028813206691074,0.0019928204824299,0.0,0.0241303556316555,0.020122317437717,0.0017518644267004,0.0049117687776426,0.003658603170494,0.0,0.1383928571428571,0.0634020390070921,0.008006628365155,0.1238924991140978,0.0179822680022213,0.0082746839886642,0.4317840315053396,0.3890747634215204,0.1198675937887057,0.1198955133303251,0.1298007457956091,0.076485585681269,0.0,0.0,0.0,0.0,0.0,0.0,0.0017048352497464,0.0014253850021578,0.0001242311454311,0.0003475954645245,0.0002591609094832,0.0,3237619.7903518304,0.45802950532145753,3149305.2126248404,0.4455355483505029,3095265.228663893,0.4378904545087327,2317363.404110942,3101751.2092333846,0.3278398584040158,0.4388080330584505,1.978125,14,14,11,1172.6566772460938,155967.78125,293592.16015625,379163.7906250001,377991.133947754,788338.0,0.4173220848394969,11,113164.69288977628,71915.35429376413,79089.1523104619,138805.10832857792,153113.28788935422,81197.93359559009,469134.8571139384,0.3191647020788054,0.5303127815677693,0.5303127815677693,0.4327418335856432,0.0158893311747216,0.427680828145751,0.0109605126533648,0.2121123673055451,0.0008705481481882,0.1043851512909788,0.0028813206691074,0.1899148376973813,0.0019928204824299,0.1211693802861969,0.0,8.360520153480307,0.0241303556316555,7.923697830609997,0.020122317437717,3.3256546824463404,0.0017518644267004,0.1995085688960179,0.0049117687776426,2.2968163186029718,0.003658603170494,1.1265744081787417,0.0,0.9969072556340015,0.9969072556340015,0.2142857142857143,0.46876040161633126,0.46876040161633126,0.46876040161633126,0.46876040161633126,0.430214397273889,0.430214397273889,0.430214397273889,0.430214397273889
C15,10.0,100.0,1500.0,220.0,235.0,3.0,15.0,Tb,,,Harmonized_irBT,Harmonized_irBT,cold,220.0,235.0,K,1.0,K,,,,13,13,11,228552.84375,29366.561523437525,194003.328125,307745.53125,389097.7875000001,553008.7187499995,359731.2259765626,769073.125,0.3699318296208086,0.924526526578007,0.924526526578007,0.15,0.0948695520581112,0.028179355676481,0.1384277899703559,0.0335554686931338,0.020714940389784,0.4290917532088947,0.3729008360503529,0.2439464898198166,0.2043857658860781,0.1856092727006721,0.1848319263352477,0.4327418335856432,0.4280701362565119,0.2690894601452256,0.093097590587275,0.1862977319757435,0.1008333333333337,8.41759746600204,8.223079573881758,4.2251618566272935,0.1735124917977419,2.625190295903757,1.2604822973986969,11,110563.20569690784,66850.33756219456,76162.47921848492,129965.96434371817,149743.17948041102,302196.24145339336,82892.84191821647,454649.30342637567,0.3227949981350975,0.5535667280863384,0.5535667280863384,0.0,0.0,0.0,0.0,0.0,0.0,0.0,0.0,0.0,0.0,0.0,0.0,0.0040193750872835,0.0030792062206313,0.0002554143197357,0.0007592360016784,0.0005598556764784,0.0,0.0075911742113324,0.0057750951179909,0.0004776122472892,0.0014274830983552,0.0010500172941801,0.0,0.1383928571428571,0.0647953484390955,0.0082194839611276,0.1277114715038149,0.0176097351224429,0.0085482057677618,0.3668085328289557,0.3421077139882025,0.1417807901309124,0.1080874493590915,0.1098261381507034,0.0879135059522635,0.0,0.0,0.0,0.0,0.0,0.0,0.0005530696334566,0.0004198795373001,3.46938955218908e-05,0.0001038623883339,7.634173405457288e-05,0.0,3237619.7903518304,0.45802950532145753,3156098.641680762,0.4464966219636533,3095265.228663893,0.4378904545087327,2317363.404110942,3101751.2092333846,0.3278398584040158,0.4388080330584505,2.0166666666666653,13,13,11,29366.561523437525,194003.328125,307745.53125,389097.7875000001,359731.2259765626,769073.125,0.3699318296208086,11,110563.20569690784,66850.33756219456,76162.47921848492,129965.96434371817,149743.17948041102,82892.84191821647,454649.30342637567,0.3227949981350975,0.5535667280863384,0.5535667280863384,0.4327418335856432,0.0040193750872835,0.4280701362565119,0.0030792062206313,0.2690894601452256,0.0002554143197357,0.093097590587275,0.0007592360016784,0.1862977319757435,0.0005598556764784,0.1008333333333337,0.0,8.41759746600204,0.0075911742113324,8.223079573881758,0.0057750951179909,4.2251618566272935,0.0004776122472892,0.1735124917977419,0.0014274830983552,2.625190295903757,0.0010500172941801,1.2604822973986969,0.0,0.924526526578007,0.924526526578007,0.15384615384615385,0.36959822832520817,0.36959822832520817,0.36959822832520817,0.36959822832520817,0.41398134809310794,0.41398134809310794,0.41398134809310794,0.41398134809310794
C15,20.0,100.0,1500.0,220.0,235.0,3.0,15.0,Tb,,,Harmonized_irBT,Harmonized_irBT,cold,220.0,235.0,K,1.0,K,,,,16,16,12,194038.4453125,1006.6488647460938,107801.41647338869,245355.19140625,332841.203125,483650.2421875,331834.5542602539,769073.125,0.4447635889963878,0.996975588192523,0.996975588192523,0.15,0.1277149321266968,0.0288317529462246,0.1341032591365769,0.0367815463163422,0.0195542902991455,0.4283015205371019,0.3530778301880633,0.231263451610244,0.2002810896678014,0.1763367397025497,0.1704434439082763,1.0009723194148958,1.0005929328909613,0.2718523726857108,0.1532211069815484,0.3072541715615556,0.2315601960059848,8.512146138601718,7.132065183533091,3.968541256490625,0.3501451062030037,2.750198843478429,1.9261463079542829,12,97861.2473953647,65681.63914903473,69146.34709226404,136203.6211357095,147868.9262073672,284234.1548808153,82187.28705833248,449840.493766831,0.339436370387641,0.5558117527889217,0.5558117527889217,0.0,0.0,0.0,0.0,0.0,0.0,0.0,0.0,0.0,0.0,0.0,0.0,0.0,0.0,0.0,0.0,0.0,0.0,0.0,0.0,0.0,0.0,0.0,0.0,0.1383928571428571,0.1043647051048366,0.0077867931239,0.1229971965290638,0.0206406235975807,0.0082471447614227,0.9993176666447188,0.7864007910382484,0.1290781270016897,0.1597597452256361,0.2066790589564325,0.1087739630239375,0.0,0.0,0.0,0.0,0.0,0.0,0.0,0.0,0.0,0.0,0.0,0.0,2361785.7687527947,0.3341243374409772,2266203.2861807337,0.3206021822637874,2162316.7382396087,0.305905242152158,1619662.276396308,2361785.7687527947,0.2291353399359503,0.3341243374409772,1.875,16,16,12,1006.6488647460938,107801.41647338869,245355.19140625,332841.203125,331834.5542602539,769073.125,0.4447635889963878,12,97861.2473953647,65681.63914903473,69146.34709226404,136203.6211357095,147868.9262073672,82187.28705833248,449840.493766831,0.339436370387641,0.5558117527889217,0.5558117527889217,1.0009723194148958,0.0,1.0005929328909613,0.0,0.2718523726857108,0.0,0.1532211069815484,0.0,0.3072541715615556,0.0,0.2315601960059848,0.0,8.512146138601718,0.0,7.132065183533091,0.0,3.968541256490625,0.0,0.3501451062030037,0.0,2.750198843478429,0.0,1.9261463079542829,0.0,0.996975588192523,0.996975588192523,0.25,0.560631198159997,0.560631198159997,0.560631198159997,0.560631198159997,0.4923310664158588,0.4923310664158588,0.4923310664158588,0.4923310664158588
C15,30.0,100.0,1500.0,220.0,235.0,3.0,15.0,Tb,,,Harmonized_irBT,Harmonized_irBT,cold,220.0,235.0,K,1.0,K,,,,15,15,11,194073.5625,1413.1631103515626,78145.36962890625,257203.7578125,446941.4374999999,628585.6187499998,445528.27438964834,788338.0,0.4833381951854544,0.9968381470327383,0.9968381470327383,0.0581159200968523,0.0564245305895448,0.0297392095484169,0.0083108613989705,0.0237784568472504,0.019075719449602,0.6747657350673377,0.6068067047664517,0.283761172425272,0.0130427305453587,0.2175112992826133,0.1381735959195536,1.0009723194148958,0.5820716536859313,0.1914559673318489,0.2988804014744126,0.25301365890118,0.2341673220300247,6.835946608113296,6.038906823590947,3.0876020752376503,0.8811365253697212,2.4578986609370364,1.5268397086178511,11,86558.5738718038,63243.73031753607,67293.77287916077,141731.7814205549,148954.85002802667,299200.58953433274,85711.1197104906,449446.3290406388,0.356047098676779,0.5754167769251124,0.5754167769251124,0.0,0.0,0.0,0.0,0.0,0.0,0.0,0.0,0.0,0.0,0.0,0.0,0.0,0.0,0.0,0.0,0.0,0.0,0.0,0.0,0.0,0.0,0.0,0.0,0.0391087303793261,0.0278482765060509,0.009974821010579,0.0060431788824846,0.0109207032397394,0.0085482057677618,0.715428499169425,0.516877371804565,0.1119539944850713,0.2507877916319135,0.172954218073504,0.0953231934117297,0.0,0.0,0.0,0.0,0.0,0.0,0.0,0.0,0.0,0.0,0.0,0.0,2879225.513061587,0.40732708682671115,2553259.167795176,0.3612122822660456,2754581.7579332786,0.3896936026007502,2775392.670064412,2879225.513061587,0.3926377444104578,0.4073270868267111,1.9395833333333323,15,15,11,1413.1631103515626,78145.36962890625,257203.7578125,446941.4374999999,445528.27438964834,788338.0,0.4833381951854544,11,86558.5738718038,63243.73031753607,67293.77287916077,141731.7814205549,148954.85002802667,85711.1197104906,449446.3290406388,0.356047098676779,0.5754167769251124,0.5754167769251124,1.0009723194148958,0.0,0.5820716536859313,0.0,0.1914559673318489,0.0,0.2988804014744126,0.0,0.25301365890118,0.0,0.2341673220300247,0.0,6.835946608113296,0.0,6.038906823590947,0.0,3.0876020752376503,0.0,0.8811365253697212,0.0,2.4578986609370364,0.0,1.5268397086178511,0.0,0.9968381470327383,0.9968381470327383,0.2666666666666667,0.6961732974139758,0.6961732974139758,0.6961732974139758,0.6961732974139758,0.5252033650837795,0.5252033650837795,0.5252033650837795,0.5252033650837795
C15,40.0,100.0,1500.0,220.0,235.0,3.0,15.0,Tb,,,Harmonized_irBT,Harmonized_irBT,cold,220.0,235.0,K,1.0,K,,,,14,14,12,236241.453125,44276.03228759766,181126.58203125,297003.3828125,354847.91250000003,500561.9437499999,310571.8802124024,768026.625,0.3519884998827328,0.8752253268853663,0.8752253268853663,0.0598578458173865,0.0521174989816316,0.0284127391460957,0.0104838123495781,0.0265046558021007,0.0214008627313595,0.5595719461544916,0.555572659639382,0.2558010608766457,0.0163695332342922,0.2188958752105186,0.1640665201262554,0.7816158882451679,0.5352183789000244,0.1954486305647011,0.1331236458752848,0.2088761583380509,0.1810402241775214,7.557602367785142,6.562625087463693,3.014442724238647,0.299283967218273,2.234702155043072,1.0887842583412328,12,82547.94778279832,52098.722684452034,64603.5986228991,140682.31783706817,149033.6829732651,283895.17321629,96934.96028881306,447810.5454269413,0.3637106397378357,0.6504231684739488,0.6504231684739488,0.0,0.0,0.0,0.0,0.0,0.0,0.0,0.0,0.0,0.0,0.0,0.0,0.0,0.0,0.0,0.0,0.0,0.0,0.0,0.0,0.0,0.0,0.0,0.0,0.0339606597986487,0.0329686862568089,0.0098204421813885,0.007618095640771,0.0124145684456441,0.008182787299781,0.4429326045208404,0.4356860320607649,0.1079968163332349,0.1424257458361367,0.1345523369459441,0.0751373250254775,0.0,0.0,0.0,0.0,0.0,0.0,0.0,0.0,0.0,0.0,0.0,0.0,3069518.3887490183,0.4342480217607789,2564764.836152729,0.3628400013706506,2785271.916220509,0.3940353718413595,2985206.553816512,3069518.3887490183,0.4223203370579733,0.4342480217607789,1.886458333333333,14,14,12,44276.03228759766,181126.58203125,297003.3828125,354847.91250000003,310571.8802124024,768026.625,0.3519884998827328,12,82547.94778279832,52098.722684452034,64603.5986228991,140682.31783706817,149033.6829732651,96934.96028881306,447810.5454269413,0.3637106397378357,0.6504231684739488,0.6504231684739488,0.7816158882451679,0.0,0.5352183789000244,0.0,0.1954486305647011,0.0,0.1331236458752848,0.0,0.2088761583380509,0.0,0.1810402241775214,0.0,7.557602367785142,0.0,6.562625087463693,0.0,3.014442724238647,0.0,0.299283967218273,0.0,2.234702155043072,0.0,1.0887842583412328,0.0,0.8752253268853663,0.8752253268853663,0.1428571428571429,0.3901531345668332,0.3901531345668332,0.3901531345668332,0.3901531345668332,0.5407838055545826,0.5407838055545826,0.5407838055545826,0.5407838055545826
C15,50.0,100.0,1500.0,220.0,235.0,3.0,15.0,Tb,,,Harmonized_irBT,Harmonized_irBT,cold,220.0,235.0,K,1.0,K,,,,14,14,12,236241.453125,44276.03228759766,181126.58203125,297003.3828125,354847.91250000003,500561.9437499999,310571.8802124024,768026.625,0.3520198888857606,0.8752253268853663,0.8752253268853663,0.0598578458173865,0.0513715615864143,0.028398866019685,0.0104821212091128,0.0262875625428213,0.0214008627313595,0.553968212647157,0.5492192253779512,0.2550412261102021,0.0163659735412116,0.2180123471813537,0.1635192263681581,0.7810411706802818,0.5350172277523143,0.1959964880492899,0.1331329788387105,0.2102412940177671,0.1857486508143941,7.532518787763136,6.55643102148013,3.01709518080312,0.2993167623120796,2.2397201379006373,1.1188447640671706,12,82262.17835630898,52211.05963141681,64574.03626843469,141160.2425675762,150537.42140368832,285294.45799427223,98326.36177227151,448776.2490061121,0.364354355954633,0.653168898838747,0.653168898838747,0.0,0.0,0.0,0.0,0.0,0.0,0.0,0.0,0.0,0.0,0.0,0.0,0.0,0.0,0.0,0.0,0.0,0.0,0.0,0.0,0.0,0.0,0.0,0.0,0.0339666788677865,0.0327460843558824,0.0097883763011633,0.0076179017815798,0.0123719855053882,0.008182787299781,0.442155782246976,0.4354141442649124,0.1081696306672094,0.1424282616275075,0.1349443950940486,0.0777807374955353,0.0,0.0,0.0,0.0,0.0,0.0,0.0,0.0,0.0,0.0,0.0,0.0,3069518.3887490183,0.4342480217607789,2564764.836152723,0.3628400013706497,2785271.916220509,0.3940353718413595,2985206.553816512,3069518.3887490183,0.4223203370579733,0.4342480217607789,1.886458333333333,14,14,12,44276.03228759766,181126.58203125,297003.3828125,354847.91250000003,310571.8802124024,768026.625,0.3520198888857606,12,82262.17835630898,52211.05963141681,64574.03626843469,141160.2425675762,150537.42140368832,98326.36177227151,448776.2490061121,0.364354355954633,0.653168898838747,0.653168898838747,0.7810411706802818,0.0,0.5350172277523143,0.0,0.1959964880492899,0.0,0.1331329788387105,0.0,0.2102412940177671,0.0,0.1857486508143941,0.0,7.532518787763136,0.0,6.55643102148013,0.0,3.01709518080312,0.0,0.2993167623120796,0.0,2.2397201379006373,0.0,1.1188447640671706,0.0,0.8752253268853663,0.8752253268853663,0.1428571428571429,0.3901531345668332,0.3901531345668332,0.3901531345668332,0.3901531345668332,0.5425479930191972,0.5425479930191972,0.5425479930191972,0.5425479930191972
C15,60.0,100.0,1500.0,220.0,235.0,3.0,15.0,Tb,,,Harmonized_irBT,Harmonized_irBT,cold,220.0,235.0,K,1.0,K,,,,14,14,12,236241.453125,44276.03228759766,181126.58203125,297003.3828125,354847.91250000003,500561.9437499999,310571.8802124024,768026.625,0.3520198888857606,0.8752253268853663,0.8752253268853663,0.0598578458173865,0.0532524193887927,0.0287020744553312,0.0104841102999367,0.0266703397544617,0.0214008627313595,0.5532481255144927,0.5513631670459406,0.2551062667203409,0.0163679289589751,0.2182247528913965,0.1634816104014107,0.777880224073408,0.5339108964399085,0.1958755035587386,0.1331328400048796,0.2100737576854787,0.1857486508143941,7.485045399492756,6.545076309340788,3.016956751868728,0.2993112811225927,2.23805498698696,1.1196073838131948,12,82291.74071077339,62049.411197173744,69289.2318055087,141120.826094957,151373.0506232157,286718.3780676415,89323.63942604199,450904.7385275499,0.3524601615367824,0.5900894449724634,0.5900894449724634,0.0,0.0,0.0,0.0,0.0,0.0,0.0,0.0,0.0,0.0,0.0,0.0,0.0,0.0,0.0,0.0,0.0,0.0,0.0,0.0,0.0,0.0,0.0,0.0,0.0339329164363988,0.0329383039545224,0.0097931200811698,0.0076180458589085,0.0123900567220231,0.008182787299781,0.4406955632631933,0.4349030676205884,0.1081437435142237,0.1424282701998138,0.1349058826127615,0.0779127182184624,0.0,0.0,0.0,0.0,0.0,0.0,0.0,0.0,0.0,0.0,0.0,0.0,3069518.3887490183,0.4342480217607789,2564764.836152723,0.3628400013706497,2785271.916220509,0.3940353718413595,2985206.553816512,3069518.3887490183,0.4223203370579733,0.4342480217607789,1.886458333333333,14,14,12,44276.03228759766,181126.58203125,297003.3828125,354847.91250000003,310571.8802124024,768026.625,0.3520198888857606,12,82291.74071077339,62049.411197173744,69289.2318055087,141120.826094957,151373.0506232157,89323.63942604199,450904.7385275499,0.3524601615367824,0.5900894449724634,0.5900894449724634,0.777880224073408,0.0,0.5339108964399085,0.0,0.1958755035587386,0.0,0.1331328400048796,0.0,0.2100737576854787,0.0,0.1857486508143941,0.0,7.485045399492756,0.0,6.545076309340788,0.0,3.016956751868728,0.0,0.2993112811225927,0.0,2.23805498698696,0.0,1.1196073838131948,0.0,0.8752253268853663,0.8752253268853663,0.1428571428571429,0.3901531345668332,0.3901531345668332,0.3901531345668332,0.3901531345668332,0.5090077508553873,0.5090077508553873,0.5090077508553873,0.5090077508553873
C15,70.0,100.0,1500.0,220.0,235.0,3.0,15.0,Tb,,,Harmonized_irBT,Harmonized_irBT,cold,220.0,235.0,K,1.0,K,,,,14,14,12,234857.125,44276.03228759766,181126.58203125,297003.3828125,354847.91250000003,500561.9437499999,310571.8802124024,768026.625,0.3523563543127779,0.8752253268853663,0.8752253268853663,0.0601128513304867,0.0533048492341911,0.0284362398752708,0.0104845976317589,0.0267050041467462,0.0216311829271989,0.5820116467639778,0.5627289087453444,0.2602487766307623,0.0163914807340991,0.2231965494889027,0.1640108009684408,0.7753897812922327,0.5330392414664972,0.1760087540436803,0.1331284632413055,0.2053529287938639,0.1555073245321438,7.482409440454957,6.545029966568748,2.897085375001086,0.2992954279423909,2.208096676281633,1.129028167114392,12,82705.61367327519,61931.16177931609,70013.50948988684,143259.1697345496,151974.1518306588,287056.3743203513,90042.99005134273,451101.820890646,0.3507456550339288,0.5924888473908082,0.5924888473908082,0.0,0.0,0.0,0.0,0.0,0.0,0.0,0.0,0.0,0.0,0.0,0.0,0.0,0.0,0.0,0.0,0.0,0.0,0.0,0.0,0.0,0.0,0.0,0.0,0.0373555542750726,0.0339641810155038,0.0099998607616975,0.0076194458244526,0.0126697018774519,0.0082934373707676,0.4406300141154631,0.4348801254188829,0.1047846666218303,0.1424271124336378,0.1339112699700713,0.0785023628041547,0.0,0.0,0.0,0.0,0.0,0.0,0.0,0.0,0.0,0.0,0.0,0.0,3069518.3887490183,0.4342480217607789,2564764.836152727,0.3628400013706502,2785271.916220509,0.3940353718413595,2985206.553816512,3069518.3887490183,0.4223203370579733,0.4342480217607789,1.886458333333333,14,14,12,44276.03228759766,181126.58203125,297003.3828125,354847.91250000003,310571.8802124024,768026.625,0.3523563543127779,12,82705.61367327519,61931.16177931609,70013.50948988684,143259.1697345496,151974.1518306588,90042.99005134273,451101.820890646,0.3507456550339288,0.5924888473908082,0.5924888473908082,0.7753897812922327,0.0,0.5330392414664972,0.0,0.1760087540436803,0.0,0.1331284632413055,0.0,0.2053529287938639,0.0,0.1555073245321438,0.0,7.482409440454957,0.0,6.545029966568748,0.0,2.897085375001086,0.0,0.2992954279423909,0.0,2.208096676281633,0.0,1.129028167114392,0.0,0.8752253268853663,0.8752253268853663,0.1428571428571429,0.3901531345668332,0.3901531345668332,0.3901531345668332,0.3901531345668332,0.5112807814004677,0.5112807814004677,0.5112807814004677,0.5112807814004677
C16,0.0,100.0,1500.0,220.0,235.0,3.0,15.0,Tb,,,Harmonized_irBT,Harmonized_irBT,cold,220.0,235.0,K,1.0,K,,,,21,21,21,179421.453125,121978.125,132230.21875,230770.953125,473603.65625,736654.9375,351625.53125,1089370.875,0.3728981000009697,0.7424468257575872,0.7424468257575872,0.0764462623212013,0.0559720377934285,0.0272806895445017,0.023524584148778,0.0255850466288744,0.0235946006821528,1.5077972530529529,0.9340404052711296,0.5341063804133567,0.2390823302123175,0.3121522576693855,0.189654151235065,0.9700294599229076,0.937130926307298,0.3755251776619865,0.3487968603429686,0.3849528525150352,0.2603980992961047,17.051160237482335,16.354094492419424,9.372617027658436,4.289903188368511,5.49908616481402,3.450330901109105,21,78346.1018319746,52197.79387947653,68463.89928001011,114930.01567934724,279389.63054914057,309135.06023055373,227191.83666966404,695529.1800123659,0.4184666485835701,0.8131720430107527,0.8131720430107527,0.0070562365361982,0.0021941111141208,0.0002754920820911,0.000276023071051,0.0004404927452532,0.0,0.0070562365361982,0.0021941111141208,0.0002754920820911,0.000276023071051,0.0004404927452532,0.0,1.0000857215413863,0.6607290673140973,0.0941107377436021,0.1517973788519856,0.1127473164971382,0.0,8.333420837362961,6.553192042040727,1.0831226804164524,1.381785311824254,1.0540441966616332,0.0,0.0489867387416292,0.0227213665021941,0.014220871025463,0.011515069577232,0.0126738759246408,0.0128092166972108,0.7461972463352621,0.6138997719363971,0.2537904366293362,0.2060112895457415,0.2282317419571266,0.1603795778300784,0.0003893116161814,0.0001563775997775,1.5935730435445367e-05,1.6681993036835753e-05,2.598520075995532e-05,0.0,0.9282679802044383,0.6259857582656396,0.0509700363894456,0.1369638340433467,0.094179522281403,0.0,4171208.521766357,0.5901052932499142,2621194.933693275,0.3708232271153045,3249623.958377804,0.4597277477028258,2497084.351843141,2621194.933693275,0.3532651714784511,0.3708232271153045,1.8125,21,21,21,121978.125,132230.21875,230770.953125,473603.65625,351625.53125,1089370.875,0.3728981000009697,21,78346.1018319746,52197.79387947653,68463.89928001011,114930.01567934724,279389.63054914057,227191.83666966404,695529.1800123659,0.4184666485835701,0.8131720430107527,0.8131720430107527,0.9700294599229076,1.0000857215413863,0.937130926307298,0.6607290673140973,0.3755251776619865,0.0941107377436021,0.3487968603429686,0.1517973788519856,0.3849528525150352,0.1127473164971382,0.2603980992961047,0.0,17.051160237482335,8.333420837362961,16.354094492419424,6.553192042040727,9.372617027658436,1.0831226804164524,4.289903188368511,1.381785311824254,5.49908616481402,1.0540441966616332,3.450330901109105,0.0,0.7424468257575872,0.7424468257575872,0.0,0.42700666197631976,0.42700666197631976,0.42700666197631976,0.42700666197631976,0.40429922613929503,0.40429922613929503,0.40429922613929503,0.40429922613929503
C16,10.0,100.0,1500.0,220.0,235.0,3.0,15.0,Tb,,,Harmonized_irBT,Harmonized_irBT,cold,220.0,235.0,K,1.0,K,,,,21,21,21,179010.921875,118441.734375,129423.5390625,226486.25,494942.34375,736654.9375,376500.609375,1103860.75,0.3916173932405978,0.7606958954499435,0.7606958954499435,0.0850605188461127,0.0559720377934285,0.0276494419523556,0.024226571315609,0.0264327240625077,0.0228335451687591,1.6113737404109374,1.0022041853491337,0.5833884661908851,0.2366345195713771,0.3283368246601509,0.23084860278696,0.9700294599229076,0.9145013272881544,0.3421588660754304,0.3559096530341071,0.3679168799468574,0.2603980992961047,18.67437698214102,18.316401210422,10.41950659653502,4.490623327596255,5.700220793580704,3.6785708582364034,21,76764.94942366029,45972.00627173889,63443.74038361214,109988.91440336496,264783.735177337,283974.9725332521,218811.7289055981,683354.3064683457,0.439746324568462,0.8263790400836009,0.8263790400836009,0.0084564714260281,0.0023028271798475,0.0003262597989451,0.0003092902586104,0.0005123475526607,0.0,0.0084564714260281,0.0023028271798475,0.0003262597989451,0.0003092902586104,0.0005123475526607,0.0,1.0000374753451862,0.6518277874396096,0.0946296435466504,0.1442243248910112,0.1150919948585578,0.0,6.634132512992038,6.610011985388078,0.9955036843547996,1.1430820970570017,0.960442957964722,0.0,0.0491654433297334,0.0258303924097285,0.0149689095443098,0.0111006465856656,0.0128931113488903,0.0133816119280236,0.7461972463352621,0.6154868222504951,0.266495699410063,0.2161355285010907,0.228574131999179,0.1649083827194239,0.0004748905490353,0.0001691140567127,1.914952870095576e-05,1.8978426624619587e-05,3.066688598800578e-05,0.0,0.7497486947597303,0.5233611542566833,0.047794782803877,0.1081449984999067,0.0813921374202363,0.0,4171208.521766357,0.5901052932499142,2621194.933693275,0.3708232271153045,3249623.958377804,0.4597277477028258,2497084.351843141,2621194.933693275,0.3532651714784511,0.3708232271153045,2.1666666666666665,21,21,21,118441.734375,129423.5390625,226486.25,494942.34375,376500.609375,1103860.75,0.3916173932405978,21,76764.94942366029,45972.00627173889,63443.74038361214,109988.91440336496,264783.735177337,218811.7289055981,683354.3064683457,0.439746324568462,0.8263790400836009,0.8263790400836009,0.9700294599229076,1.0000374753451862,0.9145013272881544,0.6518277874396096,0.3421588660754304,0.0946296435466504,0.3559096530341071,0.1442243248910112,0.3679168799468574,0.1150919948585578,0.2603980992961047,0.0,18.67437698214102,6.634132512992038,18.316401210422,6.610011985388078,10.41950659653502,0.9955036843547996,4.490623327596255,1.1430820970570017,5.700220793580704,0.960442957964722,3.6785708582364034,0.0,0.7606958954499435,0.7606958954499435,0.0,0.4285589563936001,0.4285589563936001,0.4285589563936001,0.4285589563936001,0.4231805929919137,0.4231805929919137,0.4231805929919137,0.4231805929919137
C16,20.0,100.0,1500.0,220.0,235.0,3.0,15.0,Tb,,,Harmonized_irBT,Harmonized_irBT,cold,220.0,235.0,K,1.0,K,,,,23,23,22,179010.921875,109356.7421875,122114.4921875,219680.9453125,434082.98750000016,729503.3156249996,324726.24531250016,815159.8125,0.3789735671404839,0.7480741117791446,0.7480741117791446,0.0559720377934285,0.0511456610845229,0.0242308028436344,0.0008872488970028,0.0225727166593228,0.0204576976421636,0.7797178177372315,0.6305191028461905,0.426657821657572,0.008126203718454,0.2484980994706844,0.2204529661318597,0.6719287070431847,0.6245200605969277,0.2579880086248972,0.0099573260180998,0.2694471568068119,0.2104048663347397,11.91691322840173,10.363761842242422,6.222417859071084,0.1173563406656817,3.657392274000516,2.050938787448927,22,75885.43339653546,49207.43938725207,58581.6967280456,105838.38933153987,249215.31327697236,466115.8242090201,200007.87388972027,500691.6744978337,0.4203296501866013,0.8025504984416266,0.8025504984416266,0.0,0.0,0.0,0.0,0.0,0.0,0.0,0.0,0.0,0.0,0.0,0.0,0.4822438618632492,0.2539519366596838,0.0213571068874013,0.0660824966664558,0.0389983062225706,0.0,2.977550973436832,2.628031605535327,0.1547471705386683,0.4968273602237144,0.2868280509070318,0.0,0.0328602038768447,0.0232759297763778,0.0114584135010981,0.0004315721481758,0.0110433049388908,0.0112058768560393,0.5945187157904777,0.4124117378660024,0.1653130219508427,0.0060389733384665,0.1601284451219242,0.1205178650846838,0.0,0.0,0.0,0.0,0.0,0.0,0.2760760380134094,0.2606515206630161,0.0083589160191224,0.0475777205937285,0.0264132098868711,0.0,2715935.6095589623,0.38422629100498557,2552258.665131277,0.3610707400931246,2511934.831728112,0.3553660846170999,2002707.4047760367,2715935.6095589623,0.2833251404771978,0.3842262910049855,1.9687499999999996,23,23,22,109356.7421875,122114.4921875,219680.9453125,434082.98750000016,324726.24531250016,815159.8125,0.3789735671404839,22,75885.43339653546,49207.43938725207,58581.6967280456,105838.38933153987,249215.31327697236,200007.87388972027,500691.6744978337,0.4203296501866013,0.8025504984416266,0.8025504984416266,0.6719287070431847,0.4822438618632492,0.6245200605969277,0.2539519366596838,0.2579880086248972,0.0213571068874013,0.0099573260180998,0.0660824966664558,0.2694471568068119,0.0389983062225706,0.2104048663347397,0.0,11.91691322840173,2.977550973436832,10.363761842242422,2.628031605535327,6.222417859071084,0.1547471705386683,0.1173563406656817,0.4968273602237144,3.657392274000516,0.2868280509070318,2.050938787448927,0.0,0.7480741117791446,0.7480741117791446,0.04347826086956519,0.4441279738040548,0.4441279738040548,0.4441279738040548,0.4441279738040548,0.4464985994397759,0.4464985994397759,0.4464985994397759,0.4464985994397759
C16,30.0,100.0,1500.0,220.0,235.0,3.0,15.0,Tb,,,Harmonized_irBT,Harmonized_irBT,cold,220.0,235.0,K,1.0,K,,,,22,22,20,153190.390625,100550.81875,118392.583984375,215777.25390625,265264.60937500006,638869.1656249997,164713.79062500005,1483303.375,0.4656678162969747,0.6209414479115342,0.6209414479115342,0.0870398161013096,0.0749226903525862,0.024514733646568,0.0270292045853188,0.0278691536839764,0.0209158892764123,1.5140452612895243,1.1843811048583637,0.5542476252391344,0.0627317950338422,0.3336536735811164,0.2513710183874382,1.0003356481434893,0.8147685407516483,0.4849837539456254,0.5248622832540901,0.3783276716627632,0.3069742711807088,19.480304630081505,17.29688133517306,11.907628519824996,1.825814482540516,5.615660772716405,3.481438463099649,20,73503.82258151201,47707.321039863855,54450.93606132444,102705.73112256711,174535.50859177663,378976.53854630806,126828.18755191276,891078.2041106396,0.480749708328914,0.7266612311455365,0.7266612311455365,0.0,0.0,0.0,0.0,0.0,0.0,0.0,0.0,0.0,0.0,0.0,0.0,1.0000641903457517,0.0756841636906508,0.0241805529947388,0.0893918543695554,0.051696244428231,0.0,9.855484925075904,0.6960452515875125,0.2074609987036473,0.8783617754372041,0.5038445328821781,0.0,0.0479710602380482,0.0354538078771657,0.0149044361965517,0.0174116291197976,0.0146042306419693,0.0138172048876093,1.0002340139457837,0.571365216847666,0.3004487317191704,0.5228604524758769,0.2550420159029856,0.1775475480674936,0.0,0.0,0.0,0.0,0.0,0.0,0.9899935205241226,0.0550922571922341,0.01199566166434,0.0882038323685187,0.0498225970556412,0.0,5188205.750794124,0.7339809697926071,2716245.9107190818,0.3842701896391901,4545002.83329441,0.6429863709204222,1451883.3167320732,1562544.2209089734,0.2053994725782803,0.2210547880509667,1.915625,22,22,20,100550.81875,118392.583984375,215777.25390625,265264.60937500006,164713.79062500005,1483303.375,0.4656678162969747,20,73503.82258151201,47707.321039863855,54450.93606132444,102705.73112256711,174535.50859177663,126828.18755191276,891078.2041106396,0.480749708328914,0.7266612311455365,0.7266612311455365,1.0003356481434893,1.0000641903457517,0.8147685407516483,0.0756841636906508,0.4849837539456254,0.0241805529947388,0.5248622832540901,0.0893918543695554,0.3783276716627632,0.051696244428231,0.3069742711807088,0.0,19.480304630081505,9.855484925075904,17.29688133517306,0.6960452515875125,11.907628519824996,0.2074609987036473,1.825814482540516,0.8783617754372041,5.615660772716405,0.5038445328821781,3.481438463099649,0.0,0.6209414479115342,0.6209414479115342,0.09090909090909094,0.45132036931096675,0.45132036931096675,0.45132036931096675,0.45132036931096675,0.46983546617915894,0.46983546617915894,0.46983546617915894,0.46983546617915894
C16,40.0,100.0,1500.0,220.0,235.0,3.0,15.0,Tb,,,Harmonized_irBT,Harmonized_irBT,cold,220.0,235.0,K,1.0,K,,,,22,22,20,169439.5,58591.562890625006,111205.5859375,220810.890625,265264.60937500006,642193.0374999997,206673.04648437505,1483303.375,0.4756434534802066,0.7791203167709602,0.7791203167709602,0.0705592069777796,0.0573965846973394,0.0232725139521097,0.0270676208818308,0.0273209731410378,0.0256026291265378,1.3111507709069663,0.6870820202316266,0.5130864947128909,0.062646568352915,0.2979466370700157,0.279984896015217,1.0003356481434893,0.8129577704866995,0.477211170472794,0.52431159332892,0.3635324080120179,0.3053657707178476,17.379386942699277,17.214432034795962,11.753138114583514,1.8136401601044856,4.995486137708706,3.277238647245385,20,76923.06466449171,44347.37217219592,50507.9372430906,103278.89887058106,175946.68711619716,382211.9716618213,131599.31494400123,893825.4564200857,0.4902314741366936,0.7479499449574267,0.7479499449574267,0.0,0.0,0.0,0.0,0.0,0.0,0.0,0.0,0.0,0.0,0.0,0.0,1.0001679657481437,0.0762052367062045,0.0244878800910174,0.0884866455349827,0.0517447282399387,0.0,9.720628256336791,0.6816666270094782,0.2016984446060395,0.8574845586621019,0.4967823705879932,0.0,0.043463499014038,0.032607078904299,0.0140226406305613,0.0174161829128768,0.0143101190480764,0.01379517992879,1.0002340139457837,0.526911572501299,0.2967300173083876,0.5218649959059758,0.2381851406759932,0.1583214985255823,0.0,0.0,0.0,0.0,0.0,0.0,0.9896339564999672,0.0549186408676344,0.0119010084066787,0.0872689570794639,0.0498032203978296,0.0,5188205.750794124,0.7339809697926071,2716245.9107190818,0.3842701896391901,4705803.562669338,0.6657350206384683,1451883.3167320732,1601183.632887151,0.2053994725782803,0.2265211466416256,1.915625,22,22,20,58591.562890625006,111205.5859375,220810.890625,265264.60937500006,206673.04648437505,1483303.375,0.4756434534802066,20,76923.06466449171,44347.37217219592,50507.9372430906,103278.89887058106,175946.68711619716,131599.31494400123,893825.4564200857,0.4902314741366936,0.7479499449574267,0.7479499449574267,1.0003356481434893,1.0001679657481437,0.8129577704866995,0.0762052367062045,0.477211170472794,0.0244878800910174,0.52431159332892,0.0884866455349827,0.3635324080120179,0.0517447282399387,0.3053657707178476,0.0,17.379386942699277,9.720628256336791,17.214432034795962,0.6816666270094782,11.753138114583514,0.2016984446060395,1.8136401601044856,0.8574845586621019,4.995486137708706,0.4967823705879932,3.277238647245385,0.0,0.7791203167709602,0.7791203167709602,0.09090909090909094,0.4963763534364849,0.4963763534364849,0.4963763534364849,0.4963763534364849,0.5109558893885753,0.5109558893885753,0.5109558893885753,0.5109558893885753
C16,50.0,100.0,1500.0,220.0,235.0,3.0,15.0,Tb,,,Harmonized_irBT,Harmonized_irBT,cold,220.0,235.0,K,1.0,K,,,,21,21,19,180888.75,98681.046875,131625.984375,219207.71875,269289.0625,661819.5625,170608.015625,1499598.125,0.4592369951651178,0.6335497403463982,0.6335497403463982,0.0692065749290332,0.0556967977059301,0.0225525572310955,0.0269922171267142,0.0253882954041672,0.0194110049263689,1.372064349014018,0.6082947366170697,0.4631254458332776,0.0616563926949927,0.2782779114578395,0.2381474874945227,1.0003356481434893,0.8202360071862951,0.4585597597341297,0.5246230972040713,0.3525387434644698,0.2626398824019356,16.161239214467386,15.906336897077248,11.130959202943464,1.8127160921110776,5.13060213868152,3.382370284000874,19,78267.0442115589,51039.59974038629,67950.02474730797,105057.69532993468,197723.10865970573,414344.9414797875,146683.50891931943,897501.6357694166,0.4657879747484549,0.7418632546981205,0.7418632546981205,0.0,0.0,0.0,0.0,0.0,0.0,0.0,0.0,0.0,0.0,0.0,0.0,1.0002777777777607,0.1247288875469972,0.0243141294762606,0.1043153087471405,0.0544703657267234,0.0,9.605295657674423,1.14021271251162,0.1964548393903273,0.9987561438138934,0.5166005348110017,0.0,0.0379270852918857,0.0331087960057459,0.0126774495066305,0.0173974957823733,0.01287716670471,0.0122116563614567,1.0002340139457837,0.5301654466945149,0.2853725204328013,0.5230554031688727,0.2414108303746092,0.1754470277502867,0.0,0.0,0.0,0.0,0.0,0.0,0.9897316241282248,0.1040338181831927,0.0118357979694656,0.1028763918197252,0.0524313527452605,0.0,5202436.122468956,0.7359941555651266,2727557.079760067,0.3858703927192086,4726805.219532775,0.6687061473077446,1451883.3167320732,1601183.632887151,0.2053994725782803,0.2265211466416256,1.9583333333333333,21,21,19,98681.046875,131625.984375,219207.71875,269289.0625,170608.015625,1499598.125,0.4592369951651178,19,78267.0442115589,51039.59974038629,67950.02474730797,105057.69532993468,197723.10865970573,146683.50891931943,897501.6357694166,0.4657879747484549,0.7418632546981205,0.7418632546981205,1.0003356481434893,1.0002777777777607,0.8202360071862951,0.1247288875469972,0.4585597597341297,0.0243141294762606,0.5246230972040713,0.1043153087471405,0.3525387434644698,0.0544703657267234,0.2626398824019356,0.0,16.161239214467386,9.605295657674423,15.906336897077248,1.14021271251162,11.130959202943464,0.1964548393903273,1.8127160921110776,0.9987561438138934,5.13060213868152,0.5166005348110017,3.382370284000874,0.0,0.6335497403463982,0.6335497403463982,0.09523809523809523,0.3995376388861763,0.3995376388861763,0.3995376388861763,0.3995376388861763,0.3532123036402971,0.3532123036402971,0.3532123036402971,0.3532123036402971
C16,60.0,100.0,1500.0,220.0,235.0,3.0,15.0,Tb,,,Harmonized_irBT,Harmonized_irBT,cold,220.0,235.0,K,1.0,K,,,,23,23,21,149200.4375,72660.41562500001,110992.703125,219680.9453125,605481.7875000002,663421.7125,532821.3718750002,1225543.375,0.4841397608863396,0.8799957040408916,0.8799957040408916,0.0981211582998136,0.0680407084744617,0.0251736904179417,0.0008615371624124,0.0284550102719453,0.0217447514989418,1.256838067180415,1.0015665859703762,0.4056684939469833,0.0069959608907705,0.2765198491880927,0.2194175310496618,0.8388719386127566,0.576924451458257,0.3177979562134419,0.1458003279957486,0.2839296180658354,0.2626398824019356,13.551563875906604,11.85219026199639,8.008270278930489,0.2469824161775497,4.228730367211969,2.206617370027436,21,78346.1018319746,46367.294373817465,69432.35513010263,108941.40093285672,360878.2727926399,364435.8657113471,314510.9784188224,739406.1593430884,0.4633363671858252,0.8715154170546032,0.8715154170546032,0.0,0.0,0.0,0.0,0.0,0.0,0.0,0.0,0.0,0.0,0.0,0.0,0.4122755123600278,0.1134206422715118,0.0327181859276079,0.0395915188361879,0.0279592465789037,0.0,2.7330323819842564,1.0557732088489038,0.1921691569898354,0.2534297322688424,0.1887444234113232,0.0,0.0407041920090071,0.0374720174542018,0.011568369302112,0.0003407786337712,0.0119462121926029,0.011206608759898,0.6071616373580847,0.4047218743458134,0.2257044331980587,0.0609741344718323,0.1805299368632328,0.1335928710850517,0.0,0.0,0.0,0.0,0.0,0.0,0.2765155570979424,0.0682143065122863,0.0109539935419742,0.025210623109786,0.0167213522780539,0.0,4217635.109355494,0.5966733118327587,3086325.50230786,0.4366257419403314,3339628.588670455,0.4724607982025893,1451883.3167320732,1577802.3416492026,0.2053994725782803,0.2232133705737227,2.181249999999999,23,23,21,72660.41562500001,110992.703125,219680.9453125,605481.7875000002,532821.3718750002,1225543.375,0.4841397608863396,21,78346.1018319746,46367.294373817465,69432.35513010263,108941.40093285672,360878.2727926399,314510.9784188224,739406.1593430884,0.4633363671858252,0.8715154170546032,0.8715154170546032,0.8388719386127566,0.4122755123600278,0.576924451458257,0.1134206422715118,0.3177979562134419,0.0327181859276079,0.1458003279957486,0.0395915188361879,0.2839296180658354,0.0279592465789037,0.2626398824019356,0.0,13.551563875906604,2.7330323819842564,11.85219026199639,1.0557732088489038,8.008270278930489,0.1921691569898354,0.2469824161775497,0.2534297322688424,4.228730367211969,0.1887444234113232,2.206617370027436,0.0,0.8799957040408916,0.8799957040408916,0.08695652173913049,0.4947549821987932,0.4947549821987932,0.4947549821987932,0.4947549821987932,0.36266328011611026,0.36266328011611026,0.36266328011611026,0.36266328011611026
C16,70.0,100.0,1500.0,220.0,235.0,3.0,15.0,Tb,,,Harmonized_irBT,Harmonized_irBT,cold,220.0,235.0,K,1.0,K,,,,24,24,22,159549.171875,74004.15078125,113787.177734375,231728.0546875,694155.0375,890440.6718749995,620150.88671875,1215832.375,0.5061175457291411,0.8933895934144971,0.8933895934144971,0.1078057626435623,0.0877254770310552,0.0226590566112843,0.0008745988610089,0.0279497553961263,0.0179257311825312,1.1748616033800112,0.9997309081065924,0.3270885760888732,0.0071751482744634,0.2767880708021425,0.2167121051096547,0.7486567200465368,0.5595538694072993,0.2748466316211986,0.146068649293117,0.2734627663306389,0.2362544383711668,9.960222412477007,7.94797874893898,4.626721020346103,0.243891088458908,3.4702303575681976,2.3387905926331785,22,88050.42473800376,47177.63498307856,59159.80557733552,126413.13504472998,386965.3110893159,534556.9944231608,339787.6761062373,739089.9288614255,0.4939961108410307,0.8780830383729423,0.8780830383729423,0.0,0.0,0.0,0.0,0.0,0.0,0.0,0.0,0.0,0.0,0.0,0.0,0.3601266335833425,0.0291492364908575,0.0064632767660376,0.0342520454078353,0.0188511404468721,0.0,2.6821240241284245,0.1939293307982628,0.0443139102199054,0.241727632248586,0.1330484356369262,0.0,0.0422064213617862,0.0319838442528287,0.01275716527172,0.000335033324182,0.012017247429194,0.0087316537593218,0.5743630146518379,0.2875607924600238,0.1855758846587585,0.0609451297056379,0.1618018957484822,0.1268357777692983,0.0,0.0,0.0,0.0,0.0,0.0,0.2699398509579085,0.012593582121504,0.0037341705596603,0.0241565117075208,0.0130074905757156,0.0,3683511.9436243614,0.5211103411252018,3065748.286044032,0.433714661332812,2566409.9791856967,0.3630727415002416,2478278.520386761,2478278.520386761,0.3506046905582414,0.3506046905582414,2.182291666666666,24,24,22,74004.15078125,113787.177734375,231728.0546875,694155.0375,620150.88671875,1215832.375,0.5061175457291411,22,88050.42473800376,47177.63498307856,59159.80557733552,126413.13504472998,386965.3110893159,339787.6761062373,739089.9288614255,0.4939961108410307,0.8780830383729423,0.8780830383729423,0.7486567200465368,0.3601266335833425,0.5595538694072993,0.0291492364908575,0.2748466316211986,0.0064632767660376,0.146068649293117,0.0342520454078353,0.2734627663306389,0.0188511404468721,0.2362544383711668,0.0,9.960222412477007,2.6821240241284245,7.94797874893898,0.1939293307982628,4.626721020346103,0.0443139102199054,0.243891088458908,0.241727632248586,3.4702303575681976,0.1330484356369262,2.3387905926331785,0.0,0.8933895934144971,0.8933895934144971,0.08333333333333337,0.5089624435512383,0.5089624435512383,0.5089624435512383,0.5089624435512383,0.5320121951219512,0.5320121951219512,0.5320121951219512,0.5320121951219512
C17,0.0,100.0,1500.0,220.0,235.0,3.0,15.0,Tb,,,Harmonized_irBT,Harmonized_irBT,cold,220.0,235.0,K,1.0,K,,,,44,44,34,166925.2890625,7812.174072265625,107517.97265625,229590.953125,377811.5375,402285.740625,369999.3634277344,1710262.0,0.4899145836274347,0.979322563508888,0.979322563508888,0.1875,0.1048413330869724,0.0321488790603787,0.1510582545750547,0.0351963856154069,0.0237238604890957,3.773301135388545,3.1874893505039505,2.7268826659404937,0.1512542392819641,0.6223529331751729,0.2836328181270319,1.009523809522228,0.9794167489366916,0.458212500216418,0.958671415341459,0.4071869476672272,0.3736595649230276,79.23828198756132,35.30694545804972,55.51721011554399,1.0309592745025236,9.591820075769958,5.499488025556259,34,71336.19053632233,36445.48302207669,45156.08866222327,96651.99173991906,147807.96874385304,213460.05453539663,111362.48572177636,1074765.126512719,0.4731076361720109,0.7534268055247031,0.7534268055247031,0.0,0.0,0.0,0.0,0.0,0.0,0.0,0.0,0.0,0.0,0.0,0.0,0.996421476172284,0.4335969069308142,0.0322535689603058,0.0687358248179837,0.0633334293493393,0.0,23.41108423144464,3.755586246328937,0.6203224440214713,1.0364630136650943,0.9551544607518228,0.0,0.1875,0.0529860119190695,0.0155573917666627,0.1510520999645039,0.022171286216581,0.0111714075149189,1.0034470899453312,0.9595975140416242,0.2853745762380118,0.9582334630771806,0.3116310115697193,0.2282036705976545,0.0,0.0,0.0,0.0,0.0,0.0,0.8688444111760688,0.2443900247603626,0.0072616962108548,0.0501967541826764,0.0425753876878852,0.0,5647746.174673095,0.7989926409133922,3438377.3442766857,0.4864308893838384,4628396.723776121,0.6547841930482696,2199756.261821881,2785143.7260063738,0.311201851258935,0.3940172366358167,3.413541666666667,44,44,34,7812.174072265625,107517.97265625,229590.953125,377811.5375,369999.3634277344,1710262.0,0.4899145836274347,34,71336.19053632233,36445.48302207669,45156.08866222327,96651.99173991906,147807.96874385304,111362.48572177636,1074765.126512719,0.4731076361720109,0.7534268055247031,0.7534268055247031,1.009523809522228,0.996421476172284,0.9794167489366916,0.4335969069308142,0.458212500216418,0.0322535689603058,0.958671415341459,0.0687358248179837,0.4071869476672272,0.0633334293493393,0.3736595649230276,0.0,79.23828198756132,23.41108423144464,35.30694545804972,3.755586246328937,55.51721011554399,0.6203224440214713,1.0309592745025236,1.0364630136650943,9.591820075769958,0.9551544607518228,5.499488025556259,0.0,0.979322563508888,0.979322563508888,0.2272727272727273,0.5316976945615439,0.5316976945615439,0.5316976945615439,0.5316976945615439,0.5327971224459209,0.5327971224459209,0.5327971224459209,0.5327971224459209
C17,10.0,100.0,1500.0,220.0,235.0,3.0,15.0,Tb,,,Harmonized_irBT,Harmonized_irBT,cold,220.0,235.0,K,1.0,K,,,,51,51,36,152879.234375,848.386962890625,10360.34375,222246.1171875,374896.65625,481754.0,374048.2692871094,1709240.125,0.5567217180273978,0.9977370111236071,0.9977370111236071,0.1428571428571428,0.0684952584011307,0.0266470498679104,0.0986110906949595,0.0248733973763408,0.0197826627984079,3.4361547929840266,1.462004287153067,2.322009359820317,0.098862914881105,0.4853773470219407,0.1761319818525063,1.009523809522228,0.9864137475706964,0.4862050593633907,0.7992487196017106,0.3810973515254974,0.3422656702699275,75.23216894108923,23.440856931264427,49.602566655936826,1.011078625214152,7.967427649761642,4.322625798741423,36,75720.46432859125,32457.145849814453,40742.84389775876,95285.52755135948,161097.91938905226,254654.84559940707,128640.7735392378,1034379.5912720398,0.479235146909295,0.7985253566718619,0.7985253566718619,0.0,0.0,0.0,0.0,0.0,0.0,0.0,0.0,0.0,0.0,0.0,0.0,0.9886171680927556,0.2711816878714001,0.0993221264151631,0.044371510675671,0.0590792962079764,0.0,22.015648127714236,5.437473577935912,2.621858779128065,0.7776186233597489,1.1449780486704622,0.0,0.1428571428571428,0.0344303033895488,0.0147155116370184,0.0986037508931674,0.0144370665368598,0.0067649431524399,1.0034470899453312,0.828199366199081,0.2845166127318447,0.7963247772913454,0.2605224736728109,0.1950414285112906,0.0,0.0,0.0,0.0,0.0,0.0,0.877522774165517,0.1261723261917122,0.0271804158325823,0.0311713202435446,0.0381552494239425,0.0,6050751.711895477,0.8560062616621449,3256583.528050177,0.4607123254051819,5044305.449164905,0.7136232415110916,1132117.9944692925,1922195.0342064872,0.1601619333182852,0.2719349700272509,3.0,51,51,36,848.386962890625,10360.34375,222246.1171875,374896.65625,374048.2692871094,1709240.125,0.5567217180273978,36,75720.46432859125,32457.145849814453,40742.84389775876,95285.52755135948,161097.91938905226,128640.7735392378,1034379.5912720398,0.479235146909295,0.7985253566718619,0.7985253566718619,1.009523809522228,0.9886171680927556,0.9864137475706964,0.2711816878714001,0.4862050593633907,0.0993221264151631,0.7992487196017106,0.044371510675671,0.3810973515254974,0.0590792962079764,0.3422656702699275,0.0,75.23216894108923,22.015648127714236,23.440856931264427,5.437473577935912,49.602566655936826,2.621858779128065,1.011078625214152,0.7776186233597489,7.967427649761642,1.1449780486704622,4.322625798741423,0.0,0.9977370111236071,0.9977370111236071,0.2941176470588235,0.9533834656771105,0.9533834656771105,0.9533834656771105,0.9533834656771105,0.5724130941522245,0.5724130941522245,0.5724130941522245,0.5724130941522245
C17,20.0,100.0,1500.0,220.0,235.0,3.0,15.0,Tb,,,Harmonized_irBT,Harmonized_irBT,cold,220.0,235.0,K,1.0,K,,,,43,43,34,166911.984375,1070.9730224609375,102166.2890625,249986.4765625,370915.63125,482639.5874999999,369844.6582275391,1811220.125,0.5168526438752898,0.997112623647454,0.997112623647454,0.1428571428571428,0.0696357393110143,0.0365996172908287,0.1107822446041924,0.0303901975322099,0.0207511055222366,3.743774264951226,1.9410609454924967,2.65726662918731,0.1110729364473846,0.5889747735735948,0.244917120932015,1.009523809522228,0.9845350437453022,0.5232642722528402,0.8900581666442493,0.3733974076133481,0.364236322093286,75.7951303413407,22.138127192748524,51.89147816398652,1.1031007342960988,8.728839420047084,6.644291002135077,34,74687.16632028116,35997.39865211793,45498.91183320464,92209.77600325894,141119.53696295997,204724.3407193472,105122.13831084204,948065.4081105874,0.4407749044483433,0.7449155557988667,0.7449155557988667,0.0,0.0,0.0,0.0,0.0,0.0,0.0,0.0,0.0,0.0,0.0,0.0,0.7926375973274352,0.0518086752184787,0.0099735329166899,0.0307380688217579,0.027551195320245,0.0,11.379173555013768,0.2445695713232808,0.1525936641878144,0.4076576161488562,0.3524825223834564,0.0,0.1428571428571428,0.0472077526160231,0.0165852283780593,0.1107736936716261,0.0179522235004143,0.012403765446125,1.0034470899453312,0.9588669649255732,0.2891684563037807,0.8895428650046071,0.2796763642210016,0.2161235232135334,0.0,0.0,0.0,0.0,0.0,0.0,0.4805160507191151,0.0098955310705533,0.0022561820784462,0.0173849877536927,0.0149484491963158,0.0,5847713.4817579165,0.8272822279172359,3587071.824769724,0.5074668552335704,4669089.35132208,0.6605410222227913,2378478.189296618,3157913.2252472863,0.33648583187806,0.4467533330252227,3.50625,43,43,34,1070.9730224609375,102166.2890625,249986.4765625,370915.63125,369844.6582275391,1811220.125,0.5168526438752898,34,74687.16632028116,35997.39865211793,45498.91183320464,92209.77600325894,141119.53696295997,105122.13831084204,948065.4081105874,0.4407749044483433,0.7449155557988667,0.7449155557988667,1.009523809522228,0.7926375973274352,0.9845350437453022,0.0518086752184787,0.5232642722528402,0.0099735329166899,0.8900581666442493,0.0307380688217579,0.3733974076133481,0.027551195320245,0.364236322093286,0.0,75.7951303413407,11.379173555013768,22.138127192748524,0.2445695713232808,51.89147816398652,0.1525936641878144,1.1031007342960988,0.4076576161488562,8.728839420047084,0.3524825223834564,6.644291002135077,0.0,0.997112623647454,0.997112623647454,0.2093023255813954,0.5913127363233305,0.5913127363233305,0.5913127363233305,0.5913127363233305,0.5065717128344767,0.5065717128344767,0.5065717128344767,0.5065717128344767
C17,30.0,100.0,1500.0,220.0,235.0,3.0,15.0,Tb,,,Harmonized_irBT,Harmonized_irBT,cold,220.0,235.0,K,1.0,K,,,,44,44,36,149154.3984375,1688.4557495117183,98990.978515625,237107.76171875,347592.2562500001,474748.4765625002,345903.8005004884,1812651.25,0.5064997057427131,0.9951424241502742,0.9951424241502742,0.1428571428571428,0.0673173170248264,0.0401060628686697,0.1132757484863174,0.0332065862250926,0.0282485459233973,3.714784457092324,1.8615910096496973,2.672805437094549,0.1136761604503866,0.636889062056213,0.5194540181246189,1.009523809522228,0.9960276003745726,0.5249169237667846,0.9101263785581092,0.4246301824646855,0.453321040540498,79.91157060079044,28.717079865659347,55.4414007038982,1.1299245434174738,10.0808648717216,7.174317115361855,36,72214.9766929225,33210.3911269003,43007.40822438224,88322.83723368135,138259.13630818017,197876.56859137843,105048.74518127988,1018155.8468424984,0.46361505672596,0.7597960466578194,0.7597960466578194,0.0,0.0,0.0,0.0,0.0,0.0,0.0,0.0,0.0,0.0,0.0,0.0,0.9351064435332972,0.2729914020684547,0.0165457443379205,0.1053535664368885,0.053083791047529,0.0,10.120129471506203,2.433037275491242,0.2525905775956335,1.1019552576814209,0.5449349407605913,0.0,0.1428571428571428,0.0477589076308978,0.0165719224219589,0.1132653307352379,0.0198252938569767,0.0152891050040255,1.0034470899453312,0.9642622360548472,0.3073948720231099,0.909590698932746,0.3247616664631707,0.2735591699560381,0.0,0.0,0.0,0.0,0.0,0.0,0.8051504175137824,0.2064304517516818,0.0037124709663802,0.0919683547888468,0.0445492405299199,0.0,6028444.063304856,0.8528503749581856,3553948.8294089497,0.5027809099520796,5019460.909109022,0.7101084580811019,2378478.189296618,3251730.8902074024,0.33648583187806,0.4600258175832154,3.513541666666667,44,44,36,1688.4557495117183,98990.978515625,237107.76171875,347592.2562500001,345903.8005004884,1812651.25,0.5064997057427131,36,72214.9766929225,33210.3911269003,43007.40822438224,88322.83723368135,138259.13630818017,105048.74518127988,1018155.8468424984,0.46361505672596,0.7597960466578194,0.7597960466578194,1.009523809522228,0.9351064435332972,0.9960276003745726,0.2729914020684547,0.5249169237667846,0.0165457443379205,0.9101263785581092,0.1053535664368885,0.4246301824646855,0.053083791047529,0.453321040540498,0.0,79.91157060079044,10.120129471506203,28.717079865659347,2.433037275491242,55.4414007038982,0.2525905775956335,1.1299245434174738,1.1019552576814209,10.0808648717216,0.5449349407605913,7.174317115361855,0.0,0.9951424241502742,0.9951424241502742,0.18181818181818177,0.5825063768555789,0.5825063768555789,0.5825063768555789,0.5825063768555789,0.5130658211239885,0.5130658211239885,0.5130658211239885,0.5130658211239885
C17,40.0,100.0,1500.0,220.0,235.0,3.0,15.0,Tb,,,Harmonized_irBT,Harmonized_irBT,cold,220.0,235.0,K,1.0,K,,,,42,42,35,155855.8359375,3660.321972656252,102236.9296875,234968.39453125,354271.5875,487630.9296874996,350611.2655273437,1824606.75,0.4986578632693358,0.9896680340681956,0.9896680340681956,0.1428571428571428,0.0676934499498363,0.0402095363081249,0.1265000991518064,0.0345226919166116,0.0297911244970633,3.619643997116585,1.788548215978678,2.6335057572820446,0.1269154899376695,0.6323383427212871,0.5222154399617005,0.9999999999966868,0.8227247797519903,0.532029749219899,0.8936926281667879,0.4063591386574992,0.4184632712790539,79.7270859718886,25.34701369711827,56.111524032172376,0.9037084470838896,10.187907814340257,8.419500474503526,35,66111.75855038076,31616.98765614178,43108.806627066864,84691.8087184983,144391.32542291752,201896.7738330557,112774.33776677574,1026460.8588719064,0.4813084444107666,0.7810326377742108,0.7810326377742108,0.0,0.0,0.0,0.0,0.0,0.0,0.0,0.0,0.0,0.0,0.0,0.0,0.9259973900073856,0.3063963632529833,0.0168061311268703,0.104143498892506,0.0533243472632775,0.0,9.373736383206664,2.7006283545409526,0.2321312030244966,1.043838728099766,0.5231616328308828,0.0,0.1428571428571428,0.0441683953040262,0.0162782099673938,0.1264886066951787,0.0204181192274466,0.0150501961551574,0.9999999999966868,0.6365912113374611,0.3093242277503774,0.8888097538361236,0.2983694119488526,0.2829483649013389,0.0,0.0,0.0,0.0,0.0,0.0,0.795904166691517,0.2349238125844369,0.0034431266496529,0.0908389740341806,0.0446430749401413,0.0,5847713.481757913,0.8272822279172354,3579702.575142235,0.5064243196734877,5012373.160761369,0.7091057468056172,2378478.189296618,3251730.8902074024,0.33648583187806,0.4600258175832154,3.5322916666666657,42,42,35,3660.321972656252,102236.9296875,234968.39453125,354271.5875,350611.2655273437,1824606.75,0.4986578632693358,35,66111.75855038076,31616.98765614178,43108.806627066864,84691.8087184983,144391.32542291752,112774.33776677574,1026460.8588719064,0.4813084444107666,0.7810326377742108,0.7810326377742108,0.9999999999966868,0.9259973900073856,0.8227247797519903,0.3063963632529833,0.532029749219899,0.0168061311268703,0.8936926281667879,0.104143498892506,0.4063591386574992,0.0533243472632775,0.4184632712790539,0.0,79.7270859718886,9.373736383206664,25.34701369711827,2.7006283545409526,56.111524032172376,0.2321312030244966,0.9037084470838896,1.043838728099766,10.187907814340257,0.5231616328308828,8.419500474503526,0.0,0.9896680340681956,0.9896680340681956,0.16666666666666663,0.5648907169346862,0.5648907169346862,0.5648907169346862,0.5648907169346862,0.49099201824401373,0.49099201824401373,0.49099201824401373,0.49099201824401373
C17,50.0,100.0,1500.0,220.0,235.0,3.0,15.0,Tb,,,Harmonized_irBT,Harmonized_irBT,cold,220.0,235.0,K,1.0,K,,,,46,46,34,147639.3515625,939.2437438964844,27922.87109375,229050.86328125,348929.484375,463325.96875,347990.2406311035,1826760.25,0.5494025889730527,0.9973082133039607,0.9973082133039607,0.1428571428571428,0.0760026390151855,0.0381458943941559,0.0993072783278202,0.0291592301835593,0.0228019523370705,3.708536202379936,1.6594186593243272,2.6823034962268197,0.0995722974654206,0.5378741841707823,0.3186706580243115,1.009523809522228,0.9586826073370308,0.5579124696276191,0.7978864820653182,0.3876766318334967,0.3762959999219489,78.90561775757529,26.00627657909423,55.4364909439448,0.9893342003248362,8.819860965551902,5.436598580584648,34,69279.25151043406,35242.22197688571,45407.17042125188,85551.28089363471,146960.08495759484,204840.22460812968,111717.86298070912,1026035.9512797043,0.4630734698346655,0.7601918780391641,0.7601918780391641,0.0,0.0,0.0,0.0,0.0,0.0,0.0,0.0,0.0,0.0,0.0,0.0,0.912125231177399,0.3618723711334072,0.01683823156761,0.1147961550379604,0.0570869843582011,0.0,9.31214033885301,2.833979062248884,0.2165277282656211,1.088101472523995,0.5147280156862006,0.0,0.1428571428571428,0.0421663363931589,0.0166091800982992,0.0992989349321909,0.0172159945693754,0.0111335664210382,1.0034470899453312,0.9016565612516524,0.3088975959309806,0.7974147681895223,0.2865000512625446,0.2631590706952666,0.0,0.0,0.0,0.0,0.0,0.0,0.7232379837851434,0.261771765577199,0.0032844874223267,0.0932094391948588,0.0431101452356813,0.0,5847713.481757913,0.8272822279172354,3574424.064008197,0.5056775631053563,4829515.144156191,0.683236629270778,2406946.997974165,3251730.8902074024,0.340513344433588,0.4600258175832154,3.46875,46,46,34,939.2437438964844,27922.87109375,229050.86328125,348929.484375,347990.2406311035,1826760.25,0.5494025889730527,34,69279.25151043406,35242.22197688571,45407.17042125188,85551.28089363471,146960.08495759484,111717.86298070912,1026035.9512797043,0.4630734698346655,0.7601918780391641,0.7601918780391641,1.009523809522228,0.912125231177399,0.9586826073370308,0.3618723711334072,0.5579124696276191,0.01683823156761,0.7978864820653182,0.1147961550379604,0.3876766318334967,0.0570869843582011,0.3762959999219489,0.0,78.90561775757529,9.31214033885301,26.00627657909423,2.833979062248884,55.4364909439448,0.2165277282656211,0.9893342003248362,1.088101472523995,8.819860965551902,0.5147280156862006,5.436598580584648,0.0,0.9973082133039607,0.9973082133039607,0.26086956521739135,0.8780931418736296,0.8780931418736296,0.8780931418736296,0.8780931418736296,0.4692403205779433,0.4692403205779433,0.4692403205779433,0.4692403205779433
C17,60.0,100.0,1500.0,220.0,235.0,3.0,15.0,Tb,,,Harmonized_irBT,Harmonized_irBT,cold,220.0,235.0,K,1.0,K,,,,46,46,34,147639.3515625,976.6267395019532,25821.95703125,229050.86328125,349529.046875,461896.96875,348552.42013549805,1826760.25,0.5543653629622941,0.9972058781716896,0.9972058781716896,0.1428571428571428,0.0762410914570402,0.0381748508581659,0.1037620356030067,0.0295288365697436,0.0231050559519944,3.639965507142203,1.6325362634883631,2.6427657305743377,0.1040454130695617,0.5411507039139246,0.3186706580243115,1.009523809522228,0.9621634587519192,0.5531439809382819,0.838473973868336,0.3925410560450347,0.3762959999219489,76.94021433201665,25.644736221372806,54.12751038327529,1.042321632744396,8.555170494691982,5.423576998115727,34,69820.04299141877,35417.97920820574,45696.88014320797,85643.02230558747,141963.55795292542,204832.4990155442,106545.57874471968,1039671.6221931044,0.4630431075052479,0.750513584479545,0.750513584479545,0.0,0.0,0.0,0.0,0.0,0.0,0.0,0.0,0.0,0.0,0.0,0.0,0.7794867999876233,0.3131457929707965,0.0112599540872281,0.0926140377012471,0.0484507992851261,0.0,8.59255300969648,2.292270897269856,0.2009271001777308,0.9076376814611709,0.4464688265903036,0.0,0.1428571428571428,0.042411072417255,0.0163446053133234,0.1037530249935857,0.0172110681742876,0.0108237564818881,1.0034470899453312,0.9014221767702668,0.2989298077434116,0.8356993850504936,0.2863173408569742,0.25374593255756,0.0,0.0,0.0,0.0,0.0,0.0,0.6472943513675696,0.2158441721111155,0.0029362292343924,0.0770981865424909,0.0369519958260818,0.0,5847713.481757913,0.8272822279172354,3574424.064008197,0.5056775631053563,4826476.089172871,0.6828066909392906,2378478.189296618,3251730.8902074024,0.33648583187806,0.4600258175832154,3.484375,46,46,34,976.6267395019532,25821.95703125,229050.86328125,349529.046875,348552.42013549805,1826760.25,0.5543653629622941,34,69820.04299141877,35417.97920820574,45696.88014320797,85643.02230558747,141963.55795292542,106545.57874471968,1039671.6221931044,0.4630431075052479,0.750513584479545,0.750513584479545,1.009523809522228,0.7794867999876233,0.9621634587519192,0.3131457929707965,0.5531439809382819,0.0112599540872281,0.838473973868336,0.0926140377012471,0.3925410560450347,0.0484507992851261,0.3762959999219489,0.0,76.94021433201665,8.59255300969648,25.644736221372806,2.292270897269856,54.12751038327529,0.2009271001777308,1.042321632744396,0.9076376814611709,8.555170494691982,0.4464688265903036,5.423576998115727,0.0,0.9972058781716896,0.9972058781716896,0.26086956521739135,0.8872654018354719,0.8872654018354719,0.8872654018354719,0.8872654018354719,0.46642611490105435,0.46642611490105435,0.46642611490105435,0.46642611490105435
C17,70.0,100.0,1500.0,220.0,235.0,3.0,15.0,Tb,,,Harmonized_irBT,Harmonized_irBT,cold,220.0,235.0,K,1.0,K,,,,51,51,35,137389.21875,930.445068359375,3627.4693603515625,232526.1171875,367621.46875,456834.296875,366691.0236816406,1815349.625,0.5933180761029909,0.9974690132447294,0.9974690132447294,0.1428571428571428,0.0850960531570662,0.0413024847461913,0.0893668959291728,0.0317839192699574,0.0275689223057644,3.895509651501205,1.6491363591489598,2.796368601774712,0.089663358439,0.5457034803933942,0.2963771071262514,1.0043437499989416,0.9397777473531664,0.5462858674972619,0.7645613772463985,0.3702284609130585,0.3804495984230508,76.83543358644013,21.175429317342694,53.25365551786385,0.9654032345957456,7.684823354856527,5.795910646535399,35,72948.9079885446,34467.73132018975,45754.8220875992,86343.15413364803,141602.3864995535,202145.92419393797,107134.65517936376,1045176.1069102704,0.4597216369526907,0.7565879207812756,0.7565879207812756,0.0,0.0,0.0,0.0,0.0,0.0,0.0,0.0,0.0,0.0,0.0,0.0,0.9373147544424072,0.3465069829369301,0.0289999432746565,0.0765896265504372,0.0556827865376262,0.0,9.48442287978211,2.586879306719351,0.3162835688921095,0.7208166987013183,0.5122748289624443,0.0,0.1428571428571428,0.0442436822568878,0.0176794481269575,0.0893552240125668,0.0174381328964907,0.0090266086814291,1.002302285486498,0.9646264507039738,0.2985229476869301,0.7646332757621846,0.2800379918920278,0.2492764555497252,0.0,0.0,0.0,0.0,0.0,0.0,0.8930598157088186,0.1961782604715207,0.0055938294081003,0.0605826387544933,0.0437235433174824,0.0,5847713.481757913,0.8272822279172354,3514092.014410842,0.4971423240651035,4826476.089172876,0.6828066909392912,1501691.029777944,2034051.9578537345,0.2124458225652608,0.2877594876428173,3.46875,51,51,35,930.445068359375,3627.4693603515625,232526.1171875,367621.46875,366691.0236816406,1815349.625,0.5933180761029909,35,72948.9079885446,34467.73132018975,45754.8220875992,86343.15413364803,141602.3864995535,107134.65517936376,1045176.1069102704,0.4597216369526907,0.7565879207812756,0.7565879207812756,1.0043437499989416,0.9373147544424072,0.9397777473531664,0.3465069829369301,0.5462858674972619,0.0289999432746565,0.7645613772463985,0.0765896265504372,0.3702284609130585,0.0556827865376262,0.3804495984230508,0.0,76.83543358644013,9.48442287978211,21.175429317342694,2.586879306719351,53.25365551786385,0.3162835688921095,0.9654032345957456,0.7208166987013183,7.684823354856527,0.5122748289624443,5.795910646535399,0.0,0.9974690132447294,0.9974690132447294,0.3137254901960784,0.9843997336547511,0.9843997336547511,0.9843997336547511,0.9843997336547511,0.4700816463482831,0.4700816463482831,0.4700816463482831,0.4700816463482831
C18,0.0,100.0,1500.0,220.0,235.0,3.0,15.0,Tb,,,Harmonized_irBT,Harmonized_irBT,cold,220.0,235.0,K,1.0,K,,,,37,37,21,162169.65625,708.8319458007812,3047.813720703125,227489.421875,384760.075,464208.6374999995,384051.2430541992,2500666.5,0.6304997371537647,0.998157729993683,0.998157729993683,0.4285714285714285,0.2254134215620618,0.0608264645373794,0.3186418901919083,0.0513482877887473,0.0188768563155484,5.013048474164784,4.275550163897639,3.804460162789219,0.319029513174074,0.9573704495749752,0.3163812356397054,1.0000892857142665,0.9999999999854732,0.4969523961541691,0.8648414906686934,0.4284035954347605,0.4505387452618344,77.46198154401743,29.365224496649407,59.84421361705335,1.0125291384567554,10.73446707819568,6.176078803862427,21,76546.02007664564,39508.86909102345,47484.02204048225,137740.35348302557,175916.81203285613,223767.72972960887,136407.94294183268,1369273.8994992091,0.5475943825155497,0.7754116355653129,0.7754116355653129,0.0,0.0,0.0,0.0,0.0,0.0,0.0,0.0,0.0,0.0,0.0,0.0,0.8506407389286951,0.60454777540064,0.0306490928516051,0.1547924557039324,0.1175546214847389,0.0,14.765270256771732,3.315458140747421,0.4809630937904872,1.7271059419160892,1.2003124729555812,0.0,0.4285714285714285,0.1254341875849327,0.0251923472537806,0.3186339821493914,0.0331656504045414,0.0082550401771433,1.0000000000141291,0.7343372739041754,0.363535945852441,0.8192865552822264,0.2978972679058514,0.2704965062631498,0.0,0.0,0.0,0.0,0.0,0.0,0.5357137927859614,0.260546292175623,0.0066161822405099,0.0779404889535732,0.0540034727878761,0.0,7917260.676958848,1.1200632644311879,4092778.9765905454,0.5790097823173102,6281818.461558664,0.8886955197893216,4294127.450692248,4361694.182339117,0.6074947644837958,0.6170535016661628,3.8374999999999937,37,37,21,708.8319458007812,3047.813720703125,227489.421875,384760.075,384051.2430541992,2500666.5,0.6304997371537647,21,76546.02007664564,39508.86909102345,47484.02204048225,137740.35348302557,175916.81203285613,136407.94294183268,1369273.8994992091,0.5475943825155497,0.7754116355653129,0.7754116355653129,1.0000892857142665,0.8506407389286951,0.9999999999854732,0.60454777540064,0.4969523961541691,0.0306490928516051,0.8648414906686934,0.1547924557039324,0.4284035954347605,0.1175546214847389,0.4505387452618344,0.0,77.46198154401743,14.765270256771732,29.365224496649407,3.315458140747421,59.84421361705335,0.4809630937904872,1.0125291384567554,1.7271059419160892,10.73446707819568,1.2003124729555812,6.176078803862427,0.0,0.998157729993683,0.998157729993683,0.43243243243243246,0.9866023936604058,0.9866023936604058,0.9866023936604058,0.9866023936604058,0.6552642646852657,0.6552642646852657,0.6552642646852657,0.6552642646852657
C18,10.0,100.0,1500.0,220.0,235.0,3.0,15.0,Tb,,,Harmonized_irBT,Harmonized_irBT,cold,220.0,235.0,K,1.0,K,,,,42,42,26,164845.1953125,722.7084655761719,3026.153076171875,225131.68359375,357330.6343749999,396682.6828124999,356607.92590942373,2500666.5,0.592814727217836,0.9979774796895311,0.9979774796895311,0.4285714285714285,0.2127880574451283,0.0587684869930664,0.2986159000450997,0.0471873861237938,0.0191428257580732,4.819829423584894,4.115171015666702,3.679256803660517,0.2990019129724958,0.8648000862825388,0.3476200307906374,1.0000892857142665,0.9919035677661168,0.4685197449868078,0.760883133525953,0.3890934628877441,0.3778898247069114,73.8806649322857,28.579479823332,55.82379023275946,0.8418006479138455,9.37038930080542,5.166718270754249,26,80668.76863526416,41536.45034936043,52692.97484463844,123542.45710024209,136021.73698786373,159647.88622191417,94485.2866385033,1304989.9184610776,0.499598941661336,0.694633730834753,0.694633730834753,0.0,0.0,0.0,0.0,0.0,0.0,0.0,0.0,0.0,0.0,0.0,0.0,0.8297937785728782,0.3240398498707386,0.0178668652640229,0.1003323253830038,0.0706943645939751,0.0,10.75072566399977,4.23840020353966,0.31005247610139,1.10894803528968,0.7286713453773767,0.0,0.4285714285714285,0.1029477291775481,0.0251558667560439,0.2986079411154943,0.0306648599074597,0.0089660423285398,1.0000000000141291,0.7897129266964416,0.3502218549516241,0.7336555113282274,0.2788707961332909,0.2180831830510076,0.0,0.0,0.0,0.0,0.0,0.0,0.4193396769759848,0.1394261083791454,0.0042955955458027,0.0454984919164561,0.0292039464694835,0.0,7917260.676958848,1.1200632644311879,3099070.574270986,0.4384288007874366,6281818.461558664,0.8886955197893216,3420819.2372799814,3790939.713266105,0.4839469253661834,0.5363082616263759,3.5083333333333324,42,42,26,722.7084655761719,3026.153076171875,225131.68359375,357330.6343749999,356607.92590942373,2500666.5,0.592814727217836,26,80668.76863526416,41536.45034936043,52692.97484463844,123542.45710024209,136021.73698786373,94485.2866385033,1304989.9184610776,0.499598941661336,0.694633730834753,0.694633730834753,1.0000892857142665,0.8297937785728782,0.9919035677661168,0.3240398498707386,0.4685197449868078,0.0178668652640229,0.760883133525953,0.1003323253830038,0.3890934628877441,0.0706943645939751,0.3778898247069114,0.0,73.8806649322857,10.75072566399977,28.579479823332,4.23840020353966,55.82379023275946,0.31005247610139,0.8418006479138455,1.10894803528968,9.37038930080542,0.7286713453773767,5.166718270754249,0.0,0.9979774796895311,0.9979774796895311,0.38095238095238093,0.9865582976688765,0.9865582976688765,0.9865582976688765,0.9865582976688765,0.5734828650697511,0.5734828650697511,0.5734828650697511,0.5734828650697511
C18,20.0,100.0,1500.0,220.0,235.0,3.0,15.0,Tb,,,Harmonized_irBT,Harmonized_irBT,cold,220.0,235.0,K,1.0,K,,,,44,44,27,148838.59375,717.52060546875,1725.144500732422,230056.48046875,347383.4937500002,393453.0640625,346665.9731445314,2500666.5,0.6288076336471471,0.9979345000025098,0.9979345000025098,0.4285714285714285,0.231405242299983,0.0476527352341493,0.3169520890183728,0.0523444090465995,0.0192011081126098,9.03473452967325,3.720611993672501,3.863233432855751,0.3207171583026318,0.8107933311603027,0.2798242028119354,1.0004678362587505,0.9999106957545986,0.4756796556583562,0.2211571784878727,0.3550043002038579,0.3061201655605707,79.28522773961325,32.94240151508488,60.20247983648087,0.2545749346328407,8.621825272347637,3.6104998081492257,27,73243.95917021112,40165.41921277066,49424.70695917621,121326.60043934525,138535.9377482016,157431.06404613238,98370.51853543094,1302537.510653375,0.502587085031498,0.7100722031724792,0.7100722031724792,0.0,0.0,0.0,0.0,0.0,0.0,0.0,0.0,0.0,0.0,0.0,0.0,0.3410449273592839,0.1808486661713076,0.01599138808951,0.0214619781872435,0.0344286012580111,0.0,3.119342082042712,1.03035330484628,0.1733754631970534,0.114385158896373,0.2186123530142214,0.0,0.4285714285714285,0.1971186668136041,0.0256565397728502,0.3172524619859723,0.0388895865996449,0.0103025296011298,1.0003706576773146,0.9575794754656048,0.3695053150403902,0.22026017318493,0.2699065856536589,0.1815809241860763,0.0,0.0,0.0,0.0,0.0,0.0,0.1063782349835347,0.0474534151519567,0.0025692558781902,0.0057484630986485,0.0092592432264064,0.0,7917260.676958848,1.1200632644311879,3424267.0909340205,0.4844346968791592,6470373.863435155,0.9153706524607192,3289335.4202512503,3790939.713266105,0.4653457703291052,0.5363082616263759,3.7104166666666663,44,44,27,717.52060546875,1725.144500732422,230056.48046875,347383.4937500002,346665.9731445314,2500666.5,0.6288076336471471,27,73243.95917021112,40165.41921277066,49424.70695917621,121326.60043934525,138535.9377482016,98370.51853543094,1302537.510653375,0.502587085031498,0.7100722031724792,0.7100722031724792,1.0004678362587505,0.3410449273592839,0.9999106957545986,0.1808486661713076,0.4756796556583562,0.01599138808951,0.2211571784878727,0.0214619781872435,0.3550043002038579,0.0344286012580111,0.3061201655605707,0.0,79.28522773961325,3.119342082042712,32.94240151508488,1.03035330484628,60.20247983648087,0.1733754631970534,0.2545749346328407,0.114385158896373,8.621825272347637,0.2186123530142214,3.6104998081492257,0.0,0.9979345000025098,0.9979345000025098,0.38636363636363635,0.9925012131924414,0.9925012131924414,0.9925012131924414,0.9925012131924414,0.592630908801528,0.592630908801528,0.592630908801528,0.592630908801528
C18,30.0,100.0,1500.0,220.0,235.0,3.0,15.0,Tb,,,Harmonized_irBT,Harmonized_irBT,cold,220.0,235.0,K,1.0,K,,,,38,38,27,171276.84375,656.9554565429688,15483.5439453125,226852.19921875,327631.15312500024,398852.60468749993,326974.1976684573,2500666.5,0.568184285999418,0.9979948321449996,0.9979948321449996,0.4285714285714285,0.2000424350888148,0.046768302176547,0.303512423362726,0.0480162100030926,0.0190167933891499,5.050209040533937,4.866380666333201,3.839396800854981,0.3038396770961897,0.8837571783715327,0.3547603220550487,1.0000892857142665,0.9033206687689824,0.4654400006719295,0.7564079841895238,0.3698661463743904,0.3716248233562253,77.36901987792656,33.13775295882972,58.98362439399343,0.8003793568328577,9.815625112118449,7.354180486329582,27,63472.94853479672,39953.00593808774,49038.50100520726,114394.2035656026,138362.14506891556,157770.92528562504,98409.13913082784,1294890.6327647895,0.507392869369548,0.7112432311728911,0.7112432311728911,0.0,0.0,0.0,0.0,0.0,0.0,0.0,0.0,0.0,0.0,0.0,0.0,0.337161383168118,0.1212707457484284,0.0116445152620057,0.0154025347625099,0.0269256985202384,0.0,3.0347029315408194,0.4973370883159199,0.1030196250445759,0.0887076669331452,0.1636730193585897,0.0,0.4285714285714285,0.116483416444239,0.025459524215067,0.3035043203156999,0.0311905476414262,0.0092949839880954,1.0000000000141291,0.5949065767829218,0.361150435714881,0.7330190969210624,0.2564776756809076,0.2033209924530453,0.0,0.0,0.0,0.0,0.0,0.0,0.1055328290641727,0.0235165381538119,0.0016577416504033,0.0037386018562785,0.0065349459476195,0.0,7917260.676958848,1.1200632644311879,3418824.966285157,0.4836647937335691,6470373.863435155,0.9153706524607192,3416165.455534637,3473835.659611061,0.4832885499272124,0.4914472148586624,3.409375,38,38,27,656.9554565429688,15483.5439453125,226852.19921875,327631.15312500024,326974.1976684573,2500666.5,0.568184285999418,27,63472.94853479672,39953.00593808774,49038.50100520726,114394.2035656026,138362.14506891556,98409.13913082784,1294890.6327647895,0.507392869369548,0.7112432311728911,0.7112432311728911,1.0000892857142665,0.337161383168118,0.9033206687689824,0.1212707457484284,0.4654400006719295,0.0116445152620057,0.7564079841895238,0.0154025347625099,0.3698661463743904,0.0269256985202384,0.3716248233562253,0.0,77.36901987792656,3.0347029315408194,33.13775295882972,0.4973370883159199,58.98362439399343,0.1030196250445759,0.8003793568328577,0.0887076669331452,9.815625112118449,0.1636730193585897,7.354180486329582,0.0,0.9979948321449996,0.9979948321449996,0.2894736842105263,0.931746114877282,0.931746114877282,0.931746114877282,0.931746114877282,0.5713200540175557,0.5713200540175557,0.5713200540175557,0.5713200540175557
C18,40.0,100.0,1500.0,220.0,235.0,3.0,15.0,Tb,,,Harmonized_irBT,Harmonized_irBT,cold,220.0,235.0,K,1.0,K,,,,38,38,29,176039.828125,656.9554565429688,104468.56640625,221626.078125,374706.1625000001,447706.90624999977,374049.20704345714,2500666.5,0.5455010929308073,0.9982467449903684,0.9982467449903684,0.4285714285714285,0.2043000178953245,0.0726433519688171,0.2961213227521231,0.0547334030138956,0.0237443432961312,5.152900091950884,4.545877463082122,3.878681914694472,0.2964481006280052,0.9378036251040932,0.4151314894807115,1.0000892857142665,0.9999999999836824,0.4733594014134896,0.7930399421372136,0.407136082616137,0.426793119871229,73.4991442951581,31.845738774476366,54.82175502347996,0.9159098867460764,10.178385444136444,7.682891900740194,29,63743.29270257498,38249.83768108468,50940.56532850434,124860.38491816111,139180.90169132972,154702.5189813417,100931.06401024504,1293519.6016282,0.495834641123548,0.7251789777457128,0.7251789777457128,0.0,0.0,0.0,0.0,0.0,0.0,0.0,0.0,0.0,0.0,0.0,0.0,0.3187071946585523,0.1193725874387745,0.0114759033744428,0.0129514707631456,0.0243304495461894,0.0,2.789602731791374,0.5056997265812981,0.0970303397693276,0.0758398812282189,0.1459987447340533,0.0,0.4285714285714285,0.0993872162433806,0.0275429716314892,0.2961118741633531,0.0317226692441139,0.0116532838187836,1.0000000000141291,0.5855990947015609,0.355687598347911,0.7557760773502207,0.2827586879868236,0.2856404007302674,0.0,0.0,0.0,0.0,0.0,0.0,0.0990510462598914,0.0247087820632161,0.0016222498347527,0.0032508274786854,0.0059503018512226,0.0,7917260.676958848,1.1200632644311879,3418824.966285157,0.4836647937335691,6470373.863435155,0.9153706524607192,2872397.127495207,3104352.423448954,0.406361067878954,0.4391760295921828,3.663541666666666,38,38,29,656.9554565429688,104468.56640625,221626.078125,374706.1625000001,374049.20704345714,2500666.5,0.5455010929308073,29,63743.29270257498,38249.83768108468,50940.56532850434,124860.38491816111,139180.90169132972,100931.06401024504,1293519.6016282,0.495834641123548,0.7251789777457128,0.7251789777457128,1.0000892857142665,0.3187071946585523,0.9999999999836824,0.1193725874387745,0.4733594014134896,0.0114759033744428,0.7930399421372136,0.0129514707631456,0.407136082616137,0.0243304495461894,0.426793119871229,0.0,73.4991442951581,2.789602731791374,31.845738774476366,0.5056997265812981,54.82175502347996,0.0970303397693276,0.9159098867460764,0.0758398812282189,10.178385444136444,0.1459987447340533,7.682891900740194,0.0,0.9982467449903684,0.9982467449903684,0.23684210526315785,0.5286269229231753,0.5286269229231753,0.5286269229231753,0.5286269229231753,0.5920197958552428,0.5920197958552428,0.5920197958552428,0.5920197958552428
C18,50.0,100.0,1500.0,220.0,235.0,3.0,15.0,Tb,,,Harmonized_irBT,Harmonized_irBT,cold,220.0,235.0,K,1.0,K,,,,44,44,30,156970.0703125,614.1005737304687,2707.733673095703,218083.60546875,350570.9968750002,420127.11406250007,349956.8963012697,2500666.5,0.5966551182347914,0.9982482847149234,0.9982482847149234,0.4285714285714285,0.1917815065795877,0.0728299718849571,0.2608498028832669,0.0479296936588919,0.0180297744996754,5.069504303755407,4.246852661866596,3.7593308607203593,0.2622445030366824,0.7968888210769507,0.3054600206825982,1.0000892857142665,1.000000000008756,0.4888846222613104,0.7472708000746298,0.3928516568396361,0.3961536376714835,73.5550713894683,32.15867282097841,54.81733408866927,0.8946129474453857,8.777732542850432,5.394095276294973,30,64177.77440079005,37809.56289356008,47532.29778472836,120723.15363626876,136855.94184843666,154062.3826126382,99046.3789548766,1291376.1585836725,0.5005101460577407,0.7237272829890506,0.7237272829890506,0.0,0.0,0.0,0.0,0.0,0.0,0.0,0.0,0.0,0.0,0.0,0.0,0.292917285894431,0.0672557690656103,0.0095227671940219,0.0088320874154716,0.0167309954400916,0.0,2.555847171919298,0.5921302030831332,0.0881726655095867,0.0644993398907084,0.1332792531291393,0.0,0.4285714285714285,0.0961681026452173,0.0267918296789607,0.2611526027023838,0.0277619218073887,0.0084624200499356,1.000954249104043,0.6914796004152127,0.353934665616138,0.7128068884703985,0.2701686251578277,0.2298026560237688,0.0,0.0,0.0,0.0,0.0,0.0,0.0922499625695439,0.0296856577654645,0.0015482997018203,0.0028193029011646,0.0055406350092912,0.0,7917260.676958848,1.1200632644311879,3375272.5208560782,0.4775033830902109,6470373.863435155,0.9153706524607192,2872397.127495207,3104352.423448954,0.406361067878954,0.4391760295921828,3.1125000000000003,44,44,30,614.1005737304687,2707.733673095703,218083.60546875,350570.9968750002,349956.8963012697,2500666.5,0.5966551182347914,30,64177.77440079005,37809.56289356008,47532.29778472836,120723.15363626876,136855.94184843666,99046.3789548766,1291376.1585836725,0.5005101460577407,0.7237272829890506,0.7237272829890506,1.0000892857142665,0.292917285894431,1.000000000008756,0.0672557690656103,0.4888846222613104,0.0095227671940219,0.7472708000746298,0.0088320874154716,0.3928516568396361,0.0167309954400916,0.3961536376714835,0.0,73.5550713894683,2.555847171919298,32.15867282097841,0.5921302030831332,54.81733408866927,0.0881726655095867,0.8946129474453857,0.0644993398907084,8.777732542850432,0.1332792531291393,5.394095276294973,0.0,0.9982482847149234,0.9982482847149234,0.31818181818181823,0.9875839650244425,0.9875839650244425,0.9875839650244425,0.9875839650244425,0.6062702443315872,0.6062702443315872,0.6062702443315872,0.6062702443315872
C18,60.0,100.0,1500.0,220.0,235.0,3.0,15.0,Tb,,,Harmonized_irBT,Harmonized_irBT,cold,220.0,235.0,K,1.0,K,,,,44,44,30,152326.140625,628.8659423828125,4253.726379394531,219120.01171875,351237.9343750002,420878.9390625,350609.0684326173,2500666.5,0.598689510445274,0.9982095728256066,0.9982095728256066,0.4285714285714285,0.1926949855232148,0.0716233236658067,0.2802522757154538,0.0493774984390824,0.0202152404634924,5.203092655903951,4.2706809985376655,3.792065227671423,0.2817608606444058,0.8140033981033766,0.338480994275428,1.0000892857142665,1.000000000008756,0.4936488492610339,0.8044133135201901,0.4298861483086425,0.4717973027194538,72.67230713853522,33.392172862480905,54.4284012531521,0.967146195819154,9.119975058379747,5.682221378236303,30,64853.63482023571,37500.59813038492,47488.84961490685,121331.42801376984,139903.10682525169,154719.8982492703,102402.50869486676,1291646.5027514503,0.5017596077458688,0.7319530710835058,0.7319530710835058,0.0,0.0,0.0,0.0,0.0,0.0,0.0,0.0,0.0,0.0,0.0,0.0,0.0984752200439464,0.0449741200782497,0.0022963438034038,0.0048792977801877,0.0084129265550477,0.0,0.9480209628168608,0.2341235277243855,0.0150990221294766,0.0248601488780499,0.0536154945419078,0.0,0.4285714285714285,0.0972855384096604,0.0269191800640286,0.2805766460274267,0.0280470958994194,0.0091295455398892,1.000954249104043,0.6979376968630713,0.3517504210336901,0.7668838438740804,0.2939365864964721,0.2833679430357395,0.0,0.0,0.0,0.0,0.0,0.0,0.0428690629700954,0.0156865575099718,0.0007139399889612,0.0015516963010363,0.0029286977701183,0.0,7410751.568328567,1.0484068836671177,3389487.313749348,0.479514364915981,5940214.467698698,0.8403684404979909,2872397.127495207,3278251.309372328,0.406361067878954,0.4637776894080749,3.0937500000000004,44,44,30,628.8659423828125,4253.726379394531,219120.01171875,351237.9343750002,350609.0684326173,2500666.5,0.598689510445274,30,64853.63482023571,37500.59813038492,47488.84961490685,121331.42801376984,139903.10682525169,102402.50869486676,1291646.5027514503,0.5017596077458688,0.7319530710835058,0.7319530710835058,1.0000892857142665,0.0984752200439464,1.000000000008756,0.0449741200782497,0.4936488492610339,0.0022963438034038,0.8044133135201901,0.0048792977801877,0.4298861483086425,0.0084129265550477,0.4717973027194538,0.0,72.67230713853522,0.9480209628168608,33.392172862480905,0.2341235277243855,54.4284012531521,0.0150990221294766,0.967146195819154,0.0248601488780499,9.119975058379747,0.0536154945419078,5.682221378236303,0.0,0.9982095728256066,0.9982095728256066,0.31818181818181823,0.9805872300479138,0.9805872300479138,0.9805872300479138,0.9805872300479138,0.6086022361039272,0.6086022361039272,0.6086022361039272,0.6086022361039272
C18,70.0,100.0,1500.0,220.0,235.0,3.0,15.0,Tb,,,Harmonized_irBT,Harmonized_irBT,cold,220.0,235.0,K,1.0,K,,,,50,50,33,137134.7421875,735.5387390136718,1818.671630859375,209780.9453125,354439.81875000003,400877.13749999984,353704.2800109864,2448260.75,0.6203716796127825,0.9979247852523803,0.9979247852523803,0.4285714285714285,0.2165293305545187,0.0617682651842046,0.0652674215242768,0.0529961017607587,0.0247621133245382,5.080875119910613,3.701775918702718,3.8819827917271374,0.068930735908911,0.728046306334016,0.3094696302480663,1.0003378378377452,1.0000000000096814,0.5842762624971123,0.96487150579422,0.4346171674821198,0.4187939676645248,76.1570409946862,27.550403012835467,55.64176452915828,0.9902520670737532,7.891071932302433,4.248687358124749,33,62855.019008446405,35546.396003302034,42289.551959599885,107094.91103558948,137014.28628956393,152238.52499501986,101467.89028626189,1289000.9919667633,0.5019484370526054,0.7405643092707952,0.7405643092707952,0.0,0.0,0.0,0.0,0.0,0.0,0.0,0.0,0.0,0.0,0.0,0.0,0.0977275173045801,0.0381628818084001,0.0023355543664429,0.0034796158322973,0.0065560044999396,0.0,0.4180825707459802,0.1423107167718295,0.0081161388485506,0.0113562032280528,0.0245225300234733,0.0,0.4285714285714285,0.099415527111446,0.0273936795536573,0.0654548917767419,0.034861621235971,0.0118559844604962,1.000954249104043,1.000180412638631,0.3548344341651041,0.9625353460813696,0.3142114678183977,0.2411911305923526,0.0,0.0,0.0,0.0,0.0,0.0,0.0183510559415006,0.0093077638558705,0.0003499643716991,0.0007590352453841,0.0013643195380106,0.0,7390852.30655032,1.045591713999662,3235615.6203264794,0.4577459732624964,5972343.423766822,0.8449137579865457,2872397.127495207,3278251.309372328,0.406361067878954,0.4637776894080749,3.0333333333333328,50,50,33,735.5387390136718,1818.671630859375,209780.9453125,354439.81875000003,353704.2800109864,2448260.75,0.6203716796127825,33,62855.019008446405,35546.396003302034,42289.551959599885,107094.91103558948,137014.28628956393,101467.89028626189,1289000.9919667633,0.5019484370526054,0.7405643092707952,0.7405643092707952,1.0003378378377452,0.0977275173045801,1.0000000000096814,0.0381628818084001,0.5842762624971123,0.0023355543664429,0.96487150579422,0.0034796158322973,0.4346171674821198,0.0065560044999396,0.4187939676645248,0.0,76.1570409946862,0.4180825707459802,27.550403012835467,0.1423107167718295,55.64176452915828,0.0081161388485506,0.9902520670737532,0.0113562032280528,7.891071932302433,0.0245225300234733,4.248687358124749,0.0,0.9979247852523803,0.9979247852523803,0.33999999999999997,0.9913306157136903,0.9913306157136903,0.9913306157136903,0.9913306157136903,0.6051208077893977,0.6051208077893977,0.6051208077893977,0.6051208077893977
C19,0.0,100.0,1500.0,220.0,235.0,3.0,15.0,Tb,,,Harmonized_irBT,Harmonized_irBT,cold,220.0,235.0,K,1.0,K,,,,40,40,6,5917.600830078125,1087.670812988281,1337.0495910644531,21960.29248046875,247014.19062500008,557294.5078124981,245926.5198120118,1889102.0,0.8682194065773161,0.9955967274178207,0.9955967274178207,0.0814075493432816,0.0321084508305125,0.0154238239253278,0.0001148832960701,0.006589662653964,0.0,1.1977833417935335,0.9093802160223516,0.7384061980861111,0.0001938319304829,0.1222235268947712,0.0,0.9265650379394323,0.5910207865990812,0.4006556984410218,0.0045114743499571,0.12658598860591,0.0,35.5664337276462,16.18804691594763,26.26302507288199,0.0168066785925429,3.159805268554753,0.0,6,151102.933981567,41302.9493602072,56107.11615216363,616507.116817935,957171.9503707406,1063664.415666435,915869.0010105334,1170156.8809621294,0.5754893972104849,0.9568489764621608,0.9568489764621608,0.0,0.0,0.0,0.0,0.0,0.0,0.0,0.0,0.0,0.0,0.0,0.0,0.1133595824598178,0.0860992337550937,0.0034331827734155,0.0537864340835409,0.0196129616834565,0.0,0.5495132398722711,0.4170268738405991,0.0156652766547037,0.2607282803407137,0.094846835936309,0.0,0.0308943313299159,0.0143731279767762,0.0075232083998674,2.225066931353668e-05,0.0029543830310059,0.0,0.7533046446599242,0.4139837137193812,0.2432294815264114,0.00365919632464,0.0900776178143727,0.0,0.0,0.0,0.0,0.0,0.0,0.0,0.0293936434448077,0.0220871658196078,0.0002086076451323,0.0139446876080079,0.0049268960648026,0.0,6170749.478729695,0.8729824729969489,3774383.162650901,0.5339659888521885,5142401.643868782,0.7275010142094267,2030218.1325331929,2605504.38441214,0.2872171123088483,0.3686034684682648,2.693749999999996,40,40,6,1087.670812988281,1337.0495910644531,21960.29248046875,247014.19062500008,245926.5198120118,1889102.0,0.8682194065773161,6,151102.933981567,41302.9493602072,56107.11615216363,616507.116817935,957171.9503707406,915869.0010105334,1170156.8809621294,0.5754893972104849,0.9568489764621608,0.9568489764621608,0.9265650379394323,0.1133595824598178,0.5910207865990812,0.0860992337550937,0.4006556984410218,0.0034331827734155,0.0045114743499571,0.0537864340835409,0.12658598860591,0.0196129616834565,0.0,0.0,35.5664337276462,0.5495132398722711,16.18804691594763,0.4170268738405991,26.26302507288199,0.0156652766547037,0.0168066785925429,0.2607282803407137,3.159805268554753,0.094846835936309,0.0,0.0,0.9955967274178207,0.9955967274178207,0.85,0.93911512825917,0.93911512825917,0.93911512825917,0.93911512825917,0.9089919408525936,0.9089919408525936,0.9089919408525936,0.9089919408525936
C19,10.0,100.0,1500.0,220.0,235.0,3.0,15.0,Tb,,,Harmonized_irBT,Harmonized_irBT,cold,220.0,235.0,K,1.0,K,,,,37,37,7,6166.1298828125,1055.409130859375,1341.0396728515625,25234.36328125,326698.1874999998,657832.6999999972,325642.77836914046,1889843.0,0.8469486793404121,0.9967694674435272,0.9967694674435272,0.1666666666666666,0.0456666897429727,0.022521371932253,0.1082324275233982,0.0118714371325126,0.0,1.264303044276372,1.140163009038238,0.8992599063039638,0.1082600171065735,0.1441919872413913,0.0,1.001666666665604,0.7007579334628964,0.3038465909212225,0.682380399038184,0.1658031201852219,0.0,27.27480120821977,13.842893472071584,20.41745777156602,0.7326226293883239,2.93425840477823,0.0,7,67502.36521577001,44982.26282904961,51780.78430428596,443429.7004259982,854493.0307150618,987400.2627596392,809510.7678860122,1120307.4948042177,0.6011669128876111,0.9473579523622243,0.9473579523622243,0.0,0.0,0.0,0.0,0.0,0.0,0.0,0.0,0.0,0.0,0.0,0.0,0.0896956743931618,0.0704878921236426,0.002520293365332,0.0341723154033647,0.0168821042608716,0.0,0.2892206936084119,0.2218493342259941,0.0073112063390764,0.1063919271470209,0.0517061297356774,0.0,0.1666666666666666,0.0321352114852198,0.0094696268627267,0.1081935606722719,0.0080805008646351,0.0,1.001666666665604,0.6144526025858301,0.2038542646909833,0.6822176169431505,0.130890239770932,0.0,0.0,0.0,0.0,0.0,0.0,0.0,0.0151781338147425,0.0115827692453599,0.0001300240295411,0.0055410635893795,0.0026346776335065,0.0,6170749.478729688,0.8729824729969479,3644490.360263287,0.5155899163437019,5109845.996713488,0.7228953322802529,2030218.1325331929,2482107.3568402976,0.2872171123088483,0.3511463601119043,2.866666666666661,37,37,7,1055.409130859375,1341.0396728515625,25234.36328125,326698.1874999998,325642.77836914046,1889843.0,0.8469486793404121,7,67502.36521577001,44982.26282904961,51780.78430428596,443429.7004259982,854493.0307150618,809510.7678860122,1120307.4948042177,0.6011669128876111,0.9473579523622243,0.9473579523622243,1.001666666665604,0.0896956743931618,0.7007579334628964,0.0704878921236426,0.3038465909212225,0.002520293365332,0.682380399038184,0.0341723154033647,0.1658031201852219,0.0168821042608716,0.0,0.0,27.27480120821977,0.2892206936084119,13.842893472071584,0.2218493342259941,20.41745777156602,0.0073112063390764,0.7326226293883239,0.1063919271470209,2.93425840477823,0.0517061297356774,0.0,0.0,0.9967694674435272,0.9967694674435272,0.8108108108108107,0.9468566074798487,0.9468566074798487,0.9468566074798487,0.9468566074798487,0.8832266213685265,0.8832266213685265,0.8832266213685265,0.8832266213685265
C19,20.0,100.0,1500.0,220.0,235.0,3.0,15.0,Tb,,,Harmonized_irBT,Harmonized_irBT,cold,220.0,235.0,K,1.0,K,,,,34,34,9,6204.2197265625,1025.8039794921874,1667.0796813964844,89596.6005859375,498743.853125,810447.4437499989,497718.0491455078,1889102.0,0.8327542713271511,0.9979432248175797,0.9979432248175797,0.0593013498482983,0.0372067834262844,0.0207638067326779,5.37453652271996e-06,0.0077910250687911,0.0,1.350316625904702,0.9621845748781398,0.7830430145980761,8.90575016793214e-05,0.1754739271090734,0.0,0.5842969422369584,0.4648452940920142,0.3346878060227677,0.0016279412185251,0.1086544087290778,0.0,23.383264305506973,14.40851266093183,18.491251047311923,0.0038044821610188,3.210967243421736,0.0,9,119360.40544591092,52074.3568225348,67270.59743820515,303422.64879534964,753971.4827888823,917197.8029352386,701897.1259663475,1080424.1230815952,0.5585666190631865,0.9309332540934894,0.9309332540934894,0.0,0.0,0.0,0.0,0.0,0.0,0.0,0.0,0.0,0.0,0.0,0.0,0.161482245807129,0.0984801248663616,0.00667468970757,0.0083173626225253,0.018504743429872,0.0,0.3517660794146095,0.2145826442428323,0.0145727200146353,0.0180873213782779,0.040184119167365,0.0,0.0307574431579799,0.0184911828544106,0.0093433478826071,2.302888590354146e-06,0.0036886283607042,0.0,0.3258848898639828,0.29910024567703,0.2050276809719426,0.0007294714193296,0.0694663739132872,0.0,0.0,0.0,0.0,0.0,0.0,0.0,0.0101059181489834,0.0060948148780848,0.0002970044805196,0.0005195032474299,0.0011357918303908,0.0,5948783.546757661,0.8415807172001946,4238832.75195341,0.5996721648117397,4970957.707459131,0.7032466587047792,1944821.3634912595,3561826.519598484,0.2751359408269811,0.5038953751376892,3.0791666666666653,34,34,9,1025.8039794921874,1667.0796813964844,89596.6005859375,498743.853125,497718.0491455078,1889102.0,0.8327542713271511,9,119360.40544591092,52074.3568225348,67270.59743820515,303422.64879534964,753971.4827888823,701897.1259663475,1080424.1230815952,0.5585666190631865,0.9309332540934894,0.9309332540934894,0.5842969422369584,0.161482245807129,0.4648452940920142,0.0984801248663616,0.3346878060227677,0.00667468970757,0.0016279412185251,0.0083173626225253,0.1086544087290778,0.018504743429872,0.0,0.0,23.383264305506973,0.3517660794146095,14.40851266093183,0.2145826442428323,18.491251047311923,0.0145727200146353,0.0038044821610188,0.0180873213782779,3.210967243421736,0.040184119167365,0.0,0.0,0.9979432248175797,0.9979432248175797,0.7352941176470589,0.9813934940556424,0.9813934940556424,0.9813934940556424,0.9813934940556424,0.778294080203692,0.778294080203692,0.778294080203692,0.778294080203692
C19,30.0,100.0,1500.0,220.0,235.0,3.0,15.0,Tb,,,Harmonized_irBT,Harmonized_irBT,cold,220.0,235.0,K,1.0,K,,,,32,32,9,6204.2197265625,1014.3202392578124,1290.5568237304688,159270.6484375,499733.6906250005,849052.1999999997,498719.3703857427,1888506.125,0.82024504680517,0.9979702784537315,0.9979702784537315,0.1666666666666666,0.0597381272435946,0.0210166593014762,0.1096372758263879,0.0152438934305224,0.0,1.1464510641754446,1.0024899058315755,0.8820138194653893,0.1096801648250564,0.2070950759144359,0.0,1.001666666665604,0.6069421579032545,0.2987232244474792,0.658965491319914,0.1518252008857546,0.0,26.41696773727605,14.902574211050448,20.845352099328288,0.6597638275639965,3.589417426065795,0.0,9,73509.01345099305,48899.138269896,53094.13504382025,296083.3358391286,751870.1216056276,915065.5393816418,702970.9833357316,1078260.9571576563,0.5780131769417048,0.9349633176465753,0.9349633176465753,0.0,0.0,0.0,0.0,0.0,0.0,0.0,0.0,0.0,0.0,0.0,0.0,0.0,0.0,0.0,0.0,0.0,0.0,0.0,0.0,0.0,0.0,0.0,0.0,0.1666666666666666,0.0283632461300137,0.0102227329259128,0.1096349761168457,0.010329651527318,0.0,1.001666666665604,0.5218829861453606,0.2159475152980577,0.6589373186207782,0.1229879761080033,0.0,0.0,0.0,0.0,0.0,0.0,0.0,0.0,0.0,0.0,0.0,0.0,0.0,6177963.250806391,0.8740030129830328,4630926.37249833,0.6551420651357591,5741157.76317292,0.8122076774038927,1900370.235152468,3586200.764205694,0.2688473925593092,0.5073436253717946,3.110416666666666,32,32,9,1014.3202392578124,1290.5568237304688,159270.6484375,499733.6906250005,498719.3703857427,1888506.125,0.82024504680517,9,73509.01345099305,48899.138269896,53094.13504382025,296083.3358391286,751870.1216056276,702970.9833357316,1078260.9571576563,0.5780131769417048,0.9349633176465753,0.9349633176465753,1.001666666665604,0.0,0.6069421579032545,0.0,0.2987232244474792,0.0,0.658965491319914,0.0,0.1518252008857546,0.0,0.0,0.0,26.41696773727605,0.0,14.902574211050448,0.0,20.845352099328288,0.0,0.6597638275639965,0.0,3.589417426065795,0.0,0.0,0.0,0.9979702784537315,0.9979702784537315,0.71875,0.9918970831324461,0.9918970831324461,0.9918970831324461,0.9918970831324461,0.8206784083496412,0.8206784083496412,0.8206784083496412,0.8206784083496412
C19,40.0,100.0,1500.0,220.0,235.0,3.0,15.0,Tb,,,Harmonized_irBT,Harmonized_irBT,cold,220.0,235.0,K,1.0,K,,,,37,37,8,5669.07177734375,1078.376611328125,1341.0396728515625,25234.36328125,278925.6375,645634.7249999974,277847.2608886719,1889823.75,0.854655229839838,0.9961338203938742,0.9961338203938742,0.1666666666666666,0.0627001163210984,0.0218627277800564,0.1059485069644774,0.0138433940654803,0.0,1.270136042362107,0.8877879985505227,0.7858971723788847,0.1059878377648606,0.1570473550389796,0.0,1.001666666665604,0.6860153854952263,0.2959799851198338,0.6431729208253805,0.1657190801897871,0.0,24.513108171985127,14.737895019157769,20.129440255102043,0.6578621096092104,2.922000191631041,0.0,8,71886.63900803891,49161.80841780287,52809.2538172301,328159.0305550342,822957.1617810675,951381.6187279114,773795.3533632646,1079806.0756747555,0.599760518209056,0.9402620079137467,0.9402620079137467,0.0,0.0,0.0,0.0,0.0,0.0,0.0,0.0,0.0,0.0,0.0,0.0,0.0,0.0,0.0,0.0,0.0,0.0,0.0,0.0,0.0,0.0,0.0,0.0,0.1666666666666666,0.0286023187017886,0.0083986908537097,0.1059091654352374,0.0085044502623256,0.0,1.001666666665604,0.5466530872968899,0.1951189859428437,0.6429680617052544,0.1240603831548401,0.0,0.0,0.0,0.0,0.0,0.0,0.0,0.0,0.0,0.0,0.0,0.0,0.0,6177963.250806391,0.8740030129830328,4451615.851438519,0.6297748155579348,5741157.76317292,0.8122076774038927,2030218.1325331929,2605504.38441214,0.2872171123088483,0.3686034684682648,3.1166666666666623,37,37,8,1078.376611328125,1341.0396728515625,25234.36328125,278925.6375,277847.2608886719,1889823.75,0.854655229839838,8,71886.63900803891,49161.80841780287,52809.2538172301,328159.0305550342,822957.1617810675,773795.3533632646,1079806.0756747555,0.599760518209056,0.9402620079137467,0.9402620079137467,1.001666666665604,0.0,0.6860153854952263,0.0,0.2959799851198338,0.0,0.6431729208253805,0.0,0.1657190801897871,0.0,0.0,0.0,24.513108171985127,0.0,14.737895019157769,0.0,20.129440255102043,0.0,0.6578621096092104,0.0,2.922000191631041,0.0,0.0,0.0,0.9961338203938742,0.9961338203938742,0.7837837837837838,0.9468566074798487,0.9468566074798487,0.9468566074798487,0.9468566074798487,0.8390742021393993,0.8390742021393993,0.8390742021393993,0.8390742021393993
C19,50.0,100.0,1500.0,220.0,235.0,3.0,15.0,Tb,,,Harmonized_irBT,Harmonized_irBT,cold,220.0,235.0,K,1.0,K,,,,37,37,8,5669.07177734375,1078.376611328125,1341.0396728515625,25234.36328125,278925.6375,645775.6999999974,277847.2608886719,1889823.75,0.8546643748778068,0.9961338203938742,0.9961338203938742,0.1666666666666666,0.0612616763967008,0.0220817191558929,0.1059483696121686,0.0136476613673608,0.0,1.2541497499474068,0.881959826087923,0.7812978747627759,0.1059875835583475,0.1560427227828741,0.0,1.001666666665604,0.6860153854952263,0.2974109264366622,0.6431730401030351,0.1659664367122316,0.0,24.4960457867309,14.724976472801591,20.115361800777947,0.6578625750452607,2.91996265977225,0.0,8,72755.7681739072,49412.89017683148,53306.58883992139,327642.3815508791,821342.5129306988,951308.225598349,771929.6227538673,1081273.9382659995,0.5991174982075831,0.9398388742833762,0.9398388742833762,0.0,0.0,0.0,0.0,0.0,0.0,0.0,0.0,0.0,0.0,0.0,0.0,0.0,0.0,0.0,0.0,0.0,0.0,0.0,0.0,0.0,0.0,0.0,0.0,0.1666666666666666,0.0283568679904226,0.0083488130725625,0.1059091527309835,0.0084794797216685,0.0,1.001666666665604,0.5462849906617708,0.1949918242296578,0.6429680850032609,0.1240730193339051,0.0,0.0,0.0,0.0,0.0,0.0,0.0,0.0,0.0,0.0,0.0,0.0,0.0,6177963.250806391,0.8740030129830328,4454621.106954273,0.6301999722429006,5741157.76317292,0.8122076774038927,2030218.1325331929,2605504.38441214,0.2872171123088483,0.3686034684682648,3.1166666666666623,37,37,8,1078.376611328125,1341.0396728515625,25234.36328125,278925.6375,277847.2608886719,1889823.75,0.8546643748778068,8,72755.7681739072,49412.89017683148,53306.58883992139,327642.3815508791,821342.5129306988,771929.6227538673,1081273.9382659995,0.5991174982075831,0.9398388742833762,0.9398388742833762,1.001666666665604,0.0,0.6860153854952263,0.0,0.2974109264366622,0.0,0.6431730401030351,0.0,0.1659664367122316,0.0,0.0,0.0,24.4960457867309,0.0,14.724976472801591,0.0,20.115361800777947,0.0,0.6578625750452607,0.0,2.91996265977225,0.0,0.0,0.0,0.9961338203938742,0.9961338203938742,0.7837837837837838,0.9468566074798487,0.9468566074798487,0.9468566074798487,0.9468566074798487,0.8373025229898609,0.8373025229898609,0.8373025229898609,0.8373025229898609
C19,60.0,100.0,1500.0,220.0,235.0,3.0,15.0,Tb,,,Harmonized_irBT,Harmonized_irBT,cold,220.0,235.0,K,1.0,K,,,,37,37,8,5669.07177734375,1078.376611328125,1341.0396728515625,25234.36328125,278925.6375,645775.6999999974,277847.2608886719,1889823.75,0.8547046533996994,0.9961338203938742,0.9961338203938742,0.1666666666666666,0.0618847603057454,0.0213247021119115,0.1059483721097452,0.0135375807699097,0.0,1.1931072994636978,0.8742905841793427,0.769378603461444,0.105987874783996,0.1546067880717066,0.0,1.001666666665604,0.6860153854952263,0.2966167585360074,0.6431730442227419,0.1659303817670769,0.0,24.409674422965576,14.675174380369436,20.04367119219384,0.6578598340957781,2.9098643438775005,0.0,8,76464.05261494522,49403.233186099606,53514.21414065659,329226.1280309058,823314.4704381467,954003.491711614,773911.2372520472,1084692.5129850816,0.5977685420386811,0.9399946983079157,0.9399946983079157,0.0,0.0,0.0,0.0,0.0,0.0,0.0,0.0,0.0,0.0,0.0,0.0,0.0,0.0,0.0,0.0,0.0,0.0,0.0,0.0,0.0,0.0,0.0,0.0,0.1666666666666666,0.0274094279600039,0.0082239275245554,0.1059091632603228,0.0084727514848123,0.0,1.001666666665604,0.5460611676735682,0.1943294169140664,0.6429679296155242,0.123835417319801,0.0,0.0,0.0,0.0,0.0,0.0,0.0,0.0,0.0,0.0,0.0,0.0,0.0,6177963.250806391,0.8740030129830328,4454621.106954273,0.6301999722429006,5741157.76317292,0.8122076774038927,2030218.1325331929,2605504.38441214,0.2872171123088483,0.3686034684682648,3.1166666666666623,37,37,8,1078.376611328125,1341.0396728515625,25234.36328125,278925.6375,277847.2608886719,1889823.75,0.8547046533996994,8,76464.05261494522,49403.233186099606,53514.21414065659,329226.1280309058,823314.4704381467,773911.2372520472,1084692.5129850816,0.5977685420386811,0.9399946983079157,0.9399946983079157,1.001666666665604,0.0,0.6860153854952263,0.0,0.2966167585360074,0.0,0.6431730442227419,0.0,0.1659303817670769,0.0,0.0,0.0,24.409674422965576,0.0,14.675174380369436,0.0,20.04367119219384,0.0,0.6578598340957781,0.0,2.9098643438775005,0.0,0.0,0.0,0.9961338203938742,0.9961338203938742,0.7837837837837838,0.9468566074798487,0.9468566074798487,0.9468566074798487,0.9468566074798487,0.8374545347882201,0.8374545347882201,0.8374545347882201,0.8374545347882201
C19,70.0,100.0,1500.0,220.0,235.0,3.0,15.0,Tb,,,Harmonized_irBT,Harmonized_irBT,cold,220.0,235.0,K,1.0,K,,,,32,32,10,9591.708984375,1068.5771240234376,2002.5408630371091,166493.1640625,445417.021875,798100.2078124995,444348.4447509766,1889102.0,0.811998295485115,0.9976009513073272,0.9976009513073272,0.0598319694770242,0.0531682022950735,0.0275495411629523,0.0001530900324613,0.012736524036765,0.0,1.222769260398738,0.9231577060722682,0.9524631178396594,0.0002955277893223,0.2114844797549548,0.0,0.656300162605665,0.5639716783363503,0.3097915922974202,0.000557163471435,0.1392053395336177,0.0,22.97317326198356,14.794334059833291,17.496724391949957,0.003757805610424,3.3925086158028366,0.0,10,75720.46432859123,48107.265029882685,51095.1379623232,184535.43589530032,748376.2223588368,918195.3700778404,700268.9573289541,1088014.5177968447,0.6068438455299769,0.9357178066424244,0.9357178066424244,0.0,0.0,0.0,0.0,0.0,0.0,0.0,0.0,0.0,0.0,0.0,0.0,0.0,0.0,0.0,0.0,0.0,0.0,0.0,0.0,0.0,0.0,0.0,0.0,0.0348967069699958,0.0230074726879741,0.0109850316050554,3.1085351754174546e-05,0.0057454797405135,0.0,0.5351963101764117,0.3361674831669853,0.1933594606299414,0.0002588921278077,0.0887546303265022,0.0,0.0,0.0,0.0,0.0,0.0,0.0,0.0,0.0,0.0,0.0,0.0,0.0,5260114.566695824,0.7441539862393989,4200651.424847299,0.5942706119737431,4818489.757837623,0.68167685617558,2030218.1325331929,2482107.3568402976,0.2872171123088483,0.3511463601119043,3.3927083333333328,32,32,10,1068.5771240234376,2002.5408630371091,166493.1640625,445417.021875,444348.4447509766,1889102.0,0.811998295485115,10,75720.46432859123,48107.265029882685,51095.1379623232,184535.43589530032,748376.2223588368,700268.9573289541,1088014.5177968447,0.6068438455299769,0.9357178066424244,0.9357178066424244,0.656300162605665,0.0,0.5639716783363503,0.0,0.3097915922974202,0.0,0.000557163471435,0.0,0.1392053395336177,0.0,0.0,0.0,22.97317326198356,0.0,14.794334059833291,0.0,17.496724391949957,0.0,0.003757805610424,0.0,3.3925086158028366,0.0,0.0,0.0,0.9976009513073272,0.9976009513073272,0.6875,0.9879722337291555,0.9879722337291555,0.9879722337291555,0.9879722337291555,0.7231147626772725,0.7231147626772725,0.7231147626772725,0.7231147626772725
C2,0.0,100.0,1500.0,220.0,235.0,3.0,15.0,Tb,,,Harmonized_irBT,Harmonized_irBT,cold,220.0,235.0,K,1.0,K,,,,13,13,8,153308.296875,2615.8449218750006,4945.0283203125,236678.0,669793.55,687532.4375,667177.705078125,699531.6875,0.572678672166655,0.9960945504448722,0.9960945504448722,0.0415054326703729,0.036588482724617,0.0179136371271385,4.881226382549631e-05,0.0135517602786344,0.012976284633404,0.575937954907566,0.5251140273339667,0.2625621270551088,0.000578819910949,0.1800448385405076,0.095989693552409,0.7490039840637855,0.4836489087020671,0.1792425070630134,0.0687574080787604,0.1812940686679606,0.1707141746428088,6.446212135854125,5.970138597839066,3.3533133153335792,0.2251350456366607,2.241695813167101,1.975425590706896,8,96516.72437742644,52426.79387726402,60140.34036635804,296002.4768557954,389286.71880932,410427.8745717901,336859.92493205593,431569.0303342603,0.4310408313558628,0.8653260146207462,0.8653260146207462,0.0,0.0,0.0,0.0,0.0,0.0,0.0,0.0,0.0,0.0,0.0,0.0,0.05001719526913,0.038121991295405,0.005292766010699,0.0098847000745914,0.0095149741260557,0.0,0.1322908181280193,0.0952965410555236,0.013003475052964,0.0215764810527453,0.0228624066477089,0.0,0.0169776270634319,0.0167781623627074,0.0065346535163813,1.9036322584929484e-05,0.0054129681440793,0.0038850764083517,0.5445047072850655,0.3295830896317313,0.0826510918060867,0.0498694951261419,0.1024087745580671,0.0620693291468303,0.0,0.0,0.0,0.0,0.0,0.0,0.0075793598646167,0.0058342550444456,0.0005874170630778,0.0015330732018381,0.0013674360088855,0.0,3386461.173892528,0.47908625370113633,2903476.2917587394,0.4107578702075818,3139355.9590356527,0.4441280168937972,1685994.2674495503,2231932.207406828,0.2385193970570622,0.3157538164042685,3.3708333333333305,13,13,8,2615.8449218750006,4945.0283203125,236678.0,669793.55,667177.705078125,699531.6875,0.572678672166655,8,96516.72437742644,52426.79387726402,60140.34036635804,296002.4768557954,389286.71880932,336859.92493205593,431569.0303342603,0.4310408313558628,0.8653260146207462,0.8653260146207462,0.7490039840637855,0.05001719526913,0.4836489087020671,0.038121991295405,0.1792425070630134,0.005292766010699,0.0687574080787604,0.0098847000745914,0.1812940686679606,0.0095149741260557,0.1707141746428088,0.0,6.446212135854125,0.1322908181280193,5.970138597839066,0.0952965410555236,3.3533133153335792,0.013003475052964,0.2251350456366607,0.0215764810527453,2.241695813167101,0.0228624066477089,1.975425590706896,0.0,0.9960945504448722,0.9960945504448722,0.3846153846153846,0.9791065146726249,0.9791065146726249,0.9791065146726249,0.9791065146726249,0.7968248745578679,0.7968248745578679,0.7968248745578679,0.7968248745578679
C2,10.0,100.0,1500.0,220.0,235.0,3.0,15.0,Tb,,,Harmonized_irBT,Harmonized_irBT,cold,220.0,235.0,K,1.0,K,,,,13,13,9,153182.03125,2618.5981445312505,26416.689453125,236794.328125,650366.25,672484.0125,647747.6518554688,698336.8125,0.5490000702722393,0.9959736561598465,0.9959736561598465,0.1564838903342005,0.1250281111075021,0.0316632873135168,0.0003526436024546,0.0330497441873835,0.0183154210507873,1.7766276360320874,1.6759888807039014,0.6250459778177205,0.0044299717099781,0.4802044247522868,0.1439822414638595,0.7490039840637855,0.7059417065972943,0.2098201695493785,0.1386475396572283,0.234400767925561,0.2325800427106618,12.870565651971088,10.4978669792933,5.798957021722767,0.4680687700483345,3.856404075160576,2.399291658395548,9,88822.65654108264,51926.192501582926,54481.79174241407,261559.3491301881,371185.2068085243,389806.79883775127,319259.0143069414,408428.3908669783,0.4439023647465474,0.8601070528967254,0.8601070528967254,0.0,0.0,0.0,0.0,0.0,0.0,0.0,0.0,0.0,0.0,0.0,0.0,0.318375086653313,0.1941321827172508,0.0091677356673555,0.0644790865648809,0.0362381014962745,0.0,3.541212619819611,2.155870738121872,0.0982172394496563,0.7171149133560899,0.4021189483772086,0.0,0.0697828179634298,0.0559075921966066,0.0149879286872772,0.0001507372385571,0.0145168190998434,0.0046414703621813,0.5582362871422785,0.5499973392279507,0.1361327797370335,0.1006047001505732,0.1532276064389633,0.0998716282952114,0.0,0.0,0.0,0.0,0.0,0.0,0.2911284374121289,0.175466569429427,0.0061292960131208,0.0589182570484449,0.0325669116519448,0.0,3386461.173892528,0.47908625370113633,2679426.984229682,0.3790613770613011,3139355.9590356527,0.4441280168937972,1587052.4508047216,2208070.857787788,0.2245219933259364,0.3123781259680782,3.279166666666666,13,13,9,2618.5981445312505,26416.689453125,236794.328125,650366.25,647747.6518554688,698336.8125,0.5490000702722393,9,88822.65654108264,51926.192501582926,54481.79174241407,261559.3491301881,371185.2068085243,319259.0143069414,408428.3908669783,0.4439023647465474,0.8601070528967254,0.8601070528967254,0.7490039840637855,0.318375086653313,0.7059417065972943,0.1941321827172508,0.2098201695493785,0.0091677356673555,0.1386475396572283,0.0644790865648809,0.234400767925561,0.0362381014962745,0.2325800427106618,0.0,12.870565651971088,3.541212619819611,10.4978669792933,2.155870738121872,5.798957021722767,0.0982172394496563,0.4680687700483345,0.7171149133560899,3.856404075160576,0.4021189483772086,2.399291658395548,0.0,0.9959736561598465,0.9959736561598465,0.3076923076923077,0.8884403623080869,0.8884403623080869,0.8884403623080869,0.8884403623080869,0.7917039022937147,0.7917039022937147,0.7917039022937147,0.7917039022937147
C2,20.0,100.0,1500.0,220.0,235.0,3.0,15.0,Tb,,,Harmonized_irBT,Harmonized_irBT,cold,220.0,235.0,K,1.0,K,,,,14,14,10,151546.9453125,2909.4019165039062,47134.83544921875,227070.81640625,664772.7875000001,685857.3125,661863.3855834962,698003.375,0.5329097720171581,0.9956234641802273,0.9956234641802273,0.1568991928356802,0.1232241169702948,0.0327509641388343,0.0003922499492818,0.0351548755224417,0.0182182583565822,1.921484517068068,1.8634879455297937,0.7054647292372974,0.005626227357078,0.5754478013255921,0.2669881438893232,0.8083909421109904,0.7697894193803072,0.2418196109745354,0.1390632840672909,0.27202694713059,0.2487795110825771,14.039546327351411,12.856962473091103,5.811742952098455,0.474314226978304,4.210222789375064,2.568342678559204,10,66840.99691243972,47111.06954172423,53726.993948342366,215901.3870836316,362115.94608801376,383889.18413222913,315004.87654628954,405662.42217644455,0.4564109492798659,0.8699005938548928,0.8699005938548928,0.0,0.0,0.0,0.0,0.0,0.0,0.0,0.0,0.0,0.0,0.0,0.0,0.0498243703620691,0.0279821998767965,0.0013988237772131,0.0085363663223792,0.0051110584090199,0.0,0.0994688429508734,0.0557424019034534,0.0026745623181466,0.0170401569059107,0.010176781690748,0.0,0.0810183580682509,0.0594515379352844,0.0182714799344703,0.000189644401516,0.0177966716750817,0.0088839051347425,0.5919698969007408,0.5611175236505518,0.1493230748588069,0.100748158072837,0.1658091776221497,0.1116546751361857,0.0,0.0,0.0,0.0,0.0,0.0,0.007969642954609,0.0044102415395588,0.0001596950249436,0.0013644801990319,0.0008029504986884,0.0,3386461.173892528,0.47908625370113633,2634339.7467087097,0.3726828377530157,3139355.9590356527,0.4441280168937972,1685994.2674495503,2229351.285917424,0.2385193970570622,0.3153886907040278,2.932291666666666,14,14,10,2909.4019165039062,47134.83544921875,227070.81640625,664772.7875000001,661863.3855834962,698003.375,0.5329097720171581,10,66840.99691243972,47111.06954172423,53726.993948342366,215901.3870836316,362115.94608801376,315004.87654628954,405662.42217644455,0.4564109492798659,0.8699005938548928,0.8699005938548928,0.8083909421109904,0.0498243703620691,0.7697894193803072,0.0279821998767965,0.2418196109745354,0.0013988237772131,0.1390632840672909,0.0085363663223792,0.27202694713059,0.0051110584090199,0.2487795110825771,0.0,14.039546327351411,0.0994688429508734,12.856962473091103,0.0557424019034534,5.811742952098455,0.0026745623181466,0.474314226978304,0.0170401569059107,4.210222789375064,0.010176781690748,2.568342678559204,0.0,0.9956234641802273,0.9956234641802273,0.2857142857142857,0.7924223103822804,0.7924223103822804,0.7924223103822804,0.7924223103822804,0.7511503067484663,0.7511503067484663,0.7511503067484663,0.7511503067484663
C2,30.0,100.0,1500.0,220.0,235.0,3.0,15.0,Tb,,,Harmonized_irBT,Harmonized_irBT,cold,220.0,235.0,K,1.0,K,,,,15,15,11,153308.296875,2140.7951171875,56971.15478515625,248272.5703125,579531.4374999999,684923.0,577390.6423828123,698003.375,0.5138261895654083,0.9963059896691325,0.9963059896691325,0.1693495277410857,0.1303945350914684,0.0489762981369538,0.0001539516514163,0.0439485392047675,0.0327095093356491,2.005807384991793,1.9211925855985488,0.9321855925766926,0.0022285304463185,0.7022591842504032,0.4246273072957843,0.8256289542039834,0.7719914751058449,0.2927338727880152,0.0448387760701384,0.281440537811726,0.2710353722537352,14.424669346746573,12.943433873504675,6.703283059947435,0.1537564082396751,4.439240871264616,2.7373936987228595,11,76745.89183593544,47274.69022482623,54131.1759929098,131383.51280035143,356108.7295798405,384284.600783059,308834.03935501433,412460.47198627744,0.4386419925880398,0.8672464719396127,0.8672464719396127,0.0,0.0,0.0,0.0,0.0,0.0,0.0,0.0,0.0,0.0,0.0,0.0,0.0373114333146545,0.0190761139794279,0.0009847514118239,0.0058946850684831,0.0034683843598959,0.0,0.066217289555552,0.0338763268087916,0.0017668432916475,0.010461657838103,0.006159332147053,0.0,0.0833132557237114,0.0670393089815785,0.0252568499110925,7.892557226824127e-05,0.0227776289129625,0.013701472408861,0.5991433549440224,0.5608963015827525,0.1733702253045624,0.0324833708579876,0.1703383473818652,0.1258425113119698,0.0,0.0,0.0,0.0,0.0,0.0,0.0054529506566003,0.0027468151756315,0.0001074020524072,0.0008610115040145,0.0004994209410239,0.0,3080451.539186297,0.4357947461480325,2581483.4485383024,0.3652052011953629,2845233.172170258,0.4025181543110491,1685994.2674495503,2232019.861344204,0.2385193970570622,0.3157662168997483,2.8854166666666656,15,15,11,2140.7951171875,56971.15478515625,248272.5703125,579531.4374999999,577390.6423828123,698003.375,0.5138261895654083,11,76745.89183593544,47274.69022482623,54131.1759929098,131383.51280035143,356108.7295798405,308834.03935501433,412460.47198627744,0.4386419925880398,0.8672464719396127,0.8672464719396127,0.8256289542039834,0.0373114333146545,0.7719914751058449,0.0190761139794279,0.2927338727880152,0.0009847514118239,0.0448387760701384,0.0058946850684831,0.281440537811726,0.0034683843598959,0.2710353722537352,0.0,14.424669346746573,0.066217289555552,12.943433873504675,0.0338763268087916,6.703283059947435,0.0017668432916475,0.1537564082396751,0.010461657838103,4.439240871264616,0.006159332147053,2.7373936987228595,0.0,0.9963059896691325,0.9963059896691325,0.2666666666666667,0.7705298063598133,0.7705298063598133,0.7705298063598133,0.7705298063598133,0.5879911045218681,0.5879911045218681,0.5879911045218681,0.5879911045218681
C2,40.0,100.0,1500.0,220.0,235.0,3.0,15.0,Tb,,,Harmonized_irBT,Harmonized_irBT,cold,220.0,235.0,K,1.0,K,,,,15,15,11,153308.296875,2140.7951171875,56805.74462890625,247896.7109375,579685.3124999999,684981.85625,577544.5173828123,698199.5625,0.5144934998091161,0.996306970228459,0.996306970228459,0.1706850235057085,0.140680465935179,0.0508322837804363,0.0001602346451188,0.0457047844870474,0.0327095093356491,2.022735329503056,1.967419983797758,0.9518190011437596,0.0022630547251532,0.7145981334930535,0.3988906713063321,0.8256289542039884,0.7719914751058463,0.2917337301804016,0.0448327512714551,0.2797622011078668,0.2696095177722099,14.64766095954798,13.079264831313546,6.749735826840566,0.1537963797673371,4.457482919452612,2.7266791606291907,11,77174.42219644068,46904.59582257171,55027.19401942071,130867.32850247012,356381.4307183439,383729.4591796772,309476.83489577216,411077.48764101055,0.4365694242075587,0.8683865325754263,0.8683865325754263,0.0,0.0,0.0,0.0,0.0,0.0,0.0,0.0,0.0,0.0,0.0,0.0,0.0023800290138987,0.0012262233469098,7.10055167186638e-05,0.000368334569289,0.0002229496994381,0.0,0.0023800290138987,0.0012262233469098,7.10055167186638e-05,0.000368334569289,0.0002229496994381,0.0,0.0827014065865071,0.0703694020585839,0.0256854281951281,7.972651897756482e-05,0.0230583219668118,0.0133098671828654,0.5988831790734064,0.5608182488215677,0.1738228088800933,0.0324814405957246,0.1700060002116131,0.1248352897375283,0.0,0.0,0.0,0.0,0.0,0.0,0.0001981506021321,0.0001000382067496,4.080981191406306e-06,3.064277481939872e-05,1.8188764863573714e-05,0.0,3080451.539186297,0.4357947461480325,2581483.4485383024,0.3652052011953629,2845233.172170258,0.4025181543110491,1685994.2674495503,2229351.285917424,0.2385193970570622,0.3153886907040278,2.8854166666666656,15,15,11,2140.7951171875,56805.74462890625,247896.7109375,579685.3124999999,577544.5173828123,698199.5625,0.5144934998091161,11,77174.42219644068,46904.59582257171,55027.19401942071,130867.32850247012,356381.4307183439,309476.83489577216,411077.48764101055,0.4365694242075587,0.8683865325754263,0.8683865325754263,0.8256289542039884,0.0023800290138987,0.7719914751058463,0.0012262233469098,0.2917337301804016,7.10055167186638e-05,0.0448327512714551,0.000368334569289,0.2797622011078668,0.0002229496994381,0.2696095177722099,0.0,14.64766095954798,0.0023800290138987,13.079264831313546,0.0012262233469098,6.749735826840566,7.10055167186638e-05,0.1537963797673371,0.000368334569289,4.457482919452612,0.0002229496994381,2.7266791606291907,0.0,0.996306970228459,0.996306970228459,0.2666666666666667,0.7708491394900832,0.7708491394900832,0.7708491394900832,0.7708491394900832,0.5795192379251322,0.5795192379251322,0.5795192379251322,0.5795192379251322
C2,50.0,100.0,1500.0,220.0,235.0,3.0,15.0,Tb,,,Harmonized_irBT,Harmonized_irBT,cold,220.0,235.0,K,1.0,K,,,,20,20,9,5708.806640625,1377.3704345703125,1906.219268798828,230090.46484375,455838.23750000034,681749.259375,454460.8670654301,727959.8125,0.6745005526142174,0.9969783789044895,0.9969783789044895,0.1712748979866576,0.0844861939253647,0.0463015008274172,3.172900157524617e-05,0.0264851634328605,0.0,1.6578652960942115,1.6198713721996305,0.7632302802498329,0.0004174431738462,0.3801486118916181,0.0,0.8894736116514624,0.7560274654431695,0.2946532351256851,0.0932724577401188,0.2129586037936698,0.1094859493920741,12.230234337239963,11.79504099356821,6.239635835948567,0.1482739813470446,2.8377177952014345,1.1210115113961567,9,77992.52561195064,53827.309010006094,59039.79648596963,143070.70445049388,368403.65519579046,392097.4884011792,314576.3461857844,415791.321606568,0.4362410549441984,0.8538904045851574,0.8538904045851574,0.0,0.0,0.0,0.0,0.0,0.0,0.0,0.0,0.0,0.0,0.0,0.0,0.0153427791073184,0.009347080585936,0.0006073533288043,0.001847132082725,0.0017440346567978,0.0,0.025711657085474,0.0156686420334177,0.0010237864467864,0.0030955274429282,0.0029239751712008,0.0,0.0659295610682831,0.0655528737515607,0.0212024457194621,1.589867261952538e-05,0.0129090301963928,0.0,0.5445047072850655,0.4864967516774833,0.1597564516148393,0.0552407626635299,0.1217295776911365,0.097075890434099,0.0,0.0,0.0,0.0,0.0,0.0,0.0015065912972564,0.0009096291185465,4.912335211463633e-05,0.00018124610638,0.0001689752386375,0.0,3080451.539186297,0.4357947461480325,2606434.6287787203,0.3687350711253534,2993073.7117129667,0.4234333122289113,1685994.2674495503,2229351.285917424,0.2385193970570622,0.3153886907040278,2.7677083333333337,20,20,9,1377.3704345703125,1906.219268798828,230090.46484375,455838.23750000034,454460.8670654301,727959.8125,0.6745005526142174,9,77992.52561195064,53827.309010006094,59039.79648596963,143070.70445049388,368403.65519579046,314576.3461857844,415791.321606568,0.4362410549441984,0.8538904045851574,0.8538904045851574,0.8894736116514624,0.0153427791073184,0.7560274654431695,0.009347080585936,0.2946532351256851,0.0006073533288043,0.0932724577401188,0.001847132082725,0.2129586037936698,0.0017440346567978,0.1094859493920741,0.0,12.230234337239963,0.025711657085474,11.79504099356821,0.0156686420334177,6.239635835948567,0.0010237864467864,0.1482739813470446,0.0030955274429282,2.8377177952014345,0.0029239751712008,1.1210115113961567,0.0,0.9969783789044895,0.9969783789044895,0.55,0.991715348699507,0.991715348699507,0.991715348699507,0.991715348699507,0.5873383253914228,0.5873383253914228,0.5873383253914228,0.5873383253914228
C2,60.0,100.0,1500.0,220.0,235.0,3.0,15.0,Tb,,,Harmonized_irBT,Harmonized_irBT,cold,220.0,235.0,K,1.0,K,,,,14,14,9,187235.625,1669.0219970703124,4934.7037353515625,254444.51953125,604939.6906250003,687441.734375,603270.66862793,702129.5,0.5535320044480213,0.9972410109256579,0.9972410109256579,0.0799397941889939,0.0728215924806681,0.0343701528339365,4.8556195156162986e-05,0.0262978723842108,0.0200506260232803,1.5555530517362766,1.3193323222814275,0.5766415006104351,0.000681055632549,0.404923181541628,0.2511964558371528,0.7490039840637855,0.6106879981360842,0.2313372897123832,0.0335875582449919,0.209091367685859,0.1418769984435982,11.049662486592412,7.933540308915526,4.709718499127464,0.1110063674725922,2.9203840436659894,2.395598236811093,9,90790.00046885664,54014.30407640837,60208.51565098387,144336.8168792593,368727.0008314444,392444.2084201335,314712.696755036,416161.41600882256,0.4186405428041745,0.8535113947321156,0.8535113947321156,0.0,0.0,0.0,0.0,0.0,0.0,0.0,0.0,0.0,0.0,0.0,0.0,0.0,0.0,0.0,0.0,0.0,0.0,0.0,0.0,0.0,0.0,0.0,0.0,0.0609198514096316,0.0499816042659211,0.015804574681486,2.5599025236889872e-05,0.0134029751056232,0.0064072156488728,0.5445047072850655,0.3941566723132861,0.1170655297569641,0.0243591186214525,0.1204175319216313,0.0860292148369563,0.0,0.0,0.0,0.0,0.0,0.0,0.0,0.0,0.0,0.0,0.0,0.0,3080451.539186297,0.4357947461480325,2756124.179433744,0.3899118106061993,2856312.6298545934,0.4040855769397065,1685994.2674495503,2229351.285917424,0.2385193970570622,0.3153886907040278,3.274999999999999,14,14,9,1669.0219970703124,4934.7037353515625,254444.51953125,604939.6906250003,603270.66862793,702129.5,0.5535320044480213,9,90790.00046885664,54014.30407640837,60208.51565098387,144336.8168792593,368727.0008314444,314712.696755036,416161.41600882256,0.4186405428041745,0.8535113947321156,0.8535113947321156,0.7490039840637855,0.0,0.6106879981360842,0.0,0.2313372897123832,0.0,0.0335875582449919,0.0,0.209091367685859,0.0,0.1418769984435982,0.0,11.049662486592412,0.0,7.933540308915526,0.0,4.709718499127464,0.0,0.1110063674725922,0.0,2.9203840436659894,0.0,2.395598236811093,0.0,0.9972410109256579,0.9972410109256579,0.3571428571428571,0.9806059735755264,0.9806059735755264,0.9806059735755264,0.9806059735755264,0.5828609986504724,0.5828609986504724,0.5828609986504724,0.5828609986504724
C2,70.0,100.0,1500.0,220.0,235.0,3.0,15.0,Tb,,,Harmonized_irBT,Harmonized_irBT,cold,220.0,235.0,K,1.0,K,,,,14,14,9,187235.625,1669.0219970703124,4934.7037353515625,254848.48828125,604645.1281250003,687441.734375,602976.10612793,702129.5,0.5534507646682484,0.9972396668402077,0.9972396668402077,0.08012238687547,0.0724321273676602,0.0343612320894907,4.851125724806398e-05,0.0262770065535531,0.0200506260232803,1.556665540061279,1.306979530959506,0.5747173742592809,0.000675711095225,0.4029203862183066,0.2496004697848109,0.7490039840637855,0.6123310191134945,0.2316308426577476,0.0335876577773947,0.2092994950978904,0.1418769984435982,11.097765649606623,7.938545608954137,4.701317853928948,0.1109862279080463,2.9145167251733937,2.3610792218750825,9,91296.4454403628,54045.46992080876,60169.5583454834,145797.7158355271,369389.2750249524,393457.0983631458,315343.8051041437,417524.92170133913,0.4183072664165366,0.8536896613547917,0.8536896613547917,0.0,0.0,0.0,0.0,0.0,0.0,0.0,0.0,0.0,0.0,0.0,0.0,0.0,0.0,0.0,0.0,0.0,0.0,0.0,0.0,0.0,0.0,0.0,0.0,0.0599142670828293,0.0496199497239026,0.0157316402756976,2.5342215885949456e-05,0.0133087565225235,0.0063541996096333,0.5445047072850655,0.3948276520815522,0.1168269552245858,0.0243582688068952,0.1201561120139468,0.0842159718412833,0.0,0.0,0.0,0.0,0.0,0.0,0.0,0.0,0.0,0.0,0.0,0.0,3080451.539186297,0.4357947461480325,2756124.179433744,0.3899118106061993,2845233.172170258,0.4025181543110491,1685994.2674495503,2229351.285917422,0.2385193970570622,0.3153886907040275,3.274999999999999,14,14,9,1669.0219970703124,4934.7037353515625,254848.48828125,604645.1281250003,602976.10612793,702129.5,0.5534507646682484,9,91296.4454403628,54045.46992080876,60169.5583454834,145797.7158355271,369389.2750249524,315343.8051041437,417524.92170133913,0.4183072664165366,0.8536896613547917,0.8536896613547917,0.7490039840637855,0.0,0.6123310191134945,0.0,0.2316308426577476,0.0,0.0335876577773947,0.0,0.2092994950978904,0.0,0.1418769984435982,0.0,11.097765649606623,0.0,7.938545608954137,0.0,4.701317853928948,0.0,0.1109862279080463,0.0,2.9145167251733937,0.0,2.3610792218750825,0.0,0.9972396668402077,0.9972396668402077,0.3571428571428571,0.9806367156869079,0.9806367156869079,0.9806367156869079,0.9806367156869079,0.587307949231797,0.587307949231797,0.587307949231797,0.587307949231797
C21,0.0,100.0,1500.0,220.0,235.0,3.0,15.0,Tb,,,Harmonized_irBT,Harmonized_irBT,cold,220.0,235.0,K,1.0,K,,,,29,29,19,212989.1875,967.6342407226564,2453.127685546875,438587.40625,631137.2749999999,889597.1874999994,630169.6407592773,1240783.25,0.5824384299940678,0.9984668402912462,0.9984668402912462,0.0766599039914212,0.0719847421378706,0.0408280001059565,4.770906219644933e-05,0.0295908296388222,0.0288260874433294,1.6748776634377898,1.6312731343499958,1.1945271277343408,0.0004651563557674,0.4760292085597863,0.276670519478144,1.0003863826236192,0.7340016563360469,0.4639710267650673,0.0324260201852367,0.2964342640140066,0.2573993120066029,28.89528713327477,21.12339113665423,18.81901000660601,0.0790353315598344,6.215001128729884,3.6840183433486575,19,119249.99586719651,49962.32802332086,67143.80475522009,289497.9470251393,377648.5528469185,540635.6486243876,327686.22482359764,713359.9336173554,0.4540728878116343,0.8677015239521564,0.8677015239521564,0.0,0.0,0.0,0.0,0.0,0.0,0.0,0.0,0.0,0.0,0.0,0.0,0.8867315764160361,0.2719632989897,0.099670960090427,0.0426068288333855,0.0793142406442784,0.0,10.682626239707195,3.970075292661528,1.6161761331819045,0.4381001429825958,0.986616047366335,0.0,0.0455409600407515,0.0380935559767686,0.0227916995384412,2.2743883429781808e-05,0.0156553632638602,0.0151156783680804,0.9323896396458354,0.7047789550294802,0.3268094389559163,0.0300815732839631,0.2344036035055262,0.2120837216073746,0.0,0.0,0.0,0.0,0.0,0.0,0.8709473389849834,0.2064523619643661,0.0464316596266947,0.0333187955678574,0.0588444225617035,0.0,4130337.58318232,0.5843232382237322,3505135.8983924044,0.49587529283378,3587086.1158695407,0.5074688770106175,3422872.317683041,3842177.162148327,0.4842373768281496,0.5435568778583972,2.8208333333333333,29,29,19,967.6342407226564,2453.127685546875,438587.40625,631137.2749999999,630169.6407592773,1240783.25,0.5824384299940678,19,119249.99586719651,49962.32802332086,67143.80475522009,289497.9470251393,377648.5528469185,327686.22482359764,713359.9336173554,0.4540728878116343,0.8677015239521564,0.8677015239521564,1.0003863826236192,0.8867315764160361,0.7340016563360469,0.2719632989897,0.4639710267650673,0.099670960090427,0.0324260201852367,0.0426068288333855,0.2964342640140066,0.0793142406442784,0.2573993120066029,0.0,28.89528713327477,10.682626239707195,21.12339113665423,3.970075292661528,18.81901000660601,1.6161761331819045,0.0790353315598344,0.4381001429825958,6.215001128729884,0.986616047366335,3.6840183433486575,0.0,0.9984668402912462,0.9984668402912462,0.3448275862068966,0.9944067530198335,0.9944067530198335,0.9944067530198335,0.9944067530198335,0.7680681143158867,0.7680681143158867,0.7680681143158867,0.7680681143158867
C21,10.0,100.0,1500.0,220.0,235.0,3.0,15.0,Tb,,,Harmonized_irBT,Harmonized_irBT,cold,220.0,235.0,K,1.0,K,,,,32,32,24,230676.984375,1043.2376586914063,83035.71630859375,466048.40625,597256.5125000001,956442.021875,596213.2748413087,1243033.0,0.5187850699916028,0.9982532837451623,0.9982532837451623,0.125,0.0835083887179332,0.0398221237330303,0.0703049335472533,0.0357987329497704,0.0300925784591114,2.091105817136928,1.5594971501032986,0.9353950496473178,0.1103669218551223,0.542683223376709,0.301785150184405,1.0041666666670708,0.6397620997301976,0.3711564909577368,0.5649093338812968,0.2930769627085833,0.2471410628946769,16.351261409312972,14.946418448663003,10.56129916920093,0.6683957812548401,5.399258304446692,4.277319759848512,24,107154.93940446051,50134.29565075312,60656.803698191856,256002.47470416583,442319.8452699458,497195.67055928975,392185.5496191927,681526.8150282272,0.4609416924553248,0.886656011058793,0.886656011058793,0.0,0.0,0.0,0.0,0.0,0.0,0.0,0.0,0.0,0.0,0.0,0.0,0.4478969025275611,0.1440918104351486,0.0279498365985428,0.0390374631134251,0.0403803720931796,0.0,3.665179342016714,0.5871912501592481,0.1862540336098021,0.2461333005397484,0.2535211195024249,0.0,0.16625,0.0555506732881323,0.024202156701025,0.0934735758688358,0.0233669242903127,0.0155478486014824,1.0035416666651205,0.4745941879316727,0.2688985008188989,0.5643942466901937,0.2208263323834303,0.1875919226961435,0.0,0.0,0.0,0.0,0.0,0.0,0.1796475634050913,0.0375890587930825,0.0069954423439829,0.012953370149962,0.0129835987219609,0.0,3575035.0066893697,0.5057639938143825,3040262.021096864,0.4301090924018864,3351022.332190439,0.4740726831817242,2232435.97054027,2390980.569275737,0.3158250843090106,0.3382545568328066,2.4479166666666665,32,32,24,1043.2376586914063,83035.71630859375,466048.40625,597256.5125000001,596213.2748413087,1243033.0,0.5187850699916028,24,107154.93940446051,50134.29565075312,60656.803698191856,256002.47470416583,442319.8452699458,392185.5496191927,681526.8150282272,0.4609416924553248,0.886656011058793,0.886656011058793,1.0041666666670708,0.4478969025275611,0.6397620997301976,0.1440918104351486,0.3711564909577368,0.0279498365985428,0.5649093338812968,0.0390374631134251,0.2930769627085833,0.0403803720931796,0.2471410628946769,0.0,16.351261409312972,3.665179342016714,14.946418448663003,0.5871912501592481,10.56129916920093,0.1862540336098021,0.6683957812548401,0.2461333005397484,5.399258304446692,0.2535211195024249,4.277319759848512,0.0,0.9982532837451623,0.9982532837451623,0.25,0.821830275149463,0.821830275149463,0.821830275149463,0.821830275149463,0.7630616509926855,0.7630616509926855,0.7630616509926855,0.7630616509926855
C21,20.0,100.0,1500.0,220.0,235.0,3.0,15.0,Tb,,,Harmonized_irBT,Harmonized_irBT,cold,220.0,235.0,K,1.0,K,,,,33,33,25,248521.6875,1077.743505859375,99564.109375,465823.75,598726.5,951902.5249999998,597648.7564941406,1245368.875,0.5278908846205889,0.998199940196635,0.998199940196635,0.186949605645496,0.108501040943789,0.040949660555844,0.0703277314280835,0.041144387575645,0.0307916466683868,2.171463722547585,1.5508032400595142,0.9417059596898296,0.1105424833633276,0.5629106072808984,0.3566886234711662,1.0041666666670708,0.6270859231240843,0.36874884923592,0.5648192707112761,0.2912652115599848,0.264745542059808,15.932302510521104,14.592724769005452,10.42282305925598,0.6685138628602839,5.265602090135613,3.640473282666728,25,83003.0415073068,48685.94607749027,59271.50892165416,247060.15807768804,431073.162435876,517874.7777580196,382387.2163583857,676501.5388043731,0.4733118571705803,0.8870587400932608,0.8870587400932608,0.0,0.0,0.0,0.0,0.0,0.0,0.0,0.0,0.0,0.0,0.0,0.0,0.3074781096439631,0.1275652215272566,0.0194646874885055,0.023521449636913,0.0252602259737808,0.0,1.8812466575900944,0.5196195400765244,0.1115337327013375,0.1202924776304983,0.1325414391724284,0.0,0.16625,0.0724296762650851,0.0247782633161691,0.093471385509215,0.0256857707432905,0.0187082744696696,1.0035416666651205,0.4599110865647619,0.2680758242048197,0.5642906752339467,0.2182380769509248,0.1772258405840155,0.0,0.0,0.0,0.0,0.0,0.0,0.0931169277719805,0.0337458118695098,0.0040584017268852,0.0064536223643805,0.0068969354483936,0.0,3575035.0066893697,0.5057639938143825,3034288.5344828544,0.4292640169155637,3351022.332190439,0.4740726831817242,2232435.97054027,2390980.569275737,0.3158250843090106,0.3382545568328066,2.4375,33,33,25,1077.743505859375,99564.109375,465823.75,598726.5,597648.7564941406,1245368.875,0.5278908846205889,25,83003.0415073068,48685.94607749027,59271.50892165416,247060.15807768804,431073.162435876,382387.2163583857,676501.5388043731,0.4733118571705803,0.8870587400932608,0.8870587400932608,1.0041666666670708,0.3074781096439631,0.6270859231240843,0.1275652215272566,0.36874884923592,0.0194646874885055,0.5648192707112761,0.023521449636913,0.2912652115599848,0.0252602259737808,0.264745542059808,0.0,15.932302510521104,1.8812466575900944,14.592724769005452,0.5196195400765244,10.42282305925598,0.1115337327013375,0.6685138628602839,0.1202924776304983,5.265602090135613,0.1325414391724284,3.640473282666728,0.0,0.998199940196635,0.998199940196635,0.24242424242424243,0.7862622732846919,0.7862622732846919,0.7862622732846919,0.7862622732846919,0.760092807424594,0.760092807424594,0.760092807424594,0.760092807424594
C21,30.0,100.0,1500.0,220.0,235.0,3.0,15.0,Tb,,,Harmonized_irBT,Harmonized_irBT,cold,220.0,235.0,K,1.0,K,,,,33,33,25,245563.5,1407.4775146484376,102188.3828125,449650.96875,817241.2375000002,968481.3999999998,815833.7599853517,1233583.125,0.525233690109904,0.9982777698309082,0.9982777698309082,0.2131992170508916,0.1164888564656704,0.0472902333773187,0.0001000567767731,0.0416783408069338,0.0321423394508617,5.181080737153073,2.189831585006213,1.019750302385554,0.0012642860526606,0.7184554730493659,0.4174258027356528,0.8791164780638556,0.6960515277082795,0.3828891323875618,0.017362990443628,0.2716386334064636,0.2117500970120292,25.58619845114555,14.77841178971121,9.741434633670242,0.0269747492938932,5.445260924819376,3.9163658494263474,25,98078.87017886872,47615.92528457839,58507.20835528854,253117.2400661356,464071.83938871167,513201.07979469385,416455.91410413326,678641.5803901969,0.4743603107683427,0.897395357263437,0.897395357263437,0.0,0.0,0.0,0.0,0.0,0.0,0.0,0.0,0.0,0.0,0.0,0.0,0.3961244567523821,0.2321680685471909,0.0238714454990859,0.0449939092155423,0.0332712040653801,0.0,3.5133288419329918,0.8392416948558198,0.1688764783875101,0.2533866873541233,0.2246481460414868,0.0,0.1272243024625557,0.0871906341561986,0.0292382966845216,4.967070007299147e-05,0.0242750785872524,0.01702431804321,0.6582603049921788,0.5648408977634525,0.2741590592986773,0.0084711971123069,0.1916064910461807,0.1471512689592143,0.0,0.0,0.0,0.0,0.0,0.0,0.2304177570941901,0.0817591668122367,0.0070638872386215,0.0196870610844359,0.0154757760268838,0.0,3575035.0066893697,0.5057639938143825,2983993.735713161,0.422148758394667,3351022.332190439,0.4740726831817242,2707448.7725365013,2731887.2831460685,0.3830256491709056,0.3864829911845201,2.4375,33,33,25,1407.4775146484376,102188.3828125,449650.96875,817241.2375000002,815833.7599853517,1233583.125,0.525233690109904,25,98078.87017886872,47615.92528457839,58507.20835528854,253117.2400661356,464071.83938871167,416455.91410413326,678641.5803901969,0.4743603107683427,0.897395357263437,0.897395357263437,0.8791164780638556,0.3961244567523821,0.6960515277082795,0.2321680685471909,0.3828891323875618,0.0238714454990859,0.017362990443628,0.0449939092155423,0.2716386334064636,0.0332712040653801,0.2117500970120292,0.0,25.58619845114555,3.5133288419329918,14.77841178971121,0.8392416948558198,9.741434633670242,0.1688764783875101,0.0269747492938932,0.2533866873541233,5.445260924819376,0.2246481460414868,3.9163658494263474,0.0,0.9982777698309082,0.9982777698309082,0.24242424242424243,0.7727384351098432,0.7727384351098432,0.7727384351098432,0.7727384351098432,0.7688533252811958,0.7688533252811958,0.7688533252811958,0.7688533252811958
C21,40.0,100.0,1500.0,220.0,235.0,3.0,15.0,Tb,,,Harmonized_irBT,Harmonized_irBT,cold,220.0,235.0,K,1.0,K,,,,30,30,22,189521.53125,1560.8769775390626,44730.38330078125,429613.9453125,650709.7937500003,974388.4249999996,649148.9167724613,1246019.875,0.5511809048631318,0.9976012701936698,0.9976012701936698,0.2384967475812694,0.0980152975047154,0.0473179934055921,0.000102972348965,0.0428082050722139,0.0317163460784297,4.218971997621254,2.1031494115077,1.2581544542659082,0.0012662965190855,0.7236804770105536,0.3679413871668858,0.9726746879975868,0.8678758737174574,0.3913748102922738,0.0176908676778765,0.2789566072652534,0.211485061078457,23.67091460983075,20.831146691862784,13.89689758788764,0.0280743671953881,6.016476989523492,3.6966121788411694,22,79850.3016710486,47197.470724493214,58230.149399981,251679.39962566027,413377.69357309584,500285.3555988228,366180.2228486026,687488.359445879,0.4844337926042463,0.8858248244685523,0.8858248244685523,0.0,0.0,0.0,0.0,0.0,0.0,0.0,0.0,0.0,0.0,0.0,0.0,0.3706065732099559,0.1214092231139215,0.0336072849058801,0.0353081063651126,0.0339069279658536,0.0,3.4392154534331287,0.7001755477539564,0.2569159857478015,0.2649948853314441,0.2597172353182591,0.0,0.1452698020528568,0.0649971992342703,0.0289970426419575,4.934830133353968e-05,0.0236847834978559,0.0141799575890778,0.815049040789791,0.5893970205172683,0.2880668260372384,0.0086361020484954,0.1950813987784197,0.1728285020837356,0.0,0.0,0.0,0.0,0.0,0.0,0.2328259999812984,0.0745150177533185,0.0083336235290418,0.0216659656843631,0.0177648881549501,0.0,4130337.58318232,0.5843232382237322,3616182.560743215,0.5115851819244362,3556815.036562923,0.5031863953178397,2797961.067108363,3352250.9453508705,0.3958305194746402,0.4742464963885068,3.041666666666663,30,30,22,1560.8769775390626,44730.38330078125,429613.9453125,650709.7937500003,649148.9167724613,1246019.875,0.5511809048631318,22,79850.3016710486,47197.470724493214,58230.149399981,251679.39962566027,413377.69357309584,366180.2228486026,687488.359445879,0.4844337926042463,0.8858248244685523,0.8858248244685523,0.9726746879975868,0.3706065732099559,0.8678758737174574,0.1214092231139215,0.3913748102922738,0.0336072849058801,0.0176908676778765,0.0353081063651126,0.2789566072652534,0.0339069279658536,0.211485061078457,0.0,23.67091460983075,3.4392154534331287,20.831146691862784,0.7001755477539564,13.89689758788764,0.2569159857478015,0.0280743671953881,0.2649948853314441,6.016476989523492,0.2597172353182591,3.6966121788411694,0.0,0.9976012701936698,0.9976012701936698,0.2666666666666667,0.8958823758194243,0.8958823758194243,0.8958823758194243,0.8958823758194243,0.7686336287888853,0.7686336287888853,0.7686336287888853,0.7686336287888853
C21,50.0,100.0,1500.0,220.0,235.0,3.0,15.0,Tb,,,Harmonized_irBT,Harmonized_irBT,cold,220.0,235.0,K,1.0,K,,,,31,31,21,176337.28125,1689.002685546875,19050.38623046875,421959.703125,677826.25,966143.53125,676137.2473144531,1530089.625,0.5973958994880375,0.9975082070286495,0.9975082070286495,0.2371531272348203,0.1057776236162792,0.0433406792552426,0.0001201039800484,0.0387894937915857,0.0270520692052287,4.162849667886585,2.1129941684426186,1.2154987265399986,0.0015287193673609,0.653811820677306,0.3354264029396903,0.9251539501875812,0.8640696047865408,0.4878209758781705,0.0073398278608218,0.2975613121222811,0.2603074887124394,22.560615554213488,19.726939072672263,14.146816207193371,0.0362126572377413,5.729870802790948,2.976896899300728,21,66704.33192955986,47845.21545448808,57590.04767564979,241538.0864856964,421951.235176302,504361.9437446754,374106.019721814,820763.2707058848,0.5095627545432154,0.8866096092016483,0.8866096092016483,0.0,0.0,0.0,0.0,0.0,0.0,0.0,0.0,0.0,0.0,0.0,0.0,0.5678537770443648,0.315930539234995,0.0367716791862313,0.0545259910478971,0.0508207745445859,0.0,3.776723986869262,2.7049203696126187,0.3378244584890201,0.3831507456904502,0.3704652004685427,0.0,0.1545237731693291,0.0679649378126366,0.0282188978142458,6.560861501271205e-05,0.0228266217315219,0.0118341629712566,0.837443510716444,0.6916568951220672,0.2950853532677387,0.0044402387466278,0.2039085757435858,0.1549888839885315,0.0,0.0,0.0,0.0,0.0,0.0,0.4694813764818349,0.1913242155819486,0.0114582004230288,0.0395654699561739,0.0351042083716273,0.0,5601339.114480831,0.7924273848920925,3662227.370676078,0.5180991900173624,4878073.845523369,0.6901062802509643,2797961.067108363,3352250.9453508705,0.3958305194746402,0.4742464963885068,2.9375,31,31,21,1689.002685546875,19050.38623046875,421959.703125,677826.25,676137.2473144531,1530089.625,0.5973958994880375,21,66704.33192955986,47845.21545448808,57590.04767564979,241538.0864856964,421951.235176302,374106.019721814,820763.2707058848,0.5095627545432154,0.8866096092016483,0.8866096092016483,0.9251539501875812,0.5678537770443648,0.8640696047865408,0.315930539234995,0.4878209758781705,0.0367716791862313,0.0073398278608218,0.0545259910478971,0.2975613121222811,0.0508207745445859,0.2603074887124394,0.0,22.560615554213488,3.776723986869262,19.726939072672263,2.7049203696126187,14.146816207193371,0.3378244584890201,0.0362126572377413,0.3831507456904502,5.729870802790948,0.3704652004685427,2.976896899300728,0.0,0.9975082070286495,0.9975082070286495,0.32258064516129037,0.9548525935311284,0.9548525935311284,0.9548525935311284,0.9548525935311284,0.7615694960841706,0.7615694960841706,0.7615694960841706,0.7615694960841706
C21,60.0,100.0,1500.0,220.0,235.0,3.0,15.0,Tb,,,Harmonized_irBT,Harmonized_irBT,cold,220.0,235.0,K,1.0,K,,,,30,30,19,157193.1875,2240.971789550781,7984.625610351562,268104.84375,520013.0500000003,887660.7374999989,517772.0782104495,1533592.875,0.6207580821995314,0.9956905470169436,0.9956905470169436,0.232127897915449,0.100124705158862,0.0465730354583316,0.0001098836014958,0.0362769958245885,0.0220786931808681,4.139016055072744,2.3163354324710377,1.547820434412904,0.0013848284846579,0.6170844250445249,0.242079688889666,0.9557779037334349,0.7311283123823176,0.5228499017019549,0.0071742455793373,0.2738666879684236,0.2432925363121455,31.95738351235366,24.0314898873517,20.616027854099293,0.0358052748747761,6.068484393092098,2.657705594885229,19,66952.72961362869,48750.91162563134,58039.07425838959,158630.58254918532,350236.91303421534,538724.8972084733,301486.001408584,824431.9134244397,0.5108639545682893,0.8608059007736035,0.8608059007736035,0.0,0.0,0.0,0.0,0.0,0.0,0.0,0.0,0.0,0.0,0.0,0.0,0.6601629993303898,0.5740351160353574,0.0557647789060738,0.0900106528775448,0.0918973842264114,0.0,5.298859270372827,3.804090026292583,0.5318392581505818,0.633023555234468,0.6668638421240426,0.0,0.1589487400175807,0.0499012935335417,0.0272546389534083,6.2006167986786e-05,0.0205537533415556,0.013458768286653,0.8539554996079465,0.5757650963088572,0.3285721039921348,0.0044075839188331,0.2015140420706726,0.1536839123825628,0.0,0.0,0.0,0.0,0.0,0.0,0.5747760260512194,0.4849407272340222,0.0179557241296952,0.0677896140223321,0.0665306902104077,0.0,5601339.114480831,0.7924273848920925,3324683.101609912,0.4703464442980548,4878073.845523369,0.6901062802509643,2797961.067108348,3515132.949800461,0.3958305194746381,0.4972895862986121,2.99583333333333,30,30,19,2240.971789550781,7984.625610351562,268104.84375,520013.0500000003,517772.0782104495,1533592.875,0.6207580821995314,19,66952.72961362869,48750.91162563134,58039.07425838959,158630.58254918532,350236.91303421534,301486.001408584,824431.9134244397,0.5108639545682893,0.8608059007736035,0.8608059007736035,0.9557779037334349,0.6601629993303898,0.7311283123823176,0.5740351160353574,0.5228499017019549,0.0557647789060738,0.0071742455793373,0.0900106528775448,0.2738666879684236,0.0918973842264114,0.2432925363121455,0.0,31.95738351235366,5.298859270372827,24.0314898873517,3.804090026292583,20.616027854099293,0.5318392581505818,0.0358052748747761,0.633023555234468,6.068484393092098,0.6668638421240426,2.657705594885229,0.0,0.9956905470169436,0.9956905470169436,0.3666666666666667,0.9702182717079256,0.9702182717079256,0.9702182717079256,0.9702182717079256,0.6341243073958083,0.6341243073958083,0.6341243073958083,0.6341243073958083
C21,70.0,100.0,1500.0,220.0,235.0,3.0,15.0,Tb,,,Harmonized_irBT,Harmonized_irBT,cold,220.0,235.0,K,1.0,K,,,,31,31,14,28435.662109375,1262.0521240234375,4115.0128173828125,301317.03125,604048.625,957108.8125,602786.5728759766,1457932.875,0.7109280440586561,0.9979106779292422,0.9979106779292422,0.0940212150433944,0.0698774861920869,0.0294452774641204,0.0015868056431031,0.0209441059539923,0.0075813317916644,2.079180260146389,1.5217320435825283,1.2797970675794508,0.002245300815612,0.3632015227725947,0.0381997853707926,1.0003863826236192,0.6931353634881836,0.4596386443554788,0.087837453377594,0.2680902709604277,0.2871801764530477,20.563669023850643,16.47969381824045,16.029690002818324,0.206124794526497,4.273821109955273,1.5909537108009493,14,72121.31219367622,52165.42440586977,60035.80948801979,280063.61190906365,485863.9592872117,653665.1932570762,433698.53488134185,824699.4186226677,0.523293405367825,0.8926336819005896,0.8926336819005896,0.0,0.0,0.0,0.0,0.0,0.0,0.0,0.0,0.0,0.0,0.0,0.0,0.5691051434755935,0.2361678979245478,0.0333619211787737,0.0446180496219398,0.0449087411374365,0.0,3.6386462564568975,1.5509514532022144,0.2445685206464911,0.2850061509792165,0.2907168716993597,0.0,0.0618240446377296,0.0424405107914506,0.0208302189510206,0.0005307101129009,0.0124444540876384,0.0033507143745235,0.9395821594252628,0.5335148944285887,0.252539004117259,0.0692124944520041,0.1951308891044427,0.1765629432762321,0.0,0.0,0.0,0.0,0.0,0.0,0.482615766404101,0.1734527112466245,0.0075788409175035,0.0377324764869732,0.0350032630785715,0.0,4773764.014977217,0.6753494579002993,3934762.622006435,0.5566550410538232,4501888.92826105,0.63688700105193,3801850.753515452,3855791.265986711,0.5378518580618944,0.5454828795665263,2.9479166666666665,31,31,14,1262.0521240234375,4115.0128173828125,301317.03125,604048.625,602786.5728759766,1457932.875,0.7109280440586561,14,72121.31219367622,52165.42440586977,60035.80948801979,280063.61190906365,485863.9592872117,433698.53488134185,824699.4186226677,0.523293405367825,0.8926336819005896,0.8926336819005896,1.0003863826236192,0.5691051434755935,0.6931353634881836,0.2361678979245478,0.4596386443554788,0.0333619211787737,0.087837453377594,0.0446180496219398,0.2680902709604277,0.0449087411374365,0.2871801764530477,0.0,20.563669023850643,3.6386462564568975,16.47969381824045,1.5509514532022144,16.029690002818324,0.2445685206464911,0.206124794526497,0.2850061509792165,4.273821109955273,0.2907168716993597,1.5909537108009493,0.0,0.9979106779292422,0.9979106779292422,0.5483870967741935,0.9863432451849407,0.9863432451849407,0.9863432451849407,0.9863432451849407,0.7856350952600248,0.7856350952600248,0.7856350952600248,0.7856350952600248
C22,0.0,100.0,1500.0,220.0,235.0,3.0,15.0,Tb,,,Harmonized_irBT,Harmonized_irBT,cold,220.0,235.0,K,1.0,K,,,,20,20,15,235722.7890625,2386.994909667969,84269.2412109375,539444.96875,920843.59375,1032601.35,918456.598840332,1114488.5,0.5361882948865725,0.9974078172168769,0.9974078172168769,0.1198024948024948,0.0685724831022369,0.0304613999604999,0.0049938021985853,0.0310544832384911,0.0264084756992067,1.490317668129174,1.2159320661025546,0.770406110392834,0.0098317540238593,0.4442749238511124,0.3856248489292159,1.0000016277631194,0.834942291339118,0.4042554515383755,0.095225438776909,0.3679526781401674,0.3263984567798061,23.652232452761588,19.143562902214025,14.014721233059303,0.4023257399677634,6.189779823366525,4.706720261270901,15,137306.5967475844,60479.10381651184,70181.89950652345,309360.20799356594,444899.35968142987,557807.5715992074,384420.255864918,725493.2051084097,0.4421918283549721,0.8640611578766535,0.8640611578766535,0.0,0.0,0.0,0.0,0.0,0.0,0.0,0.0,0.0,0.0,0.0,0.0,0.6665746372706199,0.5837651409887102,0.0493829414551655,0.2117665885328621,0.1144886351389372,0.0256144197560184,1.8724750215080808,1.808930851389372,0.653975241758362,0.6539838165787043,0.4558249875955685,0.1341979382240022,0.0436778453230625,0.0411148459375534,0.0142054942797731,0.0017775300099177,0.0154564452413745,0.011017123805864,0.8404712426553884,0.6919323405529457,0.2303362386197886,0.0665432403492935,0.2459044442249197,0.2175090695404104,0.0,0.0,0.0,0.0,0.0,0.0,0.2052637362697085,0.1413541059156369,0.0119525511205174,0.0564538321269447,0.0305093702331879,0.0099724978834759,4751465.545953497,0.6721948698394047,4241971.323905666,0.6001161819143629,4193840.928802359,0.5933071238755564,4121213.74517132,4751465.545953497,0.5830324791842474,0.6721948698394047,2.7479166666666672,20,20,15,2386.994909667969,84269.2412109375,539444.96875,920843.59375,918456.598840332,1114488.5,0.5361882948865725,15,137306.5967475844,60479.10381651184,70181.89950652345,309360.20799356594,444899.35968142987,384420.255864918,725493.2051084097,0.4421918283549721,0.8640611578766535,0.8640611578766535,1.0000016277631194,0.6665746372706199,0.834942291339118,0.5837651409887102,0.4042554515383755,0.0493829414551655,0.095225438776909,0.2117665885328621,0.3679526781401674,0.1144886351389372,0.3263984567798061,0.0256144197560184,23.652232452761588,1.8724750215080808,19.143562902214025,1.808930851389372,14.014721233059303,0.653975241758362,0.4023257399677634,0.6539838165787043,6.189779823366525,0.4558249875955685,4.706720261270901,0.1341979382240022,0.9974078172168769,0.9974078172168769,0.25,0.8437852865581342,0.8437852865581342,0.8437852865581342,0.8437852865581342,0.7731385689138692,0.7731385689138692,0.7731385689138692,0.7731385689138692
C22,10.0,100.0,1500.0,220.0,235.0,3.0,15.0,Tb,,,Harmonized_irBT,Harmonized_irBT,cold,220.0,235.0,K,1.0,K,,,,23,23,18,268617.28125,2177.84267578125,113164.80859375,526499.609375,825420.6125,941325.7687499998,823242.7698242188,1090147.75,0.5102999352627152,0.9973615358729835,0.9973615358729835,0.5,0.1166127658253642,0.0368775005300078,0.4940317170774942,0.0576235041252581,0.0297709923664122,1.9404508690500748,1.1985646629119644,0.7923734880073665,0.4940930963101553,0.5600669008329395,0.5177927278139689,1.0000000000044726,0.97001224907751,0.3171971651711366,0.9907022868441836,0.3451730390697666,0.2326661556414054,14.941688166293831,14.753088411660238,9.643451872218316,0.9959156816031732,5.086449254539999,3.674046953617147,18,152220.01154879364,58346.70523635176,64640.72040037267,307912.8137960111,403109.31546397344,448610.0389311346,344762.6102276217,679692.4936689497,0.4267952191162148,0.8552583554929871,0.8552583554929871,0.0,0.0,0.0,0.0,0.0,0.0,0.0,0.0,0.0,0.0,0.0,0.0,0.5072819061627093,0.1693325831938019,0.0519419574590273,0.0770878815223754,0.0480064958450115,0.0127997427293513,1.3041383489023932,1.2140570154632315,0.5409433357564749,0.1941729500423355,0.2360934141935167,0.0402223209552411,0.5,0.0625617089792197,0.0186372277494068,0.4939964898895959,0.0403564178075393,0.0213700558536098,1.0000000000044726,0.7590583939355414,0.2082096830446833,0.9898337395501826,0.2471310399370398,0.1720987269768642,0.0,0.0,0.0,0.0,0.0,0.0,0.1342426860768258,0.0445738855013862,0.0128720484724826,0.0198549954417098,0.0123538607670145,0.0024082405511669,3595938.6271794736,0.5087212511739533,3487082.1636391347,0.4933212118317776,3436979.3953867494,0.4862331200718178,2817221.441380769,3544634.951662176,0.3985553050490877,0.5014632657896326,2.5708333333333333,23,23,18,2177.84267578125,113164.80859375,526499.609375,825420.6125,823242.7698242188,1090147.75,0.5102999352627152,18,152220.01154879364,58346.70523635176,64640.72040037267,307912.8137960111,403109.31546397344,344762.6102276217,679692.4936689497,0.4267952191162148,0.8552583554929871,0.8552583554929871,1.0000000000044726,0.5072819061627093,0.97001224907751,0.1693325831938019,0.3171971651711366,0.0519419574590273,0.9907022868441836,0.0770878815223754,0.3451730390697666,0.0480064958450115,0.2326661556414054,0.0127997427293513,14.941688166293831,1.3041383489023932,14.753088411660238,1.2140570154632315,9.643451872218316,0.5409433357564749,0.9959156816031732,0.1941729500423355,5.086449254539999,0.2360934141935167,3.674046953617147,0.0402223209552411,0.9973615358729835,0.9973615358729835,0.21739130434782605,0.7850619324711631,0.7850619324711631,0.7850619324711631,0.7850619324711631,0.7900681053072496,0.7900681053072496,0.7900681053072496,0.7900681053072496
C22,20.0,100.0,1500.0,220.0,235.0,3.0,15.0,Tb,,,Harmonized_irBT,Harmonized_irBT,cold,220.0,235.0,K,1.0,K,,,,27,27,19,161604.25,2017.1612792968751,10611.84033203125,483672.140625,864580.4375000003,1053094.075,862563.2762207035,1161068.5,0.5868403226446874,0.9976668899829267,0.9976668899829267,0.3120863309352518,0.111315688099689,0.0347967259424776,0.0081919921611776,0.0435844718492978,0.032975133168263,1.9527068409758737,1.5530669450187369,0.8209860598992584,0.032650325535168,0.5525287013174746,0.4546981073044559,1.000380487567928,0.9797855737741408,0.3846276734523736,0.1390032619778811,0.3537017078071103,0.2954400167657734,19.20137854161366,15.595927773076385,10.458908547208194,0.3567263425452382,5.311294775977522,4.110970489471783,19,166999.6737508889,55377.39753602131,61019.84646721552,296510.4047215439,420422.63404357067,549230.208493169,365045.23650754936,689762.1536308167,0.4540287149275899,0.868281597963914,0.868281597963914,0.0,0.0,0.0,0.0,0.0,0.0,0.0,0.0,0.0,0.0,0.0,0.0,0.4978765997640808,0.1290199066710132,0.046980726261766,0.0649643067981006,0.0426328292129517,0.0125600108924297,1.0703132487208598,1.0089167238964354,0.4422975937156658,0.1500799842892782,0.1844400481022404,0.0513564841445188,0.3304646904837562,0.0603686465198416,0.0208890733056858,0.0083175161786855,0.0299046090612881,0.0163451974912678,1.0001703642816406,0.7646513985024337,0.2489273598761509,0.1308527756442469,0.2557416966612968,0.2237166869529877,0.0,0.0,0.0,0.0,0.0,0.0,0.1236357726610365,0.0314388929769825,0.0114815454086839,0.0160595819758606,0.0107086891179856,0.0028373848249331,3605320.4166316018,0.5100485028773787,3348048.2476115627,0.4736519362822562,3223649.732054184,0.4560531463584776,2412466.9689476937,2417501.7989286333,0.3412942605812866,0.3420065433182589,2.489583333333333,27,27,19,2017.1612792968751,10611.84033203125,483672.140625,864580.4375000003,862563.2762207035,1161068.5,0.5868403226446874,19,166999.6737508889,55377.39753602131,61019.84646721552,296510.4047215439,420422.63404357067,365045.23650754936,689762.1536308167,0.4540287149275899,0.868281597963914,0.868281597963914,1.000380487567928,0.4978765997640808,0.9797855737741408,0.1290199066710132,0.3846276734523736,0.046980726261766,0.1390032619778811,0.0649643067981006,0.3537017078071103,0.0426328292129517,0.2954400167657734,0.0125600108924297,19.20137854161366,1.0703132487208598,15.595927773076385,1.0089167238964354,10.458908547208194,0.4422975937156658,0.3567263425452382,0.1500799842892782,5.311294775977522,0.1844400481022404,4.110970489471783,0.0513564841445188,0.9976668899829267,0.9976668899829267,0.2962962962962963,0.9780598478996151,0.9780598478996151,0.9780598478996151,0.9780598478996151,0.7942067276710916,0.7942067276710916,0.7942067276710916,0.7942067276710916
C22,30.0,100.0,1500.0,220.0,235.0,3.0,15.0,Tb,,,Harmonized_irBT,Harmonized_irBT,cold,220.0,235.0,K,1.0,K,,,,28,28,19,151746.78125,1416.0755004882812,7120.000244140625,499223.265625,770363.75,890461.7062499998,768947.6744995117,1388916.125,0.5913584255700357,0.99816180927453,0.99816180927453,0.3564766839378238,0.1140620006600378,0.0467960836849259,0.0054686334350051,0.0481251327162866,0.0346566849502839,1.951478142018296,1.7842335163579115,1.0747232443014454,0.0279653927886916,0.6797406362879198,0.6385816299928933,1.000380487567928,0.9755676669818294,0.3886874717671265,0.1249792539385031,0.3890338300269697,0.3833147051019387,18.677564921040616,16.491802203276016,12.09608400081374,0.3120979909350231,6.504937781950074,5.695263983791142,19,103677.37182749691,54922.63869903376,57647.37021812721,271966.8027841278,355273.6537665649,429741.3686989826,300351.01506753115,869239.0341276245,0.4732054527872363,0.8454075101917884,0.8454075101917884,0.0,0.0,0.0,0.0,0.0,0.0,0.0,0.0,0.0,0.0,0.0,0.0,1.000394783851363,0.2146806137949681,0.0393492131968197,0.1260117210548251,0.0785327371265217,0.0111794199593243,10.04151568591016,2.281607437442191,0.4001604969791549,1.1121747242673232,0.6956960189828172,0.0624598730251782,0.3965207336016977,0.0628606858981867,0.0275511497125316,0.0060361491919696,0.0358964113087634,0.0235160496112615,1.0001703642816406,0.8031818014094219,0.302374963559911,0.1202634284990734,0.3062441380790503,0.316394176574656,0.0,0.0,0.0,0.0,0.0,0.0,0.6924065437293508,0.1405232758056399,0.0154919918104837,0.0783750822102551,0.0462468005227201,0.0033296046296674,4182214.484124385,0.591662318416815,3421218.084644723,0.4840033507258614,3958152.130088633,0.5599639795673962,2557187.281189017,2855063.8731729537,0.3617679966337392,0.4039089140076158,2.555208333333333,28,28,19,1416.0755004882812,7120.000244140625,499223.265625,770363.75,768947.6744995117,1388916.125,0.5913584255700357,19,103677.37182749691,54922.63869903376,57647.37021812721,271966.8027841278,355273.6537665649,300351.01506753115,869239.0341276245,0.4732054527872363,0.8454075101917884,0.8454075101917884,1.000380487567928,1.000394783851363,0.9755676669818294,0.2146806137949681,0.3886874717671265,0.0393492131968197,0.1249792539385031,0.1260117210548251,0.3890338300269697,0.0785327371265217,0.3833147051019387,0.0111794199593243,18.677564921040616,10.04151568591016,16.491802203276016,2.281607437442191,12.09608400081374,0.4001604969791549,0.3120979909350231,1.1121747242673232,6.504937781950074,0.6956960189828172,5.695263983791142,0.0624598730251782,0.99816180927453,0.99816180927453,0.3214285714285714,0.9857378436975953,0.9857378436975953,0.9857378436975953,0.9857378436975953,0.7880352689078582,0.7880352689078582,0.7880352689078582,0.7880352689078582
C22,40.0,100.0,1500.0,220.0,235.0,3.0,15.0,Tb,,,Harmonized_irBT,Harmonized_irBT,cold,220.0,235.0,K,1.0,K,,,,29,29,20,155532.75,1243.8417724609376,7220.59716796875,490662.0,687447.3999999999,873947.1374999996,686203.558227539,1390961.625,0.5855743498210395,0.998190637170988,0.998190637170988,0.1626323751891074,0.1208916814194718,0.0513920515483838,0.0001152601855714,0.0419451690928999,0.0408576647159998,2.2909848799656545,2.000698724760746,1.1289430532965157,0.0016150495989795,0.6864167005330475,0.5609144147121607,1.0008635189100203,0.9722706459553532,0.3922832608208573,0.2117546936770644,0.3748897043681334,0.3588599092093394,17.533826540868695,16.658447910129087,12.023804150492056,0.4818725564784027,6.234408324414646,4.668513881538062,20,65233.05333930603,47229.95349856375,56008.9008789809,272793.2027715107,351570.6175225236,409696.6309703376,304340.66402395983,868455.6260470997,0.4937492569408188,0.8656601230461533,0.8656601230461533,0.0,0.0,0.0,0.0,0.0,0.0,0.0,0.0,0.0,0.0,0.0,0.0,0.7638298325717355,0.3640866501977414,0.044008847533911,0.0915406639948142,0.07226096892287,0.0027273845916013,7.941385577085255,1.6512554795168417,0.3514413053198174,0.7752552567908313,0.5871412044971157,0.0062555384081805,0.1288232291904268,0.06343783896522,0.0288426529073808,7.560016373858773e-05,0.0258412716341842,0.0202913682246432,1.0001703642816406,0.7750474195044609,0.2954548462202889,0.1566238148365912,0.2935514939356152,0.2916772908077434,0.0,0.0,0.0,0.0,0.0,0.0,0.8446189445438236,0.1240108378136996,0.0156379665178879,0.0798295063395171,0.053333162255335,0.0004151847068697,4182214.48412437,0.5916623184168129,2927928.46766742,0.4142171454655542,3635903.903794724,0.5143751812409327,2697474.6501454487,2965008.50964465,0.3816145994984259,0.4194628983284264,2.270833333333333,29,29,20,1243.8417724609376,7220.59716796875,490662.0,687447.3999999999,686203.558227539,1390961.625,0.5855743498210395,20,65233.05333930603,47229.95349856375,56008.9008789809,272793.2027715107,351570.6175225236,304340.66402395983,868455.6260470997,0.4937492569408188,0.8656601230461533,0.8656601230461533,1.0008635189100203,0.7638298325717355,0.9722706459553532,0.3640866501977414,0.3922832608208573,0.044008847533911,0.2117546936770644,0.0915406639948142,0.3748897043681334,0.07226096892287,0.3588599092093394,0.0027273845916013,17.533826540868695,7.941385577085255,16.658447910129087,1.6512554795168417,12.023804150492056,0.3514413053198174,0.4818725564784027,0.7752552567908313,6.234408324414646,0.5871412044971157,4.668513881538062,0.0062555384081805,0.998190637170988,0.998190637170988,0.31034482758620685,0.9852839690704217,0.9852839690704217,0.9852839690704217,0.9852839690704217,0.7946836639991595,0.7946836639991595,0.7946836639991595,0.7946836639991595
C22,50.0,100.0,1500.0,220.0,235.0,3.0,15.0,Tb,,,Harmonized_irBT,Harmonized_irBT,cold,220.0,235.0,K,1.0,K,,,,29,29,21,197413.625,1548.08330078125,10628.42578125,545492.8125,799251.4124999999,1059297.5749999995,797703.3291992187,1164232.0,0.5494548312752217,0.9980630834346117,0.9980630834346117,0.1224110462028677,0.1198809353849855,0.0407278334977067,0.0004730998836142,0.0371603807043963,0.0293852946509954,1.966585001301241,1.639351811140524,0.7919882787395164,0.0020451473758557,0.5657569515700507,0.4971895379781668,1.000978728944509,0.982275749895272,0.3803403538256796,0.1171938728201867,0.3616648860694428,0.351547666516562,17.5975049946215,14.366689076387198,8.785917611521215,0.2851670120916827,5.4572047230125165,4.798528255148321,21,104537.20996465826,53481.93213143456,57704.69276060463,288007.5609207264,386564.1189535736,577448.1854033882,333082.1868221391,684450.2646945757,0.4595417273458158,0.8616479659927834,0.8616479659927834,0.0,0.0,0.0,0.0,0.0,0.0,0.0,0.0,0.0,0.0,0.0,0.0,0.769513844333268,0.12033450189861,0.0385920724520014,0.0799875616229534,0.0555502552589067,0.0012312386571436,7.789300739966264,0.853004593458502,0.2791845103001406,0.7522446643768107,0.4832154582297142,0.0046691418509911,0.0820370658620975,0.0573490310430916,0.0242752405750946,0.0001545919087455,0.0221163234520871,0.0168027933255007,1.0001703642816406,0.7984011508185433,0.2654079408834074,0.1103951715414966,0.2656690466405377,0.2252662683300198,0.0,0.0,0.0,0.0,0.0,0.0,0.8345580670059999,0.0486093473982108,0.0134757828650888,0.0796314903519417,0.0451939797465652,0.0003174797507121,3605320.4166316018,0.5100485028773787,3036042.604282667,0.4295121670303801,3365207.7507021767,0.4760795093825867,3492566.9755785204,3605320.4166316018,0.4940971539936288,0.5100485028773787,2.270833333333333,29,29,21,1548.08330078125,10628.42578125,545492.8125,799251.4124999999,797703.3291992187,1164232.0,0.5494548312752217,21,104537.20996465826,53481.93213143456,57704.69276060463,288007.5609207264,386564.1189535736,333082.1868221391,684450.2646945757,0.4595417273458158,0.8616479659927834,0.8616479659927834,1.000978728944509,0.769513844333268,0.982275749895272,0.12033450189861,0.3803403538256796,0.0385920724520014,0.1171938728201867,0.0799875616229534,0.3616648860694428,0.0555502552589067,0.351547666516562,0.0012312386571436,17.5975049946215,7.789300739966264,14.366689076387198,0.853004593458502,8.785917611521215,0.2791845103001406,0.2851670120916827,0.7522446643768107,5.4572047230125165,0.4832154582297142,4.798528255148321,0.0046691418509911,0.9980630834346117,0.9980630834346117,0.27586206896551724,0.980515919664386,0.980515919664386,0.980515919664386,0.980515919664386,0.7996417435148941,0.7996417435148941,0.7996417435148941,0.7996417435148941
C22,60.0,100.0,1500.0,220.0,235.0,3.0,15.0,Tb,,,Harmonized_irBT,Harmonized_irBT,cold,220.0,235.0,K,1.0,K,,,,30,30,19,182224.3828125,1455.5726928710938,2277.486389160156,539884.9375,780303.5375000002,1039405.0374999996,778847.9648071291,1202336.625,0.593700876739341,0.9981346070818357,0.9981346070818357,0.375,0.163455497909394,0.0413753445521851,0.3199116158879094,0.046237302078978,0.0250303236041652,1.9838927888479156,1.5825981701158072,0.7688670726966869,0.320026878567185,0.4830203738537451,0.3458760789948751,1.000380487567928,0.9801997286971994,0.383308284100086,0.8771670234683706,0.3893912622039895,0.3422831187383077,14.656876213675067,13.856992618296395,8.944624280324092,0.9451086169842254,5.17212707942216,4.607039544798628,19,219029.4348062288,51831.04290808481,59175.97135085845,319706.9269107406,427385.4122031615,593038.006205831,375554.36929507664,681756.1051981369,0.443291721881375,0.8787252876954854,0.8787252876954854,0.0,0.0,0.0,0.0,0.0,0.0,0.0,0.0,0.0,0.0,0.0,0.0,0.1170981702166943,0.0612223627138909,0.0267188262422647,0.0073806489083705,0.0151736533556505,0.0,0.8187957945722322,0.3881088522350121,0.1649036709821247,0.0291702550893136,0.0873316379078032,0.0,0.375,0.0694358434356348,0.0232591396539518,0.3198982867466912,0.0293232880782514,0.0156185138360011,1.0001703642816406,0.9413000509406932,0.2705040044695333,0.8778581334487388,0.3149831276241869,0.2613956215155076,0.0,0.0,0.0,0.0,0.0,0.0,0.0469406905380876,0.0186826765873577,0.0064063219746986,0.0029103345815063,0.0047317903008162,0.0,4029211.0644950494,0.5700167623777286,3396988.323627369,0.4805755407384416,3845242.007419437,0.5439904647692497,2511405.677263722,2648301.462456897,0.3552912245738405,0.3746580164866761,1.9760416666666665,30,30,19,1455.5726928710938,2277.486389160156,539884.9375,780303.5375000002,778847.9648071291,1202336.625,0.593700876739341,19,219029.4348062288,51831.04290808481,59175.97135085845,319706.9269107406,427385.4122031615,375554.36929507664,681756.1051981369,0.443291721881375,0.8787252876954854,0.8787252876954854,1.000380487567928,0.1170981702166943,0.9801997286971994,0.0612223627138909,0.383308284100086,0.0267188262422647,0.8771670234683706,0.0073806489083705,0.3893912622039895,0.0151736533556505,0.3422831187383077,0.0,14.656876213675067,0.8187957945722322,13.856992618296395,0.3881088522350121,8.944624280324092,0.1649036709821247,0.9451086169842254,0.0291702550893136,5.17212707942216,0.0873316379078032,4.607039544798628,0.0,0.9981346070818357,0.9981346070818357,0.3666666666666667,0.9957815337473457,0.9957815337473457,0.9957815337473457,0.9957815337473457,0.8149055701649535,0.8149055701649535,0.8149055701649535,0.8149055701649535
C22,70.0,100.0,1500.0,220.0,235.0,3.0,15.0,Tb,,,Harmonized_irBT,Harmonized_irBT,cold,220.0,235.0,K,1.0,K,,,,30,30,19,164380.9296875,1068.6108764648438,2608.5396118164062,443186.703125,757823.3562500002,894608.4437499997,756754.7453735353,1948438.75,0.621141036465519,0.9985898945081968,0.9985898945081968,0.2220319634703196,0.1376452241958518,0.0505368635400871,0.0005532594334987,0.0416607432140872,0.0284010549236988,2.3969329477418837,1.6156883077299509,0.8189481985104725,0.0015886312469775,0.5300221253163853,0.3258238800661298,1.0001432291680694,0.95829118354649,0.4123612817660308,0.3566364740609848,0.3511843134811385,0.3171063964989788,18.13282820339944,14.422242881003454,10.028156610891424,0.847702431991253,5.336502183718324,3.559918855046975,19,148274.30987493112,50149.58166208043,63131.22678180056,269329.9658301664,359740.990576972,461314.625095546,309591.4089148916,1131833.601216694,0.4840572363418511,0.8605953089147617,0.8605953089147617,0.0,0.0,0.0,0.0,0.0,0.0,0.0,0.0,0.0,0.0,0.0,0.0,0.9023787250637916,0.1644445478778433,0.0162135378113879,0.1046910513982159,0.0549478682510706,0.0,8.12444057813615,0.9381641140015924,0.1273039940788908,0.8544703152599443,0.454052224246301,0.0,0.0877349793081093,0.0565148596149306,0.0245083913646741,0.0001810619526041,0.0190377031031114,0.0132690572145726,1.000583943373228,0.7606420774528669,0.2952298066779905,0.2800172951611795,0.261299380991448,0.2116462586854981,0.0,0.0,0.0,0.0,0.0,0.0,0.7157461631768081,0.0915189235252684,0.007093537934694,0.0766030159934675,0.0395251472807815,0.0,5724620.795835607,0.809868175096797,3409091.9784714743,0.4822878576254795,5127675.302984231,0.7254176631468201,2592392.876027234,2914660.209835306,0.3667485694719549,0.412340070958711,2.182291666666665,30,30,19,1068.6108764648438,2608.5396118164062,443186.703125,757823.3562500002,756754.7453735353,1948438.75,0.621141036465519,19,148274.30987493112,50149.58166208043,63131.22678180056,269329.9658301664,359740.990576972,309591.4089148916,1131833.601216694,0.4840572363418511,0.8605953089147617,0.8605953089147617,1.0001432291680694,0.9023787250637916,0.95829118354649,0.1644445478778433,0.4123612817660308,0.0162135378113879,0.3566364740609848,0.1046910513982159,0.3511843134811385,0.0549478682510706,0.3171063964989788,0.0,18.13282820339944,8.12444057813615,14.422242881003454,0.9381641140015924,10.028156610891424,0.1273039940788908,0.847702431991253,0.8544703152599443,5.336502183718324,0.454052224246301,3.559918855046975,0.0,0.9985898945081968,0.9985898945081968,0.3666666666666667,0.994114129342277,0.994114129342277,0.994114129342277,0.994114129342277,0.7655989500195098,0.7655989500195098,0.7655989500195098,0.7655989500195098
C23,0.0,100.0,1500.0,220.0,235.0,3.0,15.0,Tb,,,Harmonized_irBT,Harmonized_irBT,cold,220.0,235.0,K,1.0,K,,,,31,31,18,154054.734375,1697.7001953125,8000.1552734375,255616.984375,335884.40625,471129.703125,334186.7060546875,1583483.375,0.6261870466323785,0.9949455819808173,0.9949455819808173,0.3928571428571428,0.134877250513203,0.0525882224056038,0.256043653942287,0.0418264982836017,0.0192804615742355,3.498681374563927,2.3018821844885893,1.7561032750332266,0.2565959227410879,0.5737843209163155,0.1671944364503589,1.000000000003479,0.9455444547349992,0.5678145726831241,0.6523740645751048,0.3343566716915454,0.2493554380561591,43.41003212266384,27.983712842135283,22.51764214590814,0.6603837816608689,7.186070334269186,2.075592459387317,18,72407.92490606333,46436.99166095942,57628.26270396808,103715.5868558152,143149.67457744962,231109.2052576368,96712.6829164902,638897.9509391845,0.412293716067301,0.6756053284924851,0.6756053284924851,0.0029698889145893,0.0010062236563945,0.0005114243339504,0.000110001828147,0.000201643522654,0.0,0.00455883549127,0.0015833694223893,0.0008153790951107,0.0001689169143119,0.0003120623703449,0.0,0.998367716250437,0.6622285013501779,0.0746345538611141,0.103309963848249,0.1261690593961495,0.0,20.583258413924234,9.855578199071182,1.437043982794791,1.4509769274736786,1.85952087504,0.0,0.3928571428571428,0.0808047465135878,0.0322141049015281,0.2560185454977953,0.0287750878383037,0.008530034071921,1.000000000003479,0.677651394264031,0.402575081326452,0.651996225796675,0.2371743858458039,0.1082619850671517,0.0002365521062423,4.806744488888925e-05,1.5654876178361255e-05,8.71037149209463e-06,1.3964308448269453e-05,0.0,0.8862160706795182,0.6163123178173349,0.0452745859177255,0.0802140791645389,0.0949185790038887,0.0,6292964.250742175,0.8902723264055135,2972427.002016917,0.420512400311836,5026797.659668909,0.7111463959636249,2730807.7085960656,3373880.651378989,0.3863302626280142,0.4773064738391732,2.447916666666667,31,31,18,1697.7001953125,8000.1552734375,255616.984375,335884.40625,334186.7060546875,1583483.375,0.6261870466323785,18,72407.92490606333,46436.99166095942,57628.26270396808,103715.5868558152,143149.67457744962,96712.6829164902,638897.9509391845,0.412293716067301,0.6756053284924851,0.6756053284924851,1.000000000003479,0.998367716250437,0.9455444547349992,0.6622285013501779,0.5678145726831241,0.0746345538611141,0.6523740645751048,0.103309963848249,0.3343566716915454,0.1261690593961495,0.2493554380561591,0.0,43.41003212266384,20.583258413924234,27.983712842135283,9.855578199071182,22.51764214590814,1.437043982794791,0.6603837816608689,1.4509769274736786,7.186070334269186,1.85952087504,2.075592459387317,0.0,0.9949455819808173,0.9949455819808173,0.4193548387096774,0.9687025676599761,0.9687025676599761,0.9687025676599761,0.9687025676599761,0.4443625644804714,0.4443625644804714,0.4443625644804714,0.4443625644804714
C23,10.0,100.0,1500.0,220.0,235.0,3.0,15.0,Tb,,,Harmonized_irBT,Harmonized_irBT,cold,220.0,235.0,K,1.0,K,,,,31,31,19,151473.265625,2235.023681640625,10319.93310546875,293595.375,348493.71875,548141.09375,346258.6950683594,1607743.625,0.613157047522967,0.9935866170281136,0.9935866170281136,0.1663823813277622,0.0920421599189153,0.0564809378048786,0.000137117300929,0.0303448699320565,0.0192804615742355,3.4473255431900043,2.0771942342607312,1.4175871398172712,0.0018822254000237,0.5589150074798802,0.138452703038027,0.9671116627066124,0.7830080911016479,0.5530118476521699,0.0022166297212043,0.3101690698550912,0.2471368659603744,33.937980400102504,24.54081504458612,17.91207938243517,0.0283072110012194,7.178208279166297,2.268724859968275,19,70334.75961979658,47035.05685414052,53825.86738629908,111798.06534513168,156272.71530194735,218677.8565456997,109237.65844780684,590059.144748421,0.4081923194039649,0.6990193920719927,0.6990193920719927,0.0,0.0,0.0,0.0,0.0,0.0,0.0,0.0,0.0,0.0,0.0,0.0,0.9204593270341666,0.5655155116607102,0.055575342443144,0.0785463595169442,0.0897502971185511,0.0,17.072379609139187,5.543572338715215,0.8567091251223168,0.9823117858828628,1.2128695945897854,0.0,0.0808305841764365,0.0543798109489272,0.030163393912131,6.934394081637075e-05,0.0166412565947251,0.006380798933029,0.7215923878847481,0.6786681644389932,0.3816889173420889,0.0012142434427585,0.2240236230905791,0.1045575626056655,0.0,0.0,0.0,0.0,0.0,0.0,0.7632882740041906,0.3326870251299441,0.02973219979765,0.0510620823771823,0.0588195021483787,0.0,6292964.250742175,0.8902723264055135,3073080.60972875,0.43475197294061,5026797.659668909,0.7111463959636249,2730807.7085960656,3373880.651379019,0.3863302626280142,0.4773064738391774,2.364583333333333,31,31,19,2235.023681640625,10319.93310546875,293595.375,348493.71875,346258.6950683594,1607743.625,0.613157047522967,19,70334.75961979658,47035.05685414052,53825.86738629908,111798.06534513168,156272.71530194735,109237.65844780684,590059.144748421,0.4081923194039649,0.6990193920719927,0.6990193920719927,0.9671116627066124,0.9204593270341666,0.7830080911016479,0.5655155116607102,0.5530118476521699,0.055575342443144,0.0022166297212043,0.0785463595169442,0.3101690698550912,0.0897502971185511,0.2471368659603744,0.0,33.937980400102504,17.072379609139187,24.54081504458612,5.543572338715215,17.91207938243517,0.8567091251223168,0.0283072110012194,0.9823117858828628,7.178208279166297,1.2128695945897854,2.268724859968275,0.0,0.9935866170281136,0.9935866170281136,0.3870967741935484,0.9648498103709272,0.9648498103709272,0.9648498103709272,0.9648498103709272,0.518543838660058,0.518543838660058,0.518543838660058,0.518543838660058
C23,20.0,100.0,1500.0,220.0,235.0,3.0,15.0,Tb,,,Harmonized_irBT,Harmonized_irBT,cold,220.0,235.0,K,1.0,K,,,,34,34,22,144014.84375,2235.182177734375,11378.840087890623,239380.3671875,373849.203125,596840.896875,371614.0209472656,1309377.625,0.5895763546224795,0.994021166397974,0.994021166397974,0.3333333333333333,0.0904488602716661,0.0543775924234291,0.3029140126927556,0.0395012544586809,0.0269784032573952,2.79035891128146,2.0939646881085108,1.6562057827751575,0.3032092857754466,0.533968812151508,0.3018358582174604,1.0002769124132205,0.7666019222389084,0.5243766618362244,0.2253573438708517,0.3095225150357633,0.2457332441810446,32.02491793976172,21.68736584522039,17.868422412864703,0.2296869836069374,6.6640525921446265,2.1388066951489737,22,67994.08913530185,38012.48866819432,52946.92173497862,91257.48762405552,143566.21838611894,171982.91344359276,105553.7297179246,573512.0374866053,0.3960411833774906,0.7352267887563886,0.7352267887563886,0.0,0.0,0.0,0.0,0.0,0.0,0.0,0.0,0.0,0.0,0.0,0.0,0.9986604001758084,0.6088990935488303,0.0498432745317716,0.1095116252580321,0.0889620339874142,0.0,8.243471850884122,5.166851154340941,0.5082397261789974,0.870767400764167,0.7013969572308567,0.0,0.3333333333333333,0.0682585216251604,0.031690177651114,0.3029014940660304,0.0268484158283055,0.0127877845111109,0.9774076773904228,0.6749887623500654,0.3561952545614654,0.2252227574492089,0.2340574539006908,0.1129709660678449,0.0,0.0,0.0,0.0,0.0,0.0,0.9999070495888952,0.2339958692029916,0.0211647152050492,0.09141681398732,0.0605619478308654,0.0,5432543.334398977,0.7685476668715775,3042642.339673232,0.4304458385952751,4218340.583457205,0.5967731160021015,2730807.7085960656,3373880.651379019,0.3863302626280142,0.4773064738391774,2.2395833333333326,34,34,22,2235.182177734375,11378.840087890623,239380.3671875,373849.203125,371614.0209472656,1309377.625,0.5895763546224795,22,67994.08913530185,38012.48866819432,52946.92173497862,91257.48762405552,143566.21838611894,105553.7297179246,573512.0374866053,0.3960411833774906,0.7352267887563886,0.7352267887563886,1.0002769124132205,0.9986604001758084,0.7666019222389084,0.6088990935488303,0.5243766618362244,0.0498432745317716,0.2253573438708517,0.1095116252580321,0.3095225150357633,0.0889620339874142,0.2457332441810446,0.0,32.02491793976172,8.243471850884122,21.68736584522039,5.166851154340941,17.868422412864703,0.5082397261789974,0.2296869836069374,0.870767400764167,6.6640525921446265,0.7013969572308567,2.1388066951489737,0.0,0.994021166397974,0.994021166397974,0.3529411764705882,0.9524654414161797,0.9524654414161797,0.9524654414161797,0.9524654414161797,0.4198073701842545,0.4198073701842545,0.4198073701842545,0.4198073701842545
C23,30.0,100.0,1500.0,220.0,235.0,3.0,15.0,Tb,,,Harmonized_irBT,Harmonized_irBT,cold,220.0,235.0,K,1.0,K,,,,32,32,20,158832.6796875,2235.076513671875,10653.027587890623,271415.4296875,352227.421875,551049.4859374999,349992.3453613281,1293197.0,0.5861992161099225,0.9936544505769199,0.9936544505769199,0.3333333333333333,0.1577360394432709,0.0700815695270819,0.3029444574608507,0.0449486083380203,0.0239593195678655,5.072876880701023,2.574904849210577,2.0006422461390008,0.3031895624985898,0.6596220708020958,0.1710159634784521,1.0002769124132205,0.8834507312108892,0.5196843884213218,0.2253144464726161,0.3014540399245862,0.175830924191806,32.88210278956014,30.522874918281737,18.81862077106852,0.2287101977514881,6.903921309487661,2.0353511222418743,20,69083.21744237287,48305.70654572337,57274.77369202397,104613.64002129482,149300.383385277,196677.4647428664,100994.67683955363,584842.7933829757,0.3956379016763643,0.6764528968350463,0.6764528968350463,0.0,0.0,0.0,0.0,0.0,0.0,0.0,0.0,0.0,0.0,0.0,0.0,1.0005453181698445,0.5231376667600253,0.0581181244557416,0.1412644406161758,0.1059258324962697,0.0,8.047649862190173,3.860140393993426,0.4851260530831772,1.0299735576108977,0.7457423088601572,0.0,0.3333333333333333,0.0797187359003464,0.036636515651407,0.3029345181261808,0.0278383927035332,0.0088420695412144,0.979945632778026,0.6807555445134718,0.357578477783477,0.225196009537045,0.2157486200424143,0.1059856328864152,0.0,0.0,0.0,0.0,0.0,0.0,1.0002034082541882,0.2076333993846393,0.0212641501953311,0.1120216727013387,0.0685452812451696,0.0,5432543.334398985,0.7685476668715785,2824673.371902836,0.3996095375630116,4106449.846668405,0.5809438148055398,2374662.752183825,2375321.961422324,0.3359460579433424,0.3360393169734215,2.2947916666666663,32,32,20,2235.076513671875,10653.027587890623,271415.4296875,352227.421875,349992.3453613281,1293197.0,0.5861992161099225,20,69083.21744237287,48305.70654572337,57274.77369202397,104613.64002129482,149300.383385277,100994.67683955363,584842.7933829757,0.3956379016763643,0.6764528968350463,0.6764528968350463,1.0002769124132205,1.0005453181698445,0.8834507312108892,0.5231376667600253,0.5196843884213218,0.0581181244557416,0.2253144464726161,0.1412644406161758,0.3014540399245862,0.1059258324962697,0.175830924191806,0.0,32.88210278956014,8.047649862190173,30.522874918281737,3.860140393993426,18.81862077106852,0.4851260530831772,0.2287101977514881,1.0299735576108977,6.903921309487661,0.7457423088601572,2.0353511222418743,0.0,0.9936544505769199,0.9936544505769199,0.375,0.9607501032636346,0.9607501032636346,0.9607501032636346,0.9607501032636346,0.4525114155251141,0.4525114155251141,0.4525114155251141,0.4525114155251141
C23,40.0,100.0,1500.0,220.0,235.0,3.0,15.0,Tb,,,Harmonized_irBT,Harmonized_irBT,cold,220.0,235.0,K,1.0,K,,,,28,28,16,134992.296875,2073.826635742188,8826.94970703125,259446.25,408599.9531250001,576890.7218749999,406526.1264892579,1511555.75,0.6377868549568179,0.9949245548858207,0.9949245548858207,0.1169395272019451,0.0686242592674595,0.0516118123936046,6.63684908534793e-05,0.0223051508101413,0.0092835000436475,2.563429660127229,1.6728786181510642,1.7320239534193211,0.0008624810314144,0.4292209658110422,0.0814849293084771,1.000759403576447,0.870927162109226,0.5373632813772675,0.0015233849318526,0.2843498979361074,0.1642250030929152,32.641742669594066,27.15137764785785,21.18711756432309,0.0178231304815107,6.470535525440773,1.6435046117430678,16,77299.44853080332,50730.45009251831,58870.251124312206,113331.44335640271,137497.6718891758,256838.42844862823,86767.2217966575,587804.4580776425,0.3850419633247785,0.6310450250138966,0.6310450250138966,0.0,0.0,0.0,0.0,0.0,0.0,0.0,0.0,0.0,0.0,0.0,0.0,1.0001583708298898,0.6105074570206772,0.0786824615667839,0.1860100411405017,0.1355854366697373,0.0,7.90559305047158,4.439299163751438,0.6477148715366278,1.376609425918324,0.9347638884935572,0.0,0.0457242438290705,0.0419773267886354,0.0285146959309129,3.204633487832361e-05,0.0118522642296548,0.0035961925479128,0.995925131382246,0.6110397706975649,0.359556288635098,0.0008233089581285,0.1930980038664143,0.0743554199455719,0.0,0.0,0.0,0.0,0.0,0.0,1.0000825385841818,0.4457100283280351,0.0245257421078662,0.1552462690885536,0.0895501808189797,0.0,7185609.989714742,1.0165558657720928,3039107.9272416458,0.4299458215202419,5466026.864523608,0.7732846173884675,2730807.7085960656,3373880.651379019,0.3863302626280142,0.4773064738391774,2.735416666666666,28,28,16,2073.826635742188,8826.94970703125,259446.25,408599.9531250001,406526.1264892579,1511555.75,0.6377868549568179,16,77299.44853080332,50730.45009251831,58870.251124312206,113331.44335640271,137497.6718891758,86767.2217966575,587804.4580776425,0.3850419633247785,0.6310450250138966,0.6310450250138966,1.000759403576447,1.0001583708298898,0.870927162109226,0.6105074570206772,0.5373632813772675,0.0786824615667839,0.0015233849318526,0.1860100411405017,0.2843498979361074,0.1355854366697373,0.1642250030929152,0.0,32.641742669594066,7.90559305047158,27.15137764785785,4.439299163751438,21.18711756432309,0.6477148715366278,0.0178231304815107,1.376609425918324,6.470535525440773,0.9347638884935572,1.6435046117430678,0.0,0.9949245548858207,0.9949245548858207,0.4285714285714286,0.9659777325475652,0.9659777325475652,0.9659777325475652,0.9659777325475652,0.4805479452054794,0.4805479452054794,0.4805479452054794,0.4805479452054794
C23,50.0,100.0,1500.0,220.0,235.0,3.0,15.0,Tb,,,Harmonized_irBT,Harmonized_irBT,cold,220.0,235.0,K,1.0,K,,,,30,30,14,43593.4169921875,1455.1171630859376,3735.3271484375,200400.5390625,369053.5468750003,584413.1312499999,367598.42971191433,1513082.25,0.7035726419676291,0.9960571652124541,0.9960571652124541,0.1169975342693464,0.0766966721130937,0.0553837438762258,6.597847623573407e-05,0.0226592636945401,0.0,2.488509338069603,1.6798352206730989,1.801162396534958,0.0007339120647628,0.3937498703672482,0.0,1.0006660549869657,0.8865354414440213,0.5828247585093765,0.009763805406477,0.3047566609139976,0.2061901342122122,32.7741000837728,27.31829772173827,23.03404481829937,0.0563616412410352,6.258795241885459,0.9278425839842404,14,71490.76422642458,50172.510679071405,54499.40726040879,99392.51177730964,117054.54249031129,355123.6597804155,66882.03181123987,792961.8376043352,0.4633391242371598,0.5713749367460539,0.5713749367460539,0.0,0.0,0.0,0.0,0.0,0.0,0.0,0.0,0.0,0.0,0.0,0.0,1.0000720801434355,0.6642813561250431,0.0612955818540353,0.1886629240396903,0.136232876610534,0.0,7.752814218575352,4.485688904375774,0.4344329589319541,1.340658401170996,0.9005868974879773,0.0,0.0458397732304881,0.0425906416924729,0.0276372855438066,3.0178844313168396e-05,0.0111151970699917,0.0,0.9960860936132933,0.6716756257191029,0.3609157379453779,0.0066824586541811,0.207749540367327,0.0700553561154379,0.0,0.0,0.0,0.0,0.0,0.0,1.0001326080869657,0.4925553349566842,0.019697898148935,0.1577820241680116,0.0940790622964557,0.0,7185609.989714742,1.0165558657720928,3146263.3443339565,0.4451052120174108,5466026.864523608,0.7732846173884675,3240166.2672933564,3697944.091518037,0.4583897581149805,0.5231520723933901,2.6895833333333323,30,30,14,1455.1171630859376,3735.3271484375,200400.5390625,369053.5468750003,367598.42971191433,1513082.25,0.7035726419676291,14,71490.76422642458,50172.510679071405,54499.40726040879,99392.51177730964,117054.54249031129,66882.03181123987,792961.8376043352,0.4633391242371598,0.5713749367460539,0.5713749367460539,1.0006660549869657,1.0000720801434355,0.8865354414440213,0.6642813561250431,0.5828247585093765,0.0612955818540353,0.009763805406477,0.1886629240396903,0.3047566609139976,0.136232876610534,0.2061901342122122,0.0,32.7741000837728,7.752814218575352,27.31829772173827,4.485688904375774,23.03404481829937,0.4344329589319541,0.0563616412410352,1.340658401170996,6.258795241885459,0.9005868974879773,0.9278425839842404,0.0,0.9960571652124541,0.9960571652124541,0.5333333333333333,0.9813606931103487,0.9813606931103487,0.9813606931103487,0.9813606931103487,0.45167491709520835,0.45167491709520835,0.45167491709520835,0.45167491709520835
C23,60.0,100.0,1500.0,220.0,235.0,3.0,15.0,Tb,,,Harmonized_irBT,Harmonized_irBT,cold,220.0,235.0,K,1.0,K,,,,29,29,13,26117.376953125,1452.0554931640625,2864.9140625,190083.28125,325118.06875,504955.29999999946,323666.0132568359,1512963.125,0.7143630093914759,0.9955337594777588,0.9955337594777588,0.1153905927546825,0.0769352474821357,0.0546922154747682,6.296125775294247e-05,0.0210742887058531,0.0,2.2811045815892537,1.7230213735946185,1.7901967208666605,0.0007028912724177,0.3779212603037364,0.0,1.0006660549869657,0.8872283887010385,0.5874955076242805,0.0097355903018819,0.2951499718713915,0.0751588487039035,33.6328471377004,28.156591534612097,24.793214229072973,0.0559768629410632,6.181269376021816,0.1995803340678213,13,73716.78962596446,50879.48870295961,61679.05570570588,100887.6747602624,118137.93854313454,391872.18638698186,67258.44984017493,800146.262928172,0.4670127688684117,0.5693213430808048,0.5693213430808048,0.0,0.0,0.0,0.0,0.0,0.0,0.0,0.0,0.0,0.0,0.0,0.0,1.0000628030119527,0.7285202053083627,0.0501680375140046,0.2145472132290895,0.1415649653047683,0.0,7.669957813171234,4.062345534082386,0.3277496369187608,1.3792041705935862,0.8163339509945827,0.0,0.042956854442225,0.0415039297492182,0.0247969277543999,2.887728974462812e-05,0.0102930848611873,0.0,0.9960863961736316,0.6827415527008409,0.3442025515064711,0.0066682574567865,0.2009970929841183,0.0123495449473921,0.0,0.0,0.0,0.0,0.0,0.0,1.0000251967411238,0.4810051361425139,0.0160564917268866,0.1693889844756358,0.0917748125964982,0.0,7185609.989714742,1.0165558657720928,3207561.205132193,0.4537770853925204,5466026.864523608,0.7732846173884675,3240166.267293349,3697944.091518045,0.4583897581149795,0.5231520723933911,2.8041666666666663,29,29,13,1452.0554931640625,2864.9140625,190083.28125,325118.06875,323666.0132568359,1512963.125,0.7143630093914759,13,73716.78962596446,50879.48870295961,61679.05570570588,100887.6747602624,118137.93854313454,67258.44984017493,800146.262928172,0.4670127688684117,0.5693213430808048,0.5693213430808048,1.0006660549869657,1.0000628030119527,0.8872283887010385,0.7285202053083627,0.5874955076242805,0.0501680375140046,0.0097355903018819,0.2145472132290895,0.2951499718713915,0.1415649653047683,0.0751588487039035,0.0,33.6328471377004,7.669957813171234,28.156591534612097,4.062345534082386,24.793214229072973,0.3277496369187608,0.0559768629410632,1.3792041705935862,6.181269376021816,0.8163339509945827,0.1995803340678213,0.0,0.9955337594777588,0.9955337594777588,0.5517241379310345,0.9849281112801708,0.9849281112801708,0.9849281112801708,0.9849281112801708,0.38863636363636356,0.38863636363636356,0.38863636363636356,0.38863636363636356
C23,70.0,100.0,1500.0,220.0,235.0,3.0,15.0,Tb,,,Harmonized_irBT,Harmonized_irBT,cold,220.0,235.0,K,1.0,K,,,,29,29,13,26117.376953125,1452.0554931640625,2864.9140625,203839.625,416461.75,545423.2749999997,415009.694506836,1454078.875,0.7083964294098555,0.9965133520829607,0.9965133520829607,0.1153905927546825,0.0732943437864886,0.0519982382022848,5.835188324303544e-05,0.020541590220435,0.0,2.419548282145698,1.809478396315227,1.8265685709784627,0.0006376822491782,0.3730120794481982,0.0,0.8927719667571761,0.884074843860598,0.496814836439203,0.0096441690139981,0.2624089552035636,0.0751588487039035,28.4912415187302,19.76637236979985,21.16294629618821,0.051968134015239,4.84146459069219,0.1995803340678213,13,94983.45288508796,50764.84361800476,61889.23836145642,119689.46869285675,157556.74025344165,418519.52563331946,106791.89663543687,797375.6733750966,0.4629624681523907,0.6777996070726917,0.6777996070726917,0.0,0.0,0.0,0.0,0.0,0.0,0.0,0.0,0.0,0.0,0.0,0.0,0.1154956410497479,0.054684061347802,0.0137084140515883,0.0050371899972453,0.0099722037894553,0.0,0.508101113507951,0.2507680775556491,0.0722764771019819,0.022194106380668,0.0451779872124666,0.0,0.0471675205335873,0.0394661748994387,0.0256087381878846,2.6890688560834315e-05,0.0101692982473088,0.0,0.7093148315570147,0.5744245654348665,0.2943062409605897,0.0065183130521707,0.1601933026337247,0.0123495449473921,0.0,0.0,0.0,0.0,0.0,0.0,0.0266605864093396,0.0116285568349992,0.0019969551721327,0.0011594551477072,0.0021744453995983,0.0,5017126.869065106,0.7097782589607787,3207561.205132193,0.4537770853925204,4552372.891420912,0.6440290208597176,3240166.267293341,3697944.091518045,0.4583897581149784,0.5231520723933911,2.7875,29,29,13,1452.0554931640625,2864.9140625,203839.625,416461.75,415009.694506836,1454078.875,0.7083964294098555,13,94983.45288508796,50764.84361800476,61889.23836145642,119689.46869285675,157556.74025344165,106791.89663543687,797375.6733750966,0.4629624681523907,0.6777996070726917,0.6777996070726917,0.8927719667571761,0.1154956410497479,0.884074843860598,0.054684061347802,0.496814836439203,0.0137084140515883,0.0096441690139981,0.0050371899972453,0.2624089552035636,0.0099722037894553,0.0751588487039035,0.0,28.4912415187302,0.508101113507951,19.76637236979985,0.2507680775556491,21.16294629618821,0.0722764771019819,0.051968134015239,0.022194106380668,4.84146459069219,0.0451779872124666,0.1995803340678213,0.0,0.9965133520829607,0.9965133520829607,0.5517241379310345,0.9859452544494232,0.9859452544494232,0.9859452544494232,0.9859452544494232,0.48291826309067687,0.48291826309067687,0.48291826309067687,0.48291826309067687
C24,0.0,100.0,1500.0,220.0,235.0,3.0,15.0,Tb,,,Harmonized_irBT,Harmonized_irBT,cold,220.0,235.0,K,1.0,K,,,,20,20,15,219375.53125,1262.3452392578124,103223.83654785156,393752.15625,900627.1250000002,1102241.1437500005,899364.7797607424,1592807.25,0.5697018272833685,0.9985983708415869,0.9985983708415869,0.0781119465329991,0.0770102532529731,0.0281446606121586,6.681107891098465e-05,0.0274347170062695,0.0235956559919742,1.2139242072718737,0.9233526774720394,0.612836601797746,0.0007424801953539,0.4055237515718801,0.3810817588890046,0.6800788278145102,0.6583300941237442,0.4358212262364044,0.0296716720676771,0.3736273852887591,0.4228352445919192,19.425296554182548,17.33733057972948,11.851270195091455,0.0677789648404839,7.228990001325156,6.880637945249813,15,94458.05958486588,58377.5639687648,77066.188609768,255448.64768183423,486960.5628012278,593775.2264669845,428582.998832463,748392.4082485461,0.4756172095913166,0.8801184974139397,0.8801184974139397,0.0005993545764866,0.0002872895223301,8.658333449557336e-05,3.948663844184834e-05,5.019346218331956e-05,0.0,0.0005993545764866,0.0002872895223301,8.658333449557336e-05,3.948663844184834e-05,5.019346218331956e-05,0.0,0.7282153124527116,0.4685319900035661,0.0354149096197869,0.1127476120314266,0.0934010846091705,0.0243348475303224,9.60854599166452,4.844795503305244,0.4126984123719627,1.1435616255331431,0.9479820717518056,0.1144053783984586,0.0418891473029622,0.0352838501719888,0.0139969921768677,3.214866655489822e-05,0.0139814533829059,0.0120544322153618,0.6770104245782137,0.5154357812436895,0.2620029650263628,0.0108608274995891,0.2569903085873896,0.2525533561655698,2.717977273344601e-05,9.807141660809354e-06,1.6411886025099858e-06,1.7802323138162995e-06,1.969433405160741e-06,0.0,0.6371066688423475,0.2801160743654594,0.0154502136206433,0.0712477444792852,0.0553614826078836,0.0044498959377504,5305900.172581345,0.7506313244608548,4627719.190878082,0.6546883417506428,5086255.130105182,0.7195579073624453,2352740.773507208,2455446.422897257,0.3328447323711302,0.3473746095123652,3.357291666666668,20,20,15,1262.3452392578124,103223.83654785156,393752.15625,900627.1250000002,899364.7797607424,1592807.25,0.5697018272833685,15,94458.05958486588,58377.5639687648,77066.188609768,255448.64768183423,486960.5628012278,428582.998832463,748392.4082485461,0.4756172095913166,0.8801184974139397,0.8801184974139397,0.6800788278145102,0.7282153124527116,0.6583300941237442,0.4685319900035661,0.4358212262364044,0.0354149096197869,0.0296716720676771,0.1127476120314266,0.3736273852887591,0.0934010846091705,0.4228352445919192,0.0243348475303224,19.425296554182548,9.60854599166452,17.33733057972948,4.844795503305244,11.851270195091455,0.4126984123719627,0.0677789648404839,1.1435616255331431,7.228990001325156,0.9479820717518056,6.880637945249813,0.1144053783984586,0.9985983708415869,0.9985983708415869,0.25,0.7378456602474757,0.7378456602474757,0.7378456602474757,0.7378456602474757,0.6983104459188396,0.6983104459188396,0.6983104459188396,0.6983104459188396
C24,10.0,100.0,1500.0,220.0,235.0,3.0,15.0,Tb,,,Harmonized_irBT,Harmonized_irBT,cold,220.0,235.0,K,1.0,K,,,,24,24,18,219375.53125,1565.536413574219,91156.65045166016,393396.2578125,799137.7499999998,1040230.6937499996,797572.2135864255,1592807.25,0.5654119072672773,0.9980409680138697,0.9980409680138697,0.1148033362122091,0.0978430330193198,0.0308659543948763,9.362285230991184e-05,0.0317325136479154,0.0242627229057149,3.0261688723774247,1.513169171937489,0.7595369014024347,0.0013441442387726,0.5558450751279044,0.4184710555634299,0.8701912759017543,0.66990112671323,0.4447535610735776,0.0315860137358075,0.3528901131395012,0.3554182069449257,19.47762870072861,18.51640919589838,11.503667370398118,0.0709279888999732,6.918332469582139,6.621424452976235,18,91905.93800835007,49824.507874495706,66039.84094906854,260267.1320483061,438300.7683257444,538394.188256592,388476.2604512487,711519.6710310865,0.4790923888529347,0.8863234758523941,0.8863234758523941,0.0,0.0,0.0,0.0,0.0,0.0,0.0,0.0,0.0,0.0,0.0,0.0,0.1820841986841773,0.1692568162384561,0.0338016646871342,0.0287044575030468,0.0390067230286219,0.0078225635390001,1.1803175354221327,1.1033950097577874,0.2523842083107069,0.1738838434352452,0.250897667820055,0.0169402381130714,0.0624893173884667,0.0481258168541182,0.0182850724015375,4.941590305250775e-05,0.0177135902659005,0.016499842813771,0.5069318526471355,0.4481013161314507,0.2747946885861795,0.0113826437785146,0.2321644003456528,0.2518902641044476,0.0,0.0,0.0,0.0,0.0,0.0,0.0662727712995176,0.065156340197731,0.0097222234945819,0.0105456372438385,0.0133604702569774,0.0009811716861632,5305900.172581345,0.7506313244608548,4346572.452595957,0.6149142145224085,5086255.130105182,0.7195579073624453,2349922.60064666,2455446.422897257,0.3324460424678025,0.3473746095123652,2.622916666666666,24,24,18,1565.536413574219,91156.65045166016,393396.2578125,799137.7499999998,797572.2135864255,1592807.25,0.5654119072672773,18,91905.93800835007,49824.507874495706,66039.84094906854,260267.1320483061,438300.7683257444,388476.2604512487,711519.6710310865,0.4790923888529347,0.8863234758523941,0.8863234758523941,0.8701912759017543,0.1820841986841773,0.66990112671323,0.1692568162384561,0.4447535610735776,0.0338016646871342,0.0315860137358075,0.0287044575030468,0.3528901131395012,0.0390067230286219,0.3554182069449257,0.0078225635390001,19.47762870072861,1.1803175354221327,18.51640919589838,1.1033950097577874,11.503667370398118,0.2523842083107069,0.0709279888999732,0.1738838434352452,6.918332469582139,0.250897667820055,6.621424452976235,0.0169402381130714,0.9980409680138697,0.9980409680138697,0.25,0.7682828734606135,0.7682828734606135,0.7682828734606135,0.7682828734606135,0.746261310718207,0.746261310718207,0.746261310718207,0.746261310718207
C24,20.0,100.0,1500.0,220.0,235.0,3.0,15.0,Tb,,,Harmonized_irBT,Harmonized_irBT,cold,220.0,235.0,K,1.0,K,,,,21,21,17,218090.484375,4468.08984375,113579.8203125,356115.90625,881094.375,1068626.125,876626.28515625,1586167.5,0.5426851361797442,0.9949289315985589,0.9949289315985589,0.146527669238556,0.1104479301845545,0.0334426205580866,0.0002139135743641,0.0371236811771237,0.0293617164633702,3.0846751915436723,1.2116949644503996,0.6832964820810553,0.0025941806854081,0.5629481726219455,0.4288288676930326,0.8802419662075932,0.8188924682859652,0.4997611872657969,0.0207280761396275,0.418452265081571,0.3999583942037185,20.775640896817613,19.87276765983787,12.442417799969702,0.0912870034575066,8.099559282282108,6.576372609351745,17,86653.88858640836,48389.80169094088,59654.61013214876,160911.7580868829,441384.9924703368,540852.6991961316,392995.1907793959,711834.9910714282,0.4936790430817277,0.8903682668952708,0.8903682668952708,0.0,0.0,0.0,0.0,0.0,0.0,0.0,0.0,0.0,0.0,0.0,0.0,0.8085625241917531,0.1972350218946407,0.0188047313338744,0.0606600330476485,0.0538073611131943,0.0,5.055243585245962,1.2494224629973794,0.1126653183865927,0.3724189094275666,0.3272870708483649,0.0,0.0635286112919222,0.0521499348679421,0.015985089770927,0.000108148857212,0.0190439880586966,0.0167324795522974,0.9047606711674526,0.5295474144354119,0.2764887519410191,0.0172788161129055,0.2965213591837461,0.2516527406761021,0.0,0.0,0.0,0.0,0.0,0.0,0.3574978889013719,0.0774256745213452,0.0055964266292571,0.0261574012876058,0.0221681685413986,0.0,5287089.361424707,0.7479701390571685,4649118.089803334,0.6577156666756897,5083089.1198251415,0.7191100085304913,2349922.60064666,2455446.422897257,0.3324460424678025,0.3473746095123652,2.7916666666666665,21,21,17,4468.08984375,113579.8203125,356115.90625,881094.375,876626.28515625,1586167.5,0.5426851361797442,17,86653.88858640836,48389.80169094088,59654.61013214876,160911.7580868829,441384.9924703368,392995.1907793959,711834.9910714282,0.4936790430817277,0.8903682668952708,0.8903682668952708,0.8802419662075932,0.8085625241917531,0.8188924682859652,0.1972350218946407,0.4997611872657969,0.0188047313338744,0.0207280761396275,0.0606600330476485,0.418452265081571,0.0538073611131943,0.3999583942037185,0.0,20.775640896817613,5.055243585245962,19.87276765983787,1.2494224629973794,12.442417799969702,0.1126653183865927,0.0912870034575066,0.3724189094275666,8.099559282282108,0.3272870708483649,6.576372609351745,0.0,0.9949289315985589,0.9949289315985589,0.19047619047619047,0.6810594013939808,0.6810594013939808,0.6810594013939808,0.6810594013939808,0.6292712798530312,0.6292712798530312,0.6292712798530312,0.6292712798530312
C24,30.0,100.0,1500.0,220.0,235.0,3.0,15.0,Tb,,,Harmonized_irBT,Harmonized_irBT,cold,220.0,235.0,K,1.0,K,,,,27,27,20,147891.484375,2035.838525390625,90154.92578125,328492.609375,804327.6625000002,899191.5812499999,802291.8239746096,1592807.25,0.5940404182218129,0.9974688940585944,0.9974688940585944,0.2184873949579831,0.116114446017189,0.0348117364073253,0.0317209535006913,0.044071140100079,0.0354453013148516,2.0526028933366294,1.4357260832549148,0.6663435148610997,0.1108110227847779,0.5285735729171618,0.4880988594462455,0.8406343419918214,0.780638493503901,0.4343021402889039,0.0606538897789844,0.3789938074007658,0.4052410346854793,23.78891530207098,14.129065094903735,10.688652654365162,0.1797753538335388,6.367532679119812,6.376082665798528,20,76672.03855934084,39612.08006792831,56994.09729176552,161010.2955994897,414103.8967300218,468486.7499377076,374491.8166620935,704759.9976662609,0.5078272038092853,0.9043426531826294,0.9043426531826294,0.0,0.0,0.0,0.0,0.0,0.0,0.0,0.0,0.0,0.0,0.0,0.0,0.8063122160689371,0.1828329732010961,0.0176508390346967,0.0567819909082434,0.0510410538749965,0.0,4.929298040712971,0.534382711037927,0.1040336656297672,0.2672285974547926,0.2721096049523264,0.0,0.2081551627608665,0.0773459271110494,0.0170423800916527,0.0301283740906153,0.0265787123266825,0.0186327020450336,0.7549639093041652,0.5576538558532245,0.2465464416260502,0.035197375688868,0.2531576793319657,0.2342468677078739,0.0,0.0,0.0,0.0,0.0,0.0,0.3571381709541268,0.0293010709496889,0.0054007544257127,0.0194303433289708,0.0190555091751957,0.0,5305900.172581345,0.7506313244608548,4101119.450192954,0.5801897179631331,5086255.130105182,0.7195579073624453,1782110.0380013064,1857816.4089370968,0.2521169970503052,0.262827257635176,2.504166666666666,27,27,20,2035.838525390625,90154.92578125,328492.609375,804327.6625000002,802291.8239746096,1592807.25,0.5940404182218129,20,76672.03855934084,39612.08006792831,56994.09729176552,161010.2955994897,414103.8967300218,374491.8166620935,704759.9976662609,0.5078272038092853,0.9043426531826294,0.9043426531826294,0.8406343419918214,0.8063122160689371,0.780638493503901,0.1828329732010961,0.4343021402889039,0.0176508390346967,0.0606538897789844,0.0567819909082434,0.3789938074007658,0.0510410538749965,0.4052410346854793,0.0,23.78891530207098,4.929298040712971,14.129065094903735,0.534382711037927,10.688652654365162,0.1040336656297672,0.1797753538335388,0.2672285974547926,6.367532679119812,0.2721096049523264,6.376082665798528,0.0,0.9974688940585944,0.9974688940585944,0.2592592592592593,0.725549606876144,0.725549606876144,0.725549606876144,0.725549606876144,0.6460220318237453,0.6460220318237453,0.6460220318237453,0.6460220318237453
C24,40.0,100.0,1500.0,220.0,235.0,3.0,15.0,Tb,,,Harmonized_irBT,Harmonized_irBT,cold,220.0,235.0,K,1.0,K,,,,27,27,18,177121.4375,1514.0397216796875,46627.705078125,312353.015625,651564.9625000008,906788.15625,650050.9227783212,1643662.25,0.5970845344265132,0.997676302734465,0.997676302734465,0.2184873949579831,0.147236585122494,0.0305549686841666,0.0192303563139544,0.0436417513006867,0.0321407432584602,1.833621445152922,0.8844484969028268,0.5972426215509865,0.0667823808811787,0.4267862691786311,0.3809376963156273,1.0001315789482843,0.9386218498248722,0.3659994208554712,0.6463454549364694,0.4377722656139918,0.4143296945927152,15.792409595585111,14.34250849939877,10.810315530685964,1.8398785396266528,5.734632916028363,5.201797410645647,18,76997.21235094324,40766.93971567986,54752.36887996111,150575.17301443097,422444.1117970602,485161.2678210276,381677.1720813804,678036.6242473003,0.5049149792037178,0.9034974365194512,0.9034974365194512,0.0,0.0,0.0,0.0,0.0,0.0,0.0,0.0,0.0,0.0,0.0,0.0,0.8138893939992546,0.1466068845263932,0.0283140611399574,0.0466497201599761,0.0476147575485334,0.0,6.228754530393879,1.1236095917700806,0.2163893968747402,0.355638466057032,0.3617594181862864,0.0,0.2081551627608665,0.0681054506951278,0.0145507308807034,0.0182521572108831,0.0241117635740946,0.0151230171088395,1.0005872741263582,0.946033976309191,0.2228421032816557,0.6312125487445671,0.314928351975888,0.2572028662721846,0.0,0.0,0.0,0.0,0.0,0.0,0.4561592338579257,0.0715628760632113,0.0070655266400615,0.0260372047784472,0.0257435799123522,0.0,5688403.089018375,0.8047444177035388,2850779.9088508184,0.4033028570317072,5295656.212770748,0.7491821006024626,1822559.6869263947,1911962.7721145304,0.2578394517816471,0.2704874010575204,1.8208333333333333,27,27,18,1514.0397216796875,46627.705078125,312353.015625,651564.9625000008,650050.9227783212,1643662.25,0.5970845344265132,18,76997.21235094324,40766.93971567986,54752.36887996111,150575.17301443097,422444.1117970602,381677.1720813804,678036.6242473003,0.5049149792037178,0.9034974365194512,0.9034974365194512,1.0001315789482843,0.8138893939992546,0.9386218498248722,0.1466068845263932,0.3659994208554712,0.0283140611399574,0.6463454549364694,0.0466497201599761,0.4377722656139918,0.0476147575485334,0.4143296945927152,0.0,15.792409595585111,6.228754530393879,14.34250849939877,1.1236095917700806,10.810315530685964,0.2163893968747402,1.8398785396266528,0.355638466057032,5.734632916028363,0.3617594181862864,5.201797410645647,0.0,0.997676302734465,0.997676302734465,0.33333333333333337,0.8507211304336995,0.8507211304336995,0.8507211304336995,0.8507211304336995,0.6363785092598652,0.6363785092598652,0.6363785092598652,0.6363785092598652
C24,50.0,100.0,1500.0,220.0,235.0,3.0,15.0,Tb,,,Harmonized_irBT,Harmonized_irBT,cold,220.0,235.0,K,1.0,K,,,,24,24,20,221467.0078125,30809.944921875023,122377.623046875,287668.5390625,731239.6624999997,856949.7875,700429.7175781247,1615111.25,0.5051929266799561,0.9578661463513338,0.9578661463513338,0.1544262864071965,0.127000400557806,0.0466570090582799,0.0003011750658937,0.048570949523581,0.037302581981977,1.8180415003535848,1.6628138958199834,0.8689122127814657,0.0034191369941603,0.600706420861502,0.5370686620377141,1.0001315789482843,0.7930872248348872,0.4261460660311822,0.5732035749133281,0.4366212965044295,0.4270938794095344,21.746302424585764,17.770151613376036,14.708325764478523,1.5742906279959172,7.314422568130624,6.368467954112683,20,74208.60074417118,40051.55737415458,52003.17227823176,135592.54422256903,413766.8984369066,460199.7451274768,373715.341062752,670449.2357765777,0.5049754049024152,0.9032026062851863,0.9032026062851863,0.0,0.0,0.0,0.0,0.0,0.0,0.0,0.0,0.0,0.0,0.0,0.0,0.850139602498434,0.0641857224125745,0.0242442508781254,0.0414684958539,0.0443858030839055,0.0,6.242795744526479,0.4922388343568895,0.1904474441848118,0.3033734333062189,0.3243768489127375,0.0,0.0858025074102453,0.0749570280601027,0.0196056750495965,0.000150547866136,0.023999576140515,0.0183928705440085,1.0005872741263582,0.774154904384999,0.2714842536548588,0.5701433624536894,0.3218855232272106,0.2797473218294105,0.0,0.0,0.0,0.0,0.0,0.0,0.4704071070458258,0.0265532409527719,0.0066338103683649,0.0228505017265067,0.0238396335955235,0.0,5324770.106245548,0.7533008739883874,2902028.7764700465,0.4105530886845626,4995318.80122089,0.7066930484748317,1528159.1605110914,1699486.333680518,0.2161902970902234,0.2404281339754459,2.435416666666665,24,24,20,30809.944921875023,122377.623046875,287668.5390625,731239.6624999997,700429.7175781247,1615111.25,0.5051929266799561,20,74208.60074417118,40051.55737415458,52003.17227823176,135592.54422256903,413766.8984369066,373715.341062752,670449.2357765777,0.5049754049024152,0.9032026062851863,0.9032026062851863,1.0001315789482843,0.850139602498434,0.7930872248348872,0.0641857224125745,0.4261460660311822,0.0242442508781254,0.5732035749133281,0.0414684958539,0.4366212965044295,0.0443858030839055,0.4270938794095344,0.0,21.746302424585764,6.242795744526479,17.770151613376036,0.4922388343568895,14.708325764478523,0.1904474441848118,1.5742906279959172,0.3033734333062189,7.314422568130624,0.3243768489127375,6.368467954112683,0.0,0.9578661463513338,0.9578661463513338,0.16666666666666663,0.5745880886185932,0.5745880886185932,0.5745880886185932,0.5745880886185932,0.616474692053341,0.616474692053341,0.616474692053341,0.616474692053341
C24,60.0,100.0,1500.0,220.0,235.0,3.0,15.0,Tb,,,Harmonized_irBT,Harmonized_irBT,cold,220.0,235.0,K,1.0,K,,,,25,25,22,218090.484375,39551.00390625003,105921.6796875,356214.8125,745130.1375000003,891801.1124999998,705579.1335937503,1472612.625,0.5094400522337638,0.9469206761131038,0.9469206761131038,0.1383961653017416,0.1141834714251267,0.0475204699463993,0.0003125833953861,0.0459261423893538,0.0406084807135395,2.1912583555005543,1.5633071624941022,0.921399032168909,0.0037351215186908,0.5960005683067635,0.4905973801423213,1.0001315789482843,0.8204156616159446,0.512896620277623,0.573265695997437,0.448377623509741,0.4442459370139997,23.156081333203566,17.445269901779003,14.701191379554794,1.517193957191387,7.401950791980466,6.702220883918367,22,74267.72325173524,42071.57638259371,53274.30619085931,147929.44080093876,399900.6996628797,446227.1258398342,357829.123280286,671316.3658875175,0.4963807048509416,0.8947949417991504,0.8947949417991504,0.0,0.0,0.0,0.0,0.0,0.0,0.0,0.0,0.0,0.0,0.0,0.0,0.229201894146624,0.1670656702234888,0.0091631980616968,0.0272512720167858,0.0202900637469831,0.0,1.9798893653643692,0.3823159222783943,0.0501054043244753,0.1301829239713065,0.1154105540902431,0.0,0.1015215142858656,0.0481538571675044,0.020847726754963,0.000165317572974,0.0231828779672878,0.0176591906513371,0.9602157986441082,0.7731201023224497,0.2870111362102512,0.5476948243892672,0.32094569654406,0.3141533031395095,0.0,0.0,0.0,0.0,0.0,0.0,0.1517470875577041,0.0437892899081877,0.002475223683749,0.0113741388511818,0.0093995261457582,0.0,4417889.962720245,0.6250035783137745,2884147.666744856,0.4080234291283557,4060150.015888867,0.5743937286429784,1774966.0683373064,1875641.8449676635,0.2511063320855726,0.2653490409747609,2.3999999999999977,25,25,22,39551.00390625003,105921.6796875,356214.8125,745130.1375000003,705579.1335937503,1472612.625,0.5094400522337638,22,74267.72325173524,42071.57638259371,53274.30619085931,147929.44080093876,399900.6996628797,357829.123280286,671316.3658875175,0.4963807048509416,0.8947949417991504,0.8947949417991504,1.0001315789482843,0.229201894146624,0.8204156616159446,0.1670656702234888,0.512896620277623,0.0091631980616968,0.573265695997437,0.0272512720167858,0.448377623509741,0.0202900637469831,0.4442459370139997,0.0,23.156081333203566,1.9798893653643692,17.445269901779003,0.3823159222783943,14.701191379554794,0.0501054043244753,1.517193957191387,0.1301829239713065,7.401950791980466,0.1154105540902431,6.702220883918367,0.0,0.9469206761131038,0.9469206761131038,0.12,0.7026466166745944,0.7026466166745944,0.7026466166745944,0.7026466166745944,0.6398667776852622,0.6398667776852622,0.6398667776852622,0.6398667776852622
C24,70.0,100.0,1500.0,220.0,235.0,3.0,15.0,Tb,,,Harmonized_irBT,Harmonized_irBT,cold,220.0,235.0,K,1.0,K,,,,25,25,20,218090.484375,2796.1730712890635,93538.6015625,347474.5,745130.1375000003,904805.7624999996,742333.9644287112,1472612.625,0.53607033685865,0.9962474030634829,0.9962474030634829,0.2184873949579831,0.1223695684095773,0.0466925519891989,0.0342716042513426,0.0492796953804773,0.0354694514815889,2.084936711414059,1.586188966117866,0.9474252372986308,0.1195997464187963,0.5935365436059916,0.4718248450731432,1.0001315789482843,0.7640198609836737,0.4309009229606733,0.5067325587591639,0.4293932946587966,0.4331909535691493,22.71225027350048,17.464550672256422,14.676748387655785,1.336440586476269,6.968356471199956,6.376082665798528,20,80101.14399805703,41435.024051153865,53555.13810178865,159320.37725828332,413207.2053653,458423.1137751764,371772.18131414615,673858.6337127725,0.5006327350995474,0.8997233748271093,0.8997233748271093,0.0,0.0,0.0,0.0,0.0,0.0,0.0,0.0,0.0,0.0,0.0,0.0,0.1745736936862423,0.0304973151214776,0.0163096435114502,0.0187310955454737,0.0119285012303585,0.0,0.3870257367230679,0.1332832936211529,0.0798477905039854,0.0422976383378615,0.0322999147102507,0.0,0.2081551627608665,0.089089672776584,0.0209514676127688,0.0325640106429581,0.0296475495675719,0.0176380573304956,0.9602157986441082,0.5336106487704724,0.2820183582035082,0.4784907536135315,0.3024721045165094,0.3180063639079592,0.0,0.0,0.0,0.0,0.0,0.0,0.045059372752232,0.0067882375301589,0.0015920034786898,0.0048169111388175,0.0028323220799905,0.0,4417889.962720245,0.6250035783137745,2884147.666744856,0.4080234291283557,4060150.015888867,0.5743937286429784,1978396.7631140351,2089783.56736473,0.2798858882192037,0.2956438975451659,2.3999999999999977,25,25,20,2796.1730712890635,93538.6015625,347474.5,745130.1375000003,742333.9644287112,1472612.625,0.53607033685865,20,80101.14399805703,41435.024051153865,53555.13810178865,159320.37725828332,413207.2053653,371772.18131414615,673858.6337127725,0.5006327350995474,0.8997233748271093,0.8997233748271093,1.0001315789482843,0.1745736936862423,0.7640198609836737,0.0304973151214776,0.4309009229606733,0.0163096435114502,0.5067325587591639,0.0187310955454737,0.4293932946587966,0.0119285012303585,0.4331909535691493,0.0,22.71225027350048,0.3870257367230679,17.464550672256422,0.1332832936211529,14.676748387655785,0.0798477905039854,1.336440586476269,0.0422976383378615,6.968356471199956,0.0322999147102507,6.376082665798528,0.0,0.9962474030634829,0.9962474030634829,0.19999999999999996,0.7308044142447863,0.7308044142447863,0.7308044142447863,0.7308044142447863,0.6638525528032904,0.6638525528032904,0.6638525528032904,0.6638525528032904
C25,0.0,100.0,1500.0,220.0,235.0,3.0,15.0,Tb,,,Harmonized_irBT,Harmonized_irBT,cold,220.0,235.0,K,1.0,K,,,,11,11,11,404967.125,192288.03125,272049.7265625,431454.28125,558282.5,1037460.1875,365994.46875,1516637.875,0.3306804631501496,0.6555721677645279,0.6555721677645279,0.0471083221257833,0.0451202741929963,0.0278602647687599,0.0303974356414405,0.0276488379140617,0.0255737064246643,0.8052713372094256,0.7721580263159808,0.5611604266476831,0.4257948420929729,0.4518316450597908,0.4704309088933552,0.8703491573657234,0.6934486036049149,0.3933038876394253,0.3404736577300041,0.3581811847208682,0.3685283845550464,15.280619929913952,14.065209891409534,9.310637559863853,5.493055453354541,6.520936487210969,6.210168148388997,11,119939.86034498096,70375.49150376716,79795.677708976,183733.04600661475,263095.1586601209,573912.0346757087,192719.66715635377,884728.9106912964,0.4672662713601874,0.7325093632958801,0.7325093632958801,0.0,0.0,0.0,0.0,0.0,0.0,0.0,0.0,0.0,0.0,0.0,0.0,0.6425675542683443,0.4513673938274022,0.0318320781326583,0.1548306222944918,0.0880809815907474,0.0032490552007091,3.614045238774326,2.379556329265333,0.2166786859592484,0.8248803133259225,0.4662803991144665,0.007055801725851,0.0336274399227718,0.0328990079500608,0.0171870357214418,0.022552609965914,0.0195676673098429,0.0182731652730149,0.459221085961208,0.4515688075975275,0.2721215138088109,0.2805823799497894,0.2641057603743699,0.2596944150462803,0.0,0.0,0.0,0.0,0.0,0.0,0.363821485406191,0.215214768312447,0.0114497792703596,0.0779896787688684,0.0407132250674752,0.0004086588160603,4341493.8291962,0.614195736284032,3261532.5447770776,0.4614124680500981,3512477.0427576574,0.4969138523126078,2120073.99874004,2176368.47969231,0.2999291169956249,0.3078931569177106,2.020833333333333,11,11,11,192288.03125,272049.7265625,431454.28125,558282.5,365994.46875,1516637.875,0.3306804631501496,11,119939.86034498096,70375.49150376716,79795.677708976,183733.04600661475,263095.1586601209,192719.66715635377,884728.9106912964,0.4672662713601874,0.7325093632958801,0.7325093632958801,0.8703491573657234,0.6425675542683443,0.6934486036049149,0.4513673938274022,0.3933038876394253,0.0318320781326583,0.3404736577300041,0.1548306222944918,0.3581811847208682,0.0880809815907474,0.3685283845550464,0.0032490552007091,15.280619929913952,3.614045238774326,14.065209891409534,2.379556329265333,9.310637559863853,0.2166786859592484,5.493055453354541,0.8248803133259225,6.520936487210969,0.4662803991144665,6.210168148388997,0.007055801725851,0.6555721677645279,0.6555721677645279,0.0,0.36945873900167725,0.36945873900167725,0.36945873900167725,0.36945873900167725,0.5656977367800063,0.5656977367800063,0.5656977367800063,0.5656977367800063
C25,10.0,100.0,1500.0,220.0,235.0,3.0,15.0,Tb,,,Harmonized_irBT,Harmonized_irBT,cold,220.0,235.0,K,1.0,K,,,,10,10,10,389988.46875,188879.85,264746.6484375,524963.953125,876277.6062499997,1198293.8656249992,687397.7562499997,1520310.125,0.370349430012003,0.7844520404802937,0.7844520404802937,0.0463611369336817,0.0444593945842354,0.0260088082956672,0.0310526720021774,0.0270280148103613,0.0276171262985903,0.8030152743515465,0.7487230654978272,0.5282455371717836,0.46589703725468,0.4663035645158265,0.5174366038903325,0.8340065414083758,0.7514516265497511,0.4032700500489163,0.4047115514361319,0.3987321627250595,0.3815262122972832,14.517094804173022,13.790884733615554,9.396054372329786,6.323641497645748,7.091357394096801,6.542925200340341,10,109672.25153135376,66721.72053630752,73518.83815592367,193744.4572874643,310462.14097020315,557490.758199787,243740.42043389563,804519.375429372,0.4740975149939403,0.7850890278350842,0.7850890278350842,0.0,0.0,0.0,0.0,0.0,0.0,0.0,0.0,0.0,0.0,0.0,0.0,0.6179304304304363,0.4582286767793923,0.0276644112655526,0.186238470382337,0.0933327084915415,0.0023015440752133,3.118234498639361,2.254376780597303,0.182390072312374,0.906221489599829,0.4586188604244935,0.0053514874476715,0.0335910177793782,0.0335904270939812,0.0162744384196812,0.0235044826863371,0.0196606700374851,0.0161513134086428,0.529281477489821,0.4933769538078679,0.2750222854207088,0.3142508472219938,0.2827297823402342,0.292814244586222,0.0,0.0,0.0,0.0,0.0,0.0,0.3834910289548529,0.246869806576284,0.0104890719204283,0.1033757961275392,0.047529499788031,0.000252008847837,4341493.8291962,0.614195736284032,3917155.3337192736,0.5541641193068492,3644668.5647326056,0.5156151271189668,4341493.8291962,4341493.8291962,0.614195736284032,0.614195736284032,2.041666666666666,10,10,10,188879.85,264746.6484375,524963.953125,876277.6062499997,687397.7562499997,1520310.125,0.370349430012003,10,109672.25153135376,66721.72053630752,73518.83815592367,193744.4572874643,310462.14097020315,243740.42043389563,804519.375429372,0.4740975149939403,0.7850890278350842,0.7850890278350842,0.8340065414083758,0.6179304304304363,0.7514516265497511,0.4582286767793923,0.4032700500489163,0.0276644112655526,0.4047115514361319,0.186238470382337,0.3987321627250595,0.0933327084915415,0.3815262122972832,0.0023015440752133,14.517094804173022,3.118234498639361,13.790884733615554,2.254376780597303,9.396054372329786,0.182390072312374,6.323641497645748,0.906221489599829,7.091357394096801,0.4586188604244935,6.542925200340341,0.0053514874476715,0.7844520404802937,0.7844520404802937,0.0,0.4956860430863512,0.4956860430863512,0.4956860430863512,0.4956860430863512,0.620537076594446,0.620537076594446,0.620537076594446,0.620537076594446
C25,20.0,100.0,1500.0,220.0,235.0,3.0,15.0,Tb,,,Harmonized_irBT,Harmonized_irBT,cold,220.0,235.0,K,1.0,K,,,,14,14,14,301287.1875,144683.7953125,231332.25390625,334874.65625,519182.33750000014,890897.8687499997,374498.54218750016,1508612.125,0.3610394015812312,0.7213237337595292,0.7213237337595292,0.1607270135424091,0.1290365986686507,0.0369891583910554,0.0519872606017497,0.046063159288083,0.0322868809555239,1.976701442489897,1.7392297282420646,0.6767734385302218,0.6525060104460155,0.6420105572667271,0.4594351149658364,0.855970955254794,0.8495259125608132,0.4161141387977949,0.3419081546163023,0.3651779154314841,0.3014753040154819,14.921822595533582,13.41920540627922,8.362215427280494,5.14337801571443,6.028291490844893,4.625701040381916,14,90831.87912093612,39543.10380910356,71523.45352563623,114392.19838521886,239883.66219046625,443682.88726432686,200340.55838136264,796518.1294057008,0.4820852464938856,0.8351571614005686,0.8351571614005686,0.0,0.0,0.0,0.0,0.0,0.0,0.0,0.0,0.0,0.0,0.0,0.0,0.264823056607489,0.0995397224850066,0.012362763314766,0.01710698423361,0.0198722111883633,0.0,0.9457322434613594,0.3547973425463909,0.0430290258410518,0.0610250907259977,0.0705477462959995,0.0,0.0726709969726151,0.0618015958046967,0.0217060057692527,0.0287907523203653,0.0253265572775685,0.0199512857323085,0.4635949559649681,0.4352091407455966,0.2585753357062929,0.2401541775389473,0.2351039728632556,0.2013719547237303,0.0,0.0,0.0,0.0,0.0,0.0,0.0651341982359347,0.0236311939987898,0.0023376009999559,0.0041969720661858,0.0047607687772039,0.0,4149345.679612965,0.5870123337843585,2870292.3070972096,0.4060632967050324,3135390.733388629,0.4435670522162873,2120073.99874004,2176368.47969231,0.2999291169956249,0.3078931569177106,1.9447916666666665,14,14,14,144683.7953125,231332.25390625,334874.65625,519182.33750000014,374498.54218750016,1508612.125,0.3610394015812312,14,90831.87912093612,39543.10380910356,71523.45352563623,114392.19838521886,239883.66219046625,200340.55838136264,796518.1294057008,0.4820852464938856,0.8351571614005686,0.8351571614005686,0.855970955254794,0.264823056607489,0.8495259125608132,0.0995397224850066,0.4161141387977949,0.012362763314766,0.3419081546163023,0.01710698423361,0.3651779154314841,0.0198722111883633,0.3014753040154819,0.0,14.921822595533582,0.9457322434613594,13.41920540627922,0.3547973425463909,8.362215427280494,0.0430290258410518,5.14337801571443,0.0610250907259977,6.028291490844893,0.0705477462959995,4.625701040381916,0.0,0.7213237337595292,0.7213237337595292,0.0,0.30919748751141873,0.30919748751141873,0.30919748751141873,0.30919748751141873,0.3747523473167371,0.3747523473167371,0.3747523473167371,0.3747523473167371
C25,30.0,100.0,1500.0,220.0,235.0,3.0,15.0,Tb,,,Harmonized_irBT,Harmonized_irBT,cold,220.0,235.0,K,1.0,K,,,,15,15,14,298180.28125,112600.765625,152040.390625,425469.765625,522442.075,818171.2999999991,409841.309375,1424578.5,0.4173293983648531,0.7844722486698645,0.7844722486698645,0.1877244772852977,0.1615365498661738,0.0361652520759969,0.0004333489875096,0.0445543339779994,0.0230500079147319,2.7781257750565485,2.230185882491765,0.6559669114223652,0.0050394336540673,0.6148158997561805,0.2900939406687705,0.8000309876187676,0.6587363401020203,0.3624190362237284,0.0026136867094786,0.3171060198197947,0.3122887102921065,14.272827037517631,10.66968579122468,6.985002220766685,0.0339432950495726,4.970377625615876,3.889127936012913,14,99739.67026058964,49219.48754709003,66291.11160621585,135321.56606290038,239471.77538776983,442325.0403406053,190252.2878406798,792931.3639468137,0.466296431242943,0.7944664356900085,0.7944664356900085,0.0,0.0,0.0,0.0,0.0,0.0,0.0,0.0,0.0,0.0,0.0,0.0,0.2092060681176889,0.2027314414409994,0.0138288709732065,0.0507724211052554,0.0302766303511403,0.0,0.8920697307065353,0.878328741486623,0.0752771124357553,0.2230436907357488,0.1329982927882887,0.0,0.0987096548206542,0.0771854837370809,0.0210929440142211,0.0002288271304063,0.0237821423331503,0.0146273111609075,0.3965968379560614,0.3626770349807917,0.2210618501567113,0.0018117177919997,0.1981160532299268,0.1932903057428649,0.0,0.0,0.0,0.0,0.0,0.0,0.1296401724852795,0.0846665760838379,0.0044041702681618,0.0279958414816095,0.013842606710081,0.0,3562978.503343761,0.5040583474998425,2595993.4332536976,0.3672579441212678,2945759.231877367,0.4167396825883268,2120073.99874004,2176368.47969231,0.2999291169956249,0.3078931569177106,1.8937499999999996,15,15,14,112600.765625,152040.390625,425469.765625,522442.075,409841.309375,1424578.5,0.4173293983648531,14,99739.67026058964,49219.48754709003,66291.11160621585,135321.56606290038,239471.77538776983,190252.2878406798,792931.3639468137,0.466296431242943,0.7944664356900085,0.7944664356900085,0.8000309876187676,0.2092060681176889,0.6587363401020203,0.2027314414409994,0.3624190362237284,0.0138288709732065,0.0026136867094786,0.0507724211052554,0.3171060198197947,0.0302766303511403,0.3122887102921065,0.0,14.272827037517631,0.8920697307065353,10.66968579122468,0.878328741486623,6.985002220766685,0.0752771124357553,0.0339432950495726,0.2230436907357488,4.970377625615876,0.1329982927882887,3.889127936012913,0.0,0.7844722486698645,0.7844722486698645,0.06666666666666665,0.6426528912068333,0.6426528912068333,0.6426528912068333,0.6426528912068333,0.5101216048933226,0.5101216048933226,0.5101216048933226,0.5101216048933226
C25,40.0,100.0,1500.0,220.0,235.0,3.0,15.0,Tb,,,Harmonized_irBT,Harmonized_irBT,cold,220.0,235.0,K,1.0,K,,,,15,15,14,269872.1875,123845.7921875,232115.109375,383682.09375,528772.4874999999,818592.387499999,404926.6953125,1425982.125,0.3912024727011042,0.7657862405568141,0.7657862405568141,0.0577667219458264,0.0576603352237242,0.0318192428051543,0.0002559370945152,0.029987181111913,0.0230675045049207,1.0888428218995732,0.9582181570173568,0.5823572998377844,0.0027313740336813,0.4309942825317377,0.2938242450716264,0.8081677579134389,0.553018921385104,0.3552692006120622,0.0019372096071389,0.2710434675213599,0.2269421644920752,14.312492582926556,10.681585454847358,6.556496235627979,0.0270183079032609,4.347722438887035,3.8644384076824574,14,94428.49833108384,58588.43424574332,79219.23326022629,112790.96380535857,240508.39002039324,441921.0365389175,181919.95577464992,789324.8909854054,0.4466490419465753,0.7563975450470751,0.7563975450470751,0.0,0.0,0.0,0.0,0.0,0.0,0.0,0.0,0.0,0.0,0.0,0.0,0.1881222131031593,0.1557115774170323,0.0114686008481778,0.0463460058454668,0.0243384469666528,0.0,0.7444281080562125,0.6135029987321341,0.0536369208967464,0.1831552725787351,0.097146879212437,0.0,0.0379549237182018,0.0346937991882819,0.0186447569501391,0.0001466554312713,0.0174774869813961,0.0146273111609075,0.3976990183330556,0.3672234505662696,0.206071422572801,0.0015487389811725,0.1745140136914287,0.1289530719512859,0.0,0.0,0.0,0.0,0.0,0.0,0.1078487276097994,0.0617607260493565,0.0031500550659356,0.0237428881366244,0.0105368209668617,0.0,3639256.391852677,0.5148494612818926,2618876.7998063704,0.3704952782558826,2945759.2318773665,0.4167396825883268,2120073.99874004,2176368.47969231,0.2999291169956249,0.3078931569177106,1.8937499999999996,15,15,14,123845.7921875,232115.109375,383682.09375,528772.4874999999,404926.6953125,1425982.125,0.3912024727011042,14,94428.49833108384,58588.43424574332,79219.23326022629,112790.96380535857,240508.39002039324,181919.95577464992,789324.8909854054,0.4466490419465753,0.7563975450470751,0.7563975450470751,0.8081677579134389,0.1881222131031593,0.553018921385104,0.1557115774170323,0.3552692006120622,0.0114686008481778,0.0019372096071389,0.0463460058454668,0.2710434675213599,0.0243384469666528,0.2269421644920752,0.0,14.312492582926556,0.7444281080562125,10.681585454847358,0.6135029987321341,6.556496235627979,0.0536369208967464,0.0270183079032609,0.1831552725787351,4.347722438887035,0.097146879212437,3.8644384076824574,0.0,0.7657862405568141,0.7657862405568141,0.06666666666666665,0.39503272851132376,0.39503272851132376,0.39503272851132376,0.39503272851132376,0.29764556851439306,0.29764556851439306,0.29764556851439306,0.29764556851439306
C25,50.0,100.0,1500.0,220.0,235.0,3.0,15.0,Tb,,,Harmonized_irBT,Harmonized_irBT,cold,220.0,235.0,K,1.0,K,,,,13,13,13,298180.28125,231987.115625,241092.109375,425304.8125,543527.49375,949967.5999999986,311540.37812500005,1537495.25,0.3406732004233671,0.5731823720186924,0.5731823720186924,0.0638762488101911,0.0589800152627016,0.0306381062615596,0.0361253640218227,0.0331070347316148,0.0248915009272784,1.1053806433298592,1.005857868791406,0.5805024973129763,0.4249423162644108,0.4939234181394229,0.3485594153037699,0.8081677579134389,0.6077393767672916,0.3910534985676032,0.2835026728887869,0.3232111582350147,0.3180590116648358,14.31422756726962,11.38818488412274,7.126310685657908,4.081325835794818,5.182086926817837,4.37388135115123,13,95128.11467059204,62472.78299270287,82239.4080216243,113357.5545028476,246580.27154722344,486519.1147447486,184107.4885545206,832031.0489491868,0.4542485491631242,0.7466432225063939,0.7466432225063939,0.0,0.0,0.0,0.0,0.0,0.0,0.0,0.0,0.0,0.0,0.0,0.0,0.1317701986392223,0.0550159086519312,0.005483552141134,0.0105753006264224,0.0105330818921333,0.0,0.5414131051235412,0.2273419151963479,0.0230708078406726,0.0434017362036662,0.0431621205715508,0.0,0.0382420095770729,0.0365873984403731,0.0189829927645403,0.020278582364251,0.0194156658827591,0.0146273111609075,0.3977472280747242,0.3715188448387306,0.2266278662052532,0.198427277561583,0.1972548824716641,0.1932903057428649,0.0,0.0,0.0,0.0,0.0,0.0,0.0369404831131037,0.0151936937532287,0.0013181549967806,0.0029582064688608,0.002900847161646,0.0,4066308.1177392304,0.5752649218425772,2935466.003310463,0.4152834886267291,3245011.745413431,0.4590752530433836,2120073.99874004,2176368.47969231,0.2999291169956249,0.3078931569177106,1.941666666666666,13,13,13,231987.115625,241092.109375,425304.8125,543527.49375,311540.37812500005,1537495.25,0.3406732004233671,13,95128.11467059204,62472.78299270287,82239.4080216243,113357.5545028476,246580.27154722344,184107.4885545206,832031.0489491868,0.4542485491631242,0.7466432225063939,0.7466432225063939,0.8081677579134389,0.1317701986392223,0.6077393767672916,0.0550159086519312,0.3910534985676032,0.005483552141134,0.2835026728887869,0.0105753006264224,0.3232111582350147,0.0105330818921333,0.3180590116648358,0.0,14.31422756726962,0.5414131051235412,11.38818488412274,0.2273419151963479,7.126310685657908,0.0230708078406726,4.081325835794818,0.0434017362036662,5.182086926817837,0.0431621205715508,4.37388135115123,0.0,0.5731823720186924,0.5731823720186924,0.0,0.43313101030334566,0.43313101030334566,0.43313101030334566,0.43313101030334566,0.2745132127955495,0.2745132127955495,0.2745132127955495,0.2745132127955495
C25,60.0,100.0,1500.0,220.0,235.0,3.0,15.0,Tb,,,Harmonized_irBT,Harmonized_irBT,cold,220.0,235.0,K,1.0,K,,,,11,11,11,407920.1875,234069.078125,275717.8359375,451574.96875,559368.3125,1055120.40625,325299.234375,1550872.5,0.3333028957605553,0.5815474833051077,0.5815474833051077,0.0444901702093758,0.0443265097141263,0.0283969742843598,0.033397810618515,0.0299846129359142,0.0251549735630328,0.839628808922902,0.7290701757992487,0.4735885304278026,0.4221761479399786,0.4256087899984929,0.4638356723099348,0.6791670359197298,0.6545420433740994,0.3804438069448878,0.3756280505542421,0.3517355670659899,0.3180590116648358,13.080856113754043,11.668686263207537,7.832646697878766,5.727339808636075,6.016941742787941,4.328296251726375,11,114520.29715160768,82042.33299641073,89984.45651251775,180067.4505376423,258010.6230096107,543109.208234827,175968.29001319996,828207.7934600435,0.4425750009546155,0.6820195539260617,0.6820195539260617,0.0,0.0,0.0,0.0,0.0,0.0,0.0,0.0,0.0,0.0,0.0,0.0,0.1272118786237977,0.0747370524920573,0.0103137127642326,0.0115440753703582,0.014232400034247,0.0,0.4978023228080518,0.2819973920247587,0.0395497414075273,0.0447931410846965,0.0541402851916099,0.0,0.0350402613851226,0.0332544905842519,0.0152694435621279,0.0230918304272102,0.0186021477930013,0.0144878568758986,0.5857910302385747,0.4743451819030564,0.238355417691215,0.3100863314400226,0.2486993659887079,0.1915698973235805,0.0,0.0,0.0,0.0,0.0,0.0,0.0314225875248278,0.017152040215499,0.0018856654071401,0.0027984765330444,0.0032221315600417,0.0,4486826.806539953,0.6347561467182726,3334199.033448954,0.4716926732672185,3523678.787190793,0.4984985749773062,2120073.998740062,2176368.479692317,0.2999291169956281,0.3078931569177116,1.9895833333333333,11,11,11,234069.078125,275717.8359375,451574.96875,559368.3125,325299.234375,1550872.5,0.3333028957605553,11,114520.29715160768,82042.33299641073,89984.45651251775,180067.4505376423,258010.6230096107,175968.29001319996,828207.7934600435,0.4425750009546155,0.6820195539260617,0.6820195539260617,0.6791670359197298,0.1272118786237977,0.6545420433740994,0.0747370524920573,0.3804438069448878,0.0103137127642326,0.3756280505542421,0.0115440753703582,0.3517355670659899,0.014232400034247,0.3180590116648358,0.0,13.080856113754043,0.4978023228080518,11.668686263207537,0.2819973920247587,7.832646697878766,0.0395497414075273,5.727339808636075,0.0447931410846965,6.016941742787941,0.0541402851916099,4.328296251726375,0.0,0.5815474833051077,0.5815474833051077,0.0,0.38943064824715223,0.38943064824715223,0.38943064824715223,0.38943064824715223,0.5002736127831893,0.5002736127831893,0.5002736127831893,0.5002736127831893
C25,70.0,100.0,1500.0,220.0,235.0,3.0,15.0,Tb,,,Harmonized_irBT,Harmonized_irBT,cold,220.0,235.0,K,1.0,K,,,,11,11,11,407920.1875,234780.671875,275717.8359375,428299.296875,472497.46875,1011684.984375,237716.796875,1550872.5,0.3244701906774262,0.5031070272267992,0.5031070272267992,0.0471176314576045,0.0462380396494561,0.0287342758681924,0.0333924771284256,0.0302904924264149,0.0235171902969296,0.8547692594664063,0.7404207529471871,0.4838092508528897,0.4196478367463372,0.4287241940504165,0.4689841462869678,0.6796404110202733,0.6547787309243711,0.3709294759547638,0.3621490494618564,0.3323979333566592,0.2788453623309309,14.06985527957987,12.02677039868676,7.898577306708361,5.569518203316171,5.927661369563823,4.287716254895718,11,114894.73969951346,81687.5979510263,90900.85537976088,180895.16564353928,258956.58313063585,543542.7732902969,177268.98517960956,828128.963449958,0.4417928340483029,0.68455098934551,0.68455098934551,0.0,0.0,0.0,0.0,0.0,0.0,0.0,0.0,0.0,0.0,0.0,0.0,0.1250238741456219,0.0740190354499236,0.0102196163990147,0.0112072782893959,0.0140773570222689,0.0,0.494542348138878,0.279189249389879,0.0389918133402195,0.0438364972191487,0.0535940823478971,0.0,0.0350402613851226,0.0333408153578651,0.0152149993067692,0.0229076982507597,0.0184161438516706,0.0141489345682384,0.5857910302385747,0.456624695799447,0.230182904555468,0.3014163771102797,0.2373297863730434,0.1891887904785939,0.0,0.0,0.0,0.0,0.0,0.0,0.0311796975090601,0.0169970400313276,0.0018663608606002,0.002736785471495,0.0031929130143361,0.0,4486826.806539953,0.6347561467182726,3334199.033448954,0.4716926732672185,3527734.5912096854,0.4990723538731451,4486826.806539953,4486826.806539953,0.6347561467182726,0.6347561467182726,2.03125,11,11,11,234780.671875,275717.8359375,428299.296875,472497.46875,237716.796875,1550872.5,0.3244701906774262,11,114894.73969951346,81687.5979510263,90900.85537976088,180895.16564353928,258956.58313063585,177268.98517960956,828128.963449958,0.4417928340483029,0.68455098934551,0.68455098934551,0.6796404110202733,0.1250238741456219,0.6547787309243711,0.0740190354499236,0.3709294759547638,0.0102196163990147,0.3621490494618564,0.0112072782893959,0.3323979333566592,0.0140773570222689,0.2788453623309309,0.0,14.06985527957987,0.494542348138878,12.02677039868676,0.279189249389879,7.898577306708361,0.0389918133402195,5.569518203316171,0.0438364972191487,5.927661369563823,0.0535940823478971,4.287716254895718,0.0,0.5031070272267992,0.5031070272267992,0.0,0.35624961808431643,0.35624961808431643,0.35624961808431643,0.35624961808431643,0.49749428042270394,0.49749428042270394,0.49749428042270394,0.49749428042270394
C26,0.0,100.0,1500.0,220.0,235.0,3.0,15.0,Tb,,,Harmonized_irBT,Harmonized_irBT,cold,220.0,235.0,K,1.0,K,,,,28,28,24,226818.1015625,4044.914355468751,145185.6796875,428086.6796875,697261.2625000002,943713.7468749998,693216.3481445315,1002821.375,0.4467272735758613,0.9941988540407853,0.9941988540407853,0.1743064548237237,0.0730056349382289,0.0243323783707259,0.0002905901266061,0.0291818281228015,0.0229051854217784,1.5295690646199396,0.8016950693379895,0.4310534328395053,0.0027724273332561,0.3441997866182568,0.2243457841942904,0.8179646271857894,0.6924031256764838,0.2960190154605537,0.0022967673435634,0.2943240546474658,0.2743417945013742,14.236361765563611,11.776178544123884,7.060291342903444,0.0295412369934346,4.607280614668859,4.792314786326303,24,127369.58879553268,52883.11226581036,70602.12778276278,195069.7868320256,430474.91907451325,537603.9174054858,377591.8068087029,632394.0484078366,0.4516369865943223,0.8771516993847055,0.8771516993847055,0.0,0.0,0.0,0.0,0.0,0.0,0.0,0.0,0.0,0.0,0.0,0.0,0.3192114429092592,0.0835693544028756,0.0172299280529706,0.0387436554538316,0.0244790699478223,0.0002277161632127,2.2745160731444702,0.3060504018668735,0.0858000830860227,0.2363635842060903,0.1409681411992114,0.0002643805118204,0.1076260414559848,0.0287760183571608,0.0113157596934552,0.0001528496182524,0.0142782708502605,0.0096486152585513,0.4172636109464807,0.3896512840474292,0.1754853571931216,0.0014409226179965,0.1744509608108247,0.1358436070719165,0.0,0.0,0.0,0.0,0.0,0.0,0.0780254704703281,0.0179947414659882,0.0026086139260842,0.0090543680945157,0.0053754297647679,1.5911790063270256e-05,3582449.515834866,0.5068129322864766,3366942.063513059,0.4763248644552263,3239028.547647946,0.4582288037101629,3403554.661697235,3403554.661697235,0.4815044875489587,0.4815044875489587,2.81875,28,28,24,4044.914355468751,145185.6796875,428086.6796875,697261.2625000002,693216.3481445315,1002821.375,0.4467272735758613,24,127369.58879553268,52883.11226581036,70602.12778276278,195069.7868320256,430474.91907451325,377591.8068087029,632394.0484078366,0.4516369865943223,0.8771516993847055,0.8771516993847055,0.8179646271857894,0.3192114429092592,0.6924031256764838,0.0835693544028756,0.2960190154605537,0.0172299280529706,0.0022967673435634,0.0387436554538316,0.2943240546474658,0.0244790699478223,0.2743417945013742,0.0002277161632127,14.236361765563611,2.2745160731444702,11.776178544123884,0.3060504018668735,7.060291342903444,0.0858000830860227,0.0295412369934346,0.2363635842060903,4.607280614668859,0.1409681411992114,4.792314786326303,0.0002643805118204,0.9941988540407853,0.9941988540407853,0.1428571428571429,0.6608498078158274,0.6608498078158274,0.6608498078158274,0.6608498078158274,0.6380673351349986,0.6380673351349986,0.6380673351349986,0.6380673351349986
C26,10.0,100.0,1500.0,220.0,235.0,3.0,15.0,Tb,,,Harmonized_irBT,Harmonized_irBT,cold,220.0,235.0,K,1.0,K,,,,31,31,26,250433.046875,2251.0849609375,140707.359375,388984.21875,575586.125,919547.25,573335.0400390625,1031458.0,0.4471646991073073,0.9960890562451666,0.9960890562451666,0.1558938184365986,0.0691079782003414,0.0257060144752018,0.0001910143293341,0.0283717359355582,0.025420967771265,1.4950983477168016,1.0852744080954309,0.4188877213831724,0.0020836886076311,0.3656191945386834,0.2397320562458083,0.8179646271857894,0.6988434422368568,0.2935388531723267,0.0015910786606154,0.2898172470228469,0.2502799761451026,12.166693551772491,10.412644671021042,6.256191215868457,0.0223447470618686,4.561577292718327,4.347101001555041,26,126650.26495350314,53988.70315725851,69330.99387013522,186812.34327557683,392770.52525065234,490854.765299448,338781.8220933938,612903.3284142142,0.4235924087771417,0.8625439036628199,0.8625439036628199,0.0,0.0,0.0,0.0,0.0,0.0,0.0,0.0,0.0,0.0,0.0,0.0,0.033164564730439,0.0306672277515902,0.0043305174099522,0.0048499449381368,0.00550066960053,0.0,0.1561124365064482,0.1449202209330177,0.0175773111061729,0.0191541377584568,0.0231310966239167,0.0,0.1039542954441928,0.0352305192469301,0.0119599024145037,0.0001075231801955,0.014767504769981,0.0103247646003071,0.4586340017238468,0.3881935101632157,0.1720821591770571,0.0010541335085107,0.1772450215053813,0.1408858698494431,0.0,0.0,0.0,0.0,0.0,0.0,0.0123419607401352,0.0087622223082536,0.0009151935327279,0.0013616174969088,0.0014587156419859,0.0,3814958.630581841,0.5397062433317226,3333509.2708607046,0.4715950918223475,3239028.547647946,0.4582288037101629,3219033.3155897707,3261877.426071204,0.4554000570254268,0.4614612587725338,2.71875,31,31,26,2251.0849609375,140707.359375,388984.21875,575586.125,573335.0400390625,1031458.0,0.4471646991073073,26,126650.26495350314,53988.70315725851,69330.99387013522,186812.34327557683,392770.52525065234,338781.8220933938,612903.3284142142,0.4235924087771417,0.8625439036628199,0.8625439036628199,0.8179646271857894,0.033164564730439,0.6988434422368568,0.0306672277515902,0.2935388531723267,0.0043305174099522,0.0015910786606154,0.0048499449381368,0.2898172470228469,0.00550066960053,0.2502799761451026,0.0,12.166693551772491,0.1561124365064482,10.412644671021042,0.1449202209330177,6.256191215868457,0.0175773111061729,0.0223447470618686,0.0191541377584568,4.561577292718327,0.0231310966239167,4.347101001555041,0.0,0.9960890562451666,0.9960890562451666,0.16129032258064513,0.6382697482505516,0.6382697482505516,0.6382697482505516,0.6382697482505516,0.6288735923200675,0.6288735923200675,0.6288735923200675,0.6288735923200675
C26,20.0,100.0,1500.0,220.0,235.0,3.0,15.0,Tb,,,Harmonized_irBT,Harmonized_irBT,cold,220.0,235.0,K,1.0,K,,,,37,37,33,209979.234375,53642.074609375006,130168.6796875,350784.78125,477812.075,790949.862499999,424170.000390625,1031458.0,0.4318496702744728,0.8877339493578621,0.8877339493578621,0.2142857142857142,0.1044930280635831,0.0349642290172117,0.1958269610501001,0.0424028164588889,0.0339702760084925,1.6430091071670216,1.3793903713176596,0.5175648859339115,0.196266865534711,0.4481711279955068,0.3274815050655367,0.9999999999889692,0.778314986319724,0.2975190891692052,0.9139743293085412,0.3229941648265615,0.2855079206854273,11.042682319761592,9.13447324759527,5.794380246488069,0.9182705249304164,4.60538946032339,4.8076631622418216,33,81411.6929157273,45816.00186165161,58964.84754390125,180441.89308554807,304378.4349418603,460130.76886865176,258562.43308020872,609080.0729250709,0.4403550115160077,0.8494768465761939,0.8494768465761939,0.0,0.0,0.0,0.0,0.0,0.0,0.0,0.0,0.0,0.0,0.0,0.0,0.1214946926679582,0.053494112980962,0.0103587349837946,0.0126375572311178,0.0113107718869586,0.0,0.2850698498260772,0.2336793815641985,0.0416480101105307,0.0289738964801352,0.0362713545942281,0.0,0.2142857142857142,0.0555238119724888,0.0156640862448723,0.1958050066994879,0.0241154918630414,0.0158128633649803,0.9999999999889692,0.4103934950571806,0.1777774437591705,0.9138637218872956,0.2123991232717095,0.1822438792147683,0.0,0.0,0.0,0.0,0.0,0.0,0.0217234293845123,0.0108213569668692,0.0018323600998051,0.0020920568238262,0.0020072779095135,0.0,3571580.828194335,0.5052753275194435,3291482.036358786,0.4656494543863808,3239028.547647946,0.4582288037101629,2088285.7971731164,2320065.7343267985,0.2954320064077339,0.3282221599255449,2.4916666666666663,37,37,33,53642.074609375006,130168.6796875,350784.78125,477812.075,424170.000390625,1031458.0,0.4318496702744728,33,81411.6929157273,45816.00186165161,58964.84754390125,180441.89308554807,304378.4349418603,258562.43308020872,609080.0729250709,0.4403550115160077,0.8494768465761939,0.8494768465761939,0.9999999999889692,0.1214946926679582,0.778314986319724,0.053494112980962,0.2975190891692052,0.0103587349837946,0.9139743293085412,0.0126375572311178,0.3229941648265615,0.0113107718869586,0.2855079206854273,0.0,11.042682319761592,0.2850698498260772,9.13447324759527,0.2336793815641985,5.794380246488069,0.0416480101105307,0.9182705249304164,0.0289738964801352,4.60538946032339,0.0362713545942281,4.8076631622418216,0.0,0.8877339493578621,0.8877339493578621,0.10810810810810811,0.6289215306785776,0.6289215306785776,0.6289215306785776,0.6289215306785776,0.673219746614242,0.673219746614242,0.673219746614242,0.673219746614242
C26,30.0,100.0,1500.0,220.0,235.0,3.0,15.0,Tb,,,Harmonized_irBT,Harmonized_irBT,cold,220.0,235.0,K,1.0,K,,,,34,34,31,215713.7890625,83394.20234375,135418.28125,391129.1015625,586772.8937499999,826917.5531249995,503378.69140624994,1031497.5625,0.4278807901611838,0.8578765255995604,0.8578765255995604,0.0921551389732173,0.0817579366841118,0.0298505822746735,0.0004239422018546,0.031818930915165,0.029844521519803,1.298362916201664,0.9111855341778672,0.4358366098769011,0.0044971890457671,0.386650513789587,0.332679130519839,0.8179646271857894,0.6779757020769512,0.2905822504722639,0.0034171093813217,0.2928808124656075,0.277504281910755,9.543275082361104,8.921750971616204,5.433027726664373,0.0454014595016073,4.411383124925542,4.4932479193636485,31,81589.0604384195,48125.72115715469,59772.8551472769,193862.7023025925,377674.57831929263,465372.9645393329,329548.8571621379,609691.0055032329,0.452006292657347,0.8725735754539763,0.8725735754539763,0.0,0.0,0.0,0.0,0.0,0.0,0.0,0.0,0.0,0.0,0.0,0.0,0.1588909493181304,0.0258774277801424,0.0056334251231556,0.0121910036630768,0.0076745644769563,0.0,0.2604215410970708,0.0957496367708041,0.016481946313116,0.0207938603320591,0.016384539859984,0.0,0.0505701754560745,0.045270200599989,0.0132544123627872,0.000238382351303,0.0161097923551827,0.0123720347766073,0.4586340017238468,0.3508915632102784,0.1667311731764355,0.0021925604036895,0.1771334140278837,0.1756398589836271,0.0,0.0,0.0,0.0,0.0,0.0,0.0216697121842124,0.0049173198608998,0.0007110243667843,0.0016787824429793,0.0010757909764338,0.0,3651800.217207521,0.516624049557897,3312495.653609745,0.4686222731043641,3239028.547647946,0.4582288037101629,2088975.5597613603,2320065.7343267947,0.295529587852604,0.3282221599255444,2.5166666666666666,34,34,31,83394.20234375,135418.28125,391129.1015625,586772.8937499999,503378.69140624994,1031497.5625,0.4278807901611838,31,81589.0604384195,48125.72115715469,59772.8551472769,193862.7023025925,377674.57831929263,329548.8571621379,609691.0055032329,0.452006292657347,0.8725735754539763,0.8725735754539763,0.8179646271857894,0.1588909493181304,0.6779757020769512,0.0258774277801424,0.2905822504722639,0.0056334251231556,0.0034171093813217,0.0121910036630768,0.2928808124656075,0.0076745644769563,0.277504281910755,0.0,9.543275082361104,0.2604215410970708,8.921750971616204,0.0957496367708041,5.433027726664373,0.016481946313116,0.0454014595016073,0.0207938603320591,4.411383124925542,0.016384539859984,4.4932479193636485,0.0,0.8578765255995604,0.8578765255995604,0.08823529411764708,0.6537760020693295,0.6537760020693295,0.6537760020693295,0.6537760020693295,0.6916742909423605,0.6916742909423605,0.6916742909423605,0.6916742909423605
C26,40.0,100.0,1500.0,220.0,235.0,3.0,15.0,Tb,,,Harmonized_irBT,Harmonized_irBT,cold,220.0,235.0,K,1.0,K,,,,39,39,34,209867.125,3013.5199218750004,96674.82421875,358256.25,500225.3250000004,768218.6375000003,497211.80507812544,1139456.875,0.4804332569538833,0.993975675018303,0.993975675018303,0.1076658053402239,0.100287610619469,0.0312857241979174,0.0041126041885291,0.0363112099691362,0.0293672358355801,1.3676378428527662,0.8776251860601048,0.4416569641707261,0.0071984745153826,0.3877484454673368,0.339956493948901,1.000725826497642,0.838388615363457,0.278664600449821,0.4355910279543764,0.304735090668227,0.2713055872809188,8.505035824007125,8.364105840805985,4.948336879763196,1.6371311167133589,3.836243938875791,4.020385221134424,34,77529.31491901989,45806.14811039093,58457.3793539763,187477.47148567264,359447.1092372892,456016.8277173184,313640.96112689824,611977.0757957104,0.4610241951520088,0.8725649840178518,0.8725649840178518,0.0,0.0,0.0,0.0,0.0,0.0,0.0,0.0,0.0,0.0,0.0,0.0,0.0402502901906825,0.0238320745982475,0.0042225078511999,0.0028049747253094,0.0030704348297536,0.0,0.1516450466723985,0.0407175636656629,0.0144119241591835,0.0037434511683851,0.0080180903076161,0.0,0.0647167968761682,0.0465231560504722,0.0139450705619712,0.0006939491957923,0.017310240752142,0.0126399084765767,1.0008206085593574,0.3730643966102385,0.1562072208314771,0.4155836455753919,0.1902896172804532,0.1760220039206958,0.0,0.0,0.0,0.0,0.0,0.0,0.0088468433230519,0.0018776160200249,0.0005869459348929,0.0002780664110856,0.0004271201446888,0.0,3960390.145438194,0.5602805939723723,3294381.995354806,0.4660597146610301,3393187.529995883,0.4800378384325544,2094000.972904306,2320065.7343267947,0.2962405383795184,0.3282221599255444,2.4750000000000005,39,39,34,3013.5199218750004,96674.82421875,358256.25,500225.3250000004,497211.80507812544,1139456.875,0.4804332569538833,34,77529.31491901989,45806.14811039093,58457.3793539763,187477.47148567264,359447.1092372892,313640.96112689824,611977.0757957104,0.4610241951520088,0.8725649840178518,0.8725649840178518,1.000725826497642,0.0402502901906825,0.838388615363457,0.0238320745982475,0.278664600449821,0.0042225078511999,0.4355910279543764,0.0028049747253094,0.304735090668227,0.0030704348297536,0.2713055872809188,0.0,8.505035824007125,0.1516450466723985,8.364105840805985,0.0407175636656629,4.948336879763196,0.0144119241591835,1.6371311167133589,0.0037434511683851,3.836243938875791,0.0080180903076161,4.020385221134424,0.0,0.993975675018303,0.993975675018303,0.1282051282051282,0.7301517441251897,0.7301517441251897,0.7301517441251897,0.7301517441251897,0.6881898454746136,0.6881898454746136,0.6881898454746136,0.6881898454746136
C26,50.0,100.0,1500.0,220.0,235.0,3.0,15.0,Tb,,,Harmonized_irBT,Harmonized_irBT,cold,220.0,235.0,K,1.0,K,,,,40,40,34,182793.1328125,2312.297924804688,86725.123046875,347938.0,489297.7031250002,767129.7812499993,486985.4052001955,1139456.875,0.4945131515252778,0.9952742514219121,0.9952742514219121,0.1076658053402239,0.0955685449313946,0.0270627307564372,0.0037992719299853,0.0339174024832304,0.0249920598202976,1.4875241925333371,0.8338308107341883,0.377067030226653,0.006304304882965,0.3430954647744133,0.2464441605308642,1.000725826497642,0.8300768616106512,0.2702813069522962,0.4040948687120402,0.3010304725406791,0.2474869143359905,8.453088996167516,7.352304494651436,4.93544369058217,1.5190585228474585,3.708281258133337,3.756980980444291,34,80987.9816115181,47276.32779848419,59048.604429617015,182491.47334776924,339765.22646920953,460078.54398697015,292488.8986707253,613198.9409520346,0.4518434425088095,0.8608558966149277,0.8608558966149277,0.0,0.0,0.0,0.0,0.0,0.0,0.0,0.0,0.0,0.0,0.0,0.0,0.0269852511164746,0.0099281168764914,0.0031677366543563,0.0002445085803294,0.0014078144269614,0.0,0.133870528226519,0.0319378765387745,0.0129269436563194,0.0010846514280182,0.0059250181282222,0.0,0.0638576709487776,0.0369845423201815,0.0120995748622717,0.0006175159940151,0.0149256305593224,0.010371395488838,1.0008206085593574,0.3632031768207424,0.1507044203967717,0.3854478079078942,0.1836727469615204,0.1677471530839984,0.0,0.0,0.0,0.0,0.0,0.0,0.0078485841639006,0.0008417769029748,0.0005192822086386,5.787880800958442e-05,0.00028456263698,0.0,3960390.145438194,0.5602805939723723,3278922.937689489,0.4638727053783831,3393187.529995883,0.4800378384325544,1874272.1735424325,2178822.063756235,0.2651552721056612,0.3082402680573241,2.4666666666666663,40,40,34,2312.297924804688,86725.123046875,347938.0,489297.7031250002,486985.4052001955,1139456.875,0.4945131515252778,34,80987.9816115181,47276.32779848419,59048.604429617015,182491.47334776924,339765.22646920953,292488.8986707253,613198.9409520346,0.4518434425088095,0.8608558966149277,0.8608558966149277,1.000725826497642,0.0269852511164746,0.8300768616106512,0.0099281168764914,0.2702813069522962,0.0031677366543563,0.4040948687120402,0.0002445085803294,0.3010304725406791,0.0014078144269614,0.2474869143359905,0.0,8.453088996167516,0.133870528226519,7.352304494651436,0.0319378765387745,4.93544369058217,0.0129269436563194,1.5190585228474585,0.0010846514280182,3.708281258133337,0.0059250181282222,3.756980980444291,0.0,0.9952742514219121,0.9952742514219121,0.15000000000000002,0.7507454688856204,0.7507454688856204,0.7507454688856204,0.7507454688856204,0.6764308855291576,0.6764308855291576,0.6764308855291576,0.6764308855291576
C26,60.0,100.0,1500.0,220.0,235.0,3.0,15.0,Tb,,,Harmonized_irBT,Harmonized_irBT,cold,220.0,235.0,K,1.0,K,,,,39,39,35,221386.65625,52200.34824218752,112415.234375,361213.5,627162.0500000004,980292.55625,574961.7017578129,1022884.3125,0.4657943122133845,0.9167673677924429,0.9167673677924429,0.1,0.090385906455608,0.0301337405325717,0.0003402373185138,0.0341556151912238,0.0293672358355801,1.5237271036890694,0.8684496559823166,0.4497831304246611,0.0032655220511547,0.3920366937610687,0.3701251249162898,1.0000000000000928,0.579354816892865,0.2828166830584208,0.4152455350422699,0.2868823371230941,0.2496412545104766,8.807236319728615,8.152946169501263,5.235763210178148,1.578511537206689,3.877119166709144,3.75307728209759,35,102833.74815644276,47199.4685386509,60029.05268005455,189763.54177815013,417956.7134729472,476763.9009966774,370757.2449342963,616036.82131511,0.4504180868504328,0.887070916635232,0.887070916635232,0.0,0.0,0.0,0.0,0.0,0.0,0.0,0.0,0.0,0.0,0.0,0.0,0.0875340941178463,0.0283998807924216,0.0122093216713577,0.0011208095833615,0.0047136672336205,0.0,0.2505945236625854,0.158464420603238,0.0395965391563604,0.005153752403117,0.0179326652955251,0.0,0.0636375593718709,0.0433869117315879,0.0156911771466792,0.0001672954984239,0.0170392138434359,0.0158524377286426,1.0008206085593574,0.3409887834813846,0.1798729933455547,0.4147510480296925,0.1849435038864285,0.173311386990434,0.0,0.0,0.0,0.0,0.0,0.0,0.013023714064307,0.0096774007826138,0.001856207498342,0.0003601723732422,0.0010057813563368,0.0,3572645.033330489,0.5054258817486724,3270678.79669724,0.4627063980090826,3393187.529995883,0.4800378384325544,2819394.7257104274,3331001.491164863,0.3988627618880293,0.471240313569211,2.364583333333333,39,39,35,52200.34824218752,112415.234375,361213.5,627162.0500000004,574961.7017578129,1022884.3125,0.4657943122133845,35,102833.74815644276,47199.4685386509,60029.05268005455,189763.54177815013,417956.7134729472,370757.2449342963,616036.82131511,0.4504180868504328,0.887070916635232,0.887070916635232,1.0000000000000928,0.0875340941178463,0.579354816892865,0.0283998807924216,0.2828166830584208,0.0122093216713577,0.4152455350422699,0.0011208095833615,0.2868823371230941,0.0047136672336205,0.2496412545104766,0.0,8.807236319728615,0.2505945236625854,8.152946169501263,0.158464420603238,5.235763210178148,0.0395965391563604,1.578511537206689,0.005153752403117,3.877119166709144,0.0179326652955251,3.75307728209759,0.0,0.9167673677924429,0.9167673677924429,0.10256410256410253,0.6887845155981158,0.6887845155981158,0.6887845155981158,0.6887845155981158,0.6836639318724687,0.6836639318724687,0.6836639318724687,0.6836639318724687
C26,70.0,100.0,1500.0,220.0,235.0,3.0,15.0,Tb,,,Harmonized_irBT,Harmonized_irBT,cold,220.0,235.0,K,1.0,K,,,,38,38,33,219119.2109375,1996.3258911132812,111279.9375,387125.9609375,641118.9562500006,980809.646875,639122.6303588874,1019799.3125,0.4851143843623527,0.9968861848933775,0.9968861848933775,0.2,0.1006350141756763,0.029518082516311,0.1722523783822268,0.0367681804175875,0.0282784990436329,1.539249197172401,0.8716242087368186,0.4440420012631704,0.1725757293230292,0.3691285277026402,0.2598303190648408,1.0000000000233058,0.7948113647976379,0.2778310831171613,0.9187556329296472,0.2975153632900137,0.2569991099868104,8.720818782925097,8.316823425370432,5.101974504110408,1.4241708280962284,3.640441361476833,3.527057762019504,33,103543.21824721164,47372.894560838846,61428.28535907092,194611.587398404,430317.25905434246,476551.05996944674,382944.3644935036,617987.8640647244,0.4583860095472905,0.889911702205613,0.889911702205613,0.0,0.0,0.0,0.0,0.0,0.0,0.0,0.0,0.0,0.0,0.0,0.0,0.0872446923350893,0.0129281414828157,0.0114417719499725,0.0003948149868461,0.0036437124788065,0.0,0.2221021258685642,0.0427921905492338,0.0306111296309461,0.0011097633528243,0.0099578585236302,0.0,0.1428571428571428,0.0567613026370567,0.0153061668736382,0.1230269323303129,0.0191557466491296,0.0118828335099537,1.0008206085593574,0.4425506123184898,0.1738545039264976,0.9186743470993372,0.1980774816626228,0.152307504559089,0.0,0.0,0.0,0.0,0.0,0.0,0.0092895822983023,0.0018872507897623,0.0013201273232264,5.0011980416769314e-05,0.000436416106214,0.0,3572645.033330489,0.5054258817486724,3274030.05750099,0.4631805044290888,3393187.529995883,0.4800378384325544,2819394.7257104274,3331001.491164863,0.3988627618880293,0.471240313569211,2.3697916666666665,38,38,33,1996.3258911132812,111279.9375,387125.9609375,641118.9562500006,639122.6303588874,1019799.3125,0.4851143843623527,33,103543.21824721164,47372.894560838846,61428.28535907092,194611.587398404,430317.25905434246,382944.3644935036,617987.8640647244,0.4583860095472905,0.889911702205613,0.889911702205613,1.0000000000233058,0.0872446923350893,0.7948113647976379,0.0129281414828157,0.2778310831171613,0.0114417719499725,0.9187556329296472,0.0003948149868461,0.2975153632900137,0.0036437124788065,0.2569991099868104,0.0,8.720818782925097,0.2221021258685642,8.316823425370432,0.0427921905492338,5.101974504110408,0.0306111296309461,1.4241708280962284,0.0011097633528243,3.640441361476833,0.0099578585236302,3.527057762019504,0.0,0.9968861848933775,0.9968861848933775,0.13157894736842102,0.7125485017059713,0.7125485017059713,0.7125485017059713,0.7125485017059713,0.6843544303797469,0.6843544303797469,0.6843544303797469,0.6843544303797469
C27,0.0,100.0,1500.0,220.0,235.0,3.0,15.0,Tb,,,Harmonized_irBT,Harmonized_irBT,cold,220.0,235.0,K,1.0,K,,,,48,48,35,166463.703125,734.5723022460937,54490.41320800781,305143.1015625,468724.5281250001,792636.7562499995,467989.955822754,1244344.5,0.5504039098912066,0.9984328272617085,0.9984328272617085,0.4285714285714285,0.3219512195121951,0.0365187867683398,0.3258249218280132,0.0653602229562771,0.0300406538110336,1.228852065507953,1.0249447772474367,0.6159752788132368,0.338921606734517,0.390000176358426,0.3641685605872085,1.0001705565529146,0.9898333333317102,0.3861627297662743,0.8848580878600374,0.4096484379938969,0.3399844976689119,16.059856978066758,11.683979246255506,9.353110075958805,0.923051263783034,4.885932815573168,4.0793414962600885,35,93773.25017488668,52675.24386406187,63781.63682781323,174004.77255553077,296699.35488878604,560194.2745257721,244024.11102472417,759998.5609110647,0.4623331440965398,0.8224625601770974,0.8224625601770974,0.0,0.0,0.0,0.0,0.0,0.0,0.0,0.0,0.0,0.0,0.0,0.0,0.5899065572975466,0.169628813708367,0.0192335631236953,0.0592027279610685,0.0346158155698535,0.0,4.504764497031178,0.917643312973239,0.1188257883702526,0.3969833734422244,0.2228589267568356,0.0,0.4285714285714285,0.2963892072420588,0.0159023106873277,0.3271278898773896,0.0481040989334869,0.0158292132378354,1.0001345435044429,0.9898333333317102,0.2448025496586284,0.8794085803343645,0.2909716285883247,0.2107726478219395,0.0,0.0,0.0,0.0,0.0,0.0,0.3864463176311281,0.0339394026583663,0.0044154785959277,0.0279339800815685,0.014570832993327,0.0,4323817.302051239,0.6116950192424154,3694737.771665197,0.5226984709234227,4135545.740600429,0.5850600417770591,2586578.8173239566,3915873.988711316,0.3659260484212411,0.5539828460696736,2.7416666666666667,48,48,35,734.5723022460937,54490.41320800781,305143.1015625,468724.5281250001,467989.955822754,1244344.5,0.5504039098912066,35,93773.25017488668,52675.24386406187,63781.63682781323,174004.77255553077,296699.35488878604,244024.11102472417,759998.5609110647,0.4623331440965398,0.8224625601770974,0.8224625601770974,1.0001705565529146,0.5899065572975466,0.9898333333317102,0.169628813708367,0.3861627297662743,0.0192335631236953,0.8848580878600374,0.0592027279610685,0.4096484379938969,0.0346158155698535,0.3399844976689119,0.0,16.059856978066758,4.504764497031178,11.683979246255506,0.917643312973239,9.353110075958805,0.1188257883702526,0.923051263783034,0.3969833734422244,4.885932815573168,0.2228589267568356,4.0793414962600885,0.0,0.9984328272617085,0.9984328272617085,0.27083333333333337,0.8214266915129753,0.8214266915129753,0.8214266915129753,0.8214266915129753,0.6334489227445852,0.6334489227445852,0.6334489227445852,0.6334489227445852
C27,10.0,100.0,1500.0,220.0,235.0,3.0,15.0,Tb,,,Harmonized_irBT,Harmonized_irBT,cold,220.0,235.0,K,1.0,K,,,,48,48,38,188321.171875,864.222998046875,115621.984375,324247.1484375,478151.4718750001,843727.4531249994,477287.2488769532,1227933.875,0.5020422457916551,0.9981925748452516,0.9981925748452516,0.4285714285714285,0.3219512195121951,0.0397558689720968,0.3356614385589256,0.0692961203113088,0.0329418658617177,2.1452868616389646,1.3269424758594517,0.6804207759236129,0.3492237935971742,0.5116324601020841,0.3764511488103879,1.0001705565529146,0.9898333333317102,0.4195193297444919,0.9032741981647028,0.41477424703854,0.3736126045981613,19.41397895198368,16.2685474964674,9.542912103920449,0.9428069975158246,5.543407158937239,4.208818414099179,38,104021.04418134056,52995.73471908997,61753.83975124658,169088.60110648873,267188.4778242549,520968.7657105283,214192.74310516493,694080.3183830642,0.4401153176427009,0.8016541164101085,0.8016541164101085,0.0,0.0,0.0,0.0,0.0,0.0,0.0,0.0,0.0,0.0,0.0,0.0,0.1902028962252519,0.0328536419411331,0.0046368034127061,0.0111398766359173,0.0080330226559353,0.0,0.9630454938124594,0.1646903964325263,0.0226958374583406,0.0557376745137146,0.0396906643477239,0.0,0.4285714285714285,0.2963892072420588,0.0192908136046687,0.3375245653167151,0.0515927889185293,0.016894891412746,1.0001345435044429,0.9898333333317102,0.2659729640863112,0.9032395589484598,0.301063145126663,0.2388727657152706,0.0,0.0,0.0,0.0,0.0,0.0,0.0438309360160508,0.0122860898596676,0.0011130864099947,0.0026677827766735,0.0019907264636552,0.0,4323817.302051239,0.6116950192424154,3471313.111430473,0.4910903472923263,4135545.740600429,0.5850600417770591,3345024.382425159,3982830.859010242,0.4732241468674476,0.563455305520373,2.4479166666666665,48,48,38,864.222998046875,115621.984375,324247.1484375,478151.4718750001,477287.2488769532,1227933.875,0.5020422457916551,38,104021.04418134056,52995.73471908997,61753.83975124658,169088.60110648873,267188.4778242549,214192.74310516493,694080.3183830642,0.4401153176427009,0.8016541164101085,0.8016541164101085,1.0001705565529146,0.1902028962252519,0.9898333333317102,0.0328536419411331,0.4195193297444919,0.0046368034127061,0.9032741981647028,0.0111398766359173,0.41477424703854,0.0080330226559353,0.3736126045981613,0.0,19.41397895198368,0.9630454938124594,16.2685474964674,0.1646903964325263,9.542912103920449,0.0226958374583406,0.9428069975158246,0.0557376745137146,5.543407158937239,0.0396906643477239,4.208818414099179,0.0,0.9981925748452516,0.9981925748452516,0.20833333333333337,0.6434140286748378,0.6434140286748378,0.6434140286748378,0.6434140286748378,0.6347841347841348,0.6347841347841348,0.6347841347841348,0.6347841347841348
C27,20.0,100.0,1500.0,220.0,235.0,3.0,15.0,Tb,,,Harmonized_irBT,Harmonized_irBT,cold,220.0,235.0,K,1.0,K,,,,53,53,44,189582.828125,1271.99794921875,112859.8515625,255555.296875,452051.51875000016,732037.3874999994,450779.52080078144,1227933.875,0.4767105842294771,0.9971861659645873,0.9971861659645873,0.45,0.3548780487804878,0.0364622951249455,0.379004376064396,0.0645958610254687,0.0324321734090921,1.3939407714431085,1.0724900673441244,0.5470324624415217,0.3954300048573759,0.4321629323697243,0.375,1.0001705565529146,0.9399999999989728,0.3040499488773281,0.8954319128385426,0.3175423777931971,0.2478481154739993,13.471188831750744,11.26408959150516,6.4330364634351,1.0288402310268971,4.212553211404927,3.163061809657502,44,74345.96501207261,49181.497876533394,58286.80133497044,151234.09513964583,279094.11958696507,472687.41190212977,229912.62171043167,728424.2766749637,0.4495254932241816,0.8237816764132555,0.8237816764132555,0.0,0.0,0.0,0.0,0.0,0.0,0.0,0.0,0.0,0.0,0.0,0.0,0.1214946926679147,0.0256394469751227,0.0058856291621176,0.0063093582755766,0.0050244547229926,0.0,0.2712493323699522,0.0659813698412496,0.0185886276063737,0.0146565044219301,0.0137496215106544,0.0,0.4285714285714285,0.265214589873488,0.0175254693060105,0.3611852664569326,0.0419719181579481,0.0167803371700625,1.0001345435044429,0.9399999999989728,0.2074682908761408,0.8953929651154604,0.2338153151323083,0.1598743720346251,0.0,0.0,0.0,0.0,0.0,0.0,0.0217510218636078,0.0016607630031236,0.0008231275463515,0.0011303735175436,0.0008517730135349,0.0,4329702.859419815,0.6125276552851353,3359515.712752824,0.4752742507373368,4078725.877345731,0.5770216754634674,1106652.944073394,1682982.5483128077,0.1565593656324261,0.2380933259567803,2.175,53,53,44,1271.99794921875,112859.8515625,255555.296875,452051.51875000016,450779.52080078144,1227933.875,0.4767105842294771,44,74345.96501207261,49181.497876533394,58286.80133497044,151234.09513964583,279094.11958696507,229912.62171043167,728424.2766749637,0.4495254932241816,0.8237816764132555,0.8237816764132555,1.0001705565529146,0.1214946926679147,0.9399999999989728,0.0256394469751227,0.3040499488773281,0.0058856291621176,0.8954319128385426,0.0063093582755766,0.3175423777931971,0.0050244547229926,0.2478481154739993,0.0,13.471188831750744,0.2712493323699522,11.26408959150516,0.0659813698412496,6.4330364634351,0.0185886276063737,1.0288402310268971,0.0146565044219301,4.212553211404927,0.0137496215106544,3.163061809657502,0.0,0.9971861659645873,0.9971861659645873,0.16981132075471694,0.558374046859599,0.558374046859599,0.558374046859599,0.558374046859599,0.6145921904637321,0.6145921904637321,0.6145921904637321,0.6145921904637321
C27,30.0,100.0,1500.0,220.0,235.0,3.0,15.0,Tb,,,Harmonized_irBT,Harmonized_irBT,cold,220.0,235.0,K,1.0,K,,,,49,49,42,196220.921875,2006.3132080078133,118474.21875,302563.34375,465072.16875000007,839165.4124999974,463065.8555419922,1227933.875,0.4612095436188281,0.9956860174768137,0.9956860174768137,0.45,0.2669133673353949,0.0346312000441819,0.3846358306156157,0.0569070617203868,0.0298668131407121,1.426228292922339,1.0155044173904857,0.5163958063155122,0.399432414121339,0.3887157355582208,0.364207728714092,0.9999999999985804,0.8005287013553848,0.351549311349448,0.9075148649010272,0.31899401127876,0.2770835186881919,13.225705739864626,11.313321276551138,6.603795020961231,1.035163437531509,4.286402461907873,3.1252372925906324,42,86661.1228673188,49725.54099463665,58049.40070161629,168910.5506314731,293923.7458171538,493045.50538155215,244198.20482251712,726999.8728748388,0.4468441846158222,0.8308216273700789,0.8308216273700789,0.0,0.0,0.0,0.0,0.0,0.0,0.0,0.0,0.0,0.0,0.0,0.0,0.1062373255075653,0.0177860440066854,0.0043049725576373,0.0061853336605955,0.0042804869509579,0.0,0.2122924185702417,0.0402892759663235,0.0130823742241015,0.0128961880720514,0.0107165892744924,0.0,0.4285714285714285,0.1787190406926362,0.0161114167210913,0.3668539863811512,0.0357236003790938,0.0154433058438144,1.0000000000022484,0.7140237491337781,0.2107404378244302,0.907476338212558,0.2216812996132869,0.1603157190722438,0.0,0.0,0.0,0.0,0.0,0.0,0.0176507159864681,0.0009811968662392,0.0005981511945621,0.0010331221823756,0.0007020280280339,0.0,4329702.859419815,0.6125276552851353,3414885.45380545,0.4831074667251089,4078725.877345731,0.5770216754634674,3057621.240670808,3512085.186455082,0.4325649196049181,0.4968584159859087,2.220833333333332,49,49,42,2006.3132080078133,118474.21875,302563.34375,465072.16875000007,463065.8555419922,1227933.875,0.4612095436188281,42,86661.1228673188,49725.54099463665,58049.40070161629,168910.5506314731,293923.7458171538,244198.20482251712,726999.8728748388,0.4468441846158222,0.8308216273700789,0.8308216273700789,0.9999999999985804,0.1062373255075653,0.8005287013553848,0.0177860440066854,0.351549311349448,0.0043049725576373,0.9075148649010272,0.0061853336605955,0.31899401127876,0.0042804869509579,0.2770835186881919,0.0,13.225705739864626,0.2122924185702417,11.313321276551138,0.0402892759663235,6.603795020961231,0.0130823742241015,1.035163437531509,0.0128961880720514,4.286402461907873,0.0107165892744924,3.1252372925906324,0.0,0.9956860174768137,0.9956860174768137,0.1428571428571429,0.6084316848114553,0.6084316848114553,0.6084316848114553,0.6084316848114553,0.6563305223705787,0.6563305223705787,0.6563305223705787,0.6563305223705787
C27,40.0,100.0,1500.0,220.0,235.0,3.0,15.0,Tb,,,Harmonized_irBT,Harmonized_irBT,cold,220.0,235.0,K,1.0,K,,,,51,51,44,194013.984375,5892.35595703125,119478.18359375,265969.6015625,454934.84375,754146.359375,449042.4877929688,1228497.125,0.4572456070459008,0.9870479123813404,0.9870479123813404,0.45,0.0954603256152338,0.0349023519177169,0.3967706231664337,0.0505084570400125,0.0302144944813551,1.1095339971540863,1.0635153912692688,0.5283593024271391,0.4321257777617719,0.3913235954534491,0.3789550694760881,0.9999999999985804,0.6297426544566483,0.342154148214926,0.9149921191131124,0.2914652769149246,0.2389752078542657,11.351731320443117,10.19752977115212,6.3398812929631685,1.123902225412471,3.9184793314624313,3.1252372925906324,44,82704.44564474974,48534.58115064336,59998.06423373156,154953.37172886077,286698.8532087428,474128.6315804506,238164.27205809945,725456.7687580369,0.4489204063000772,0.8307123289561755,0.8307123289561755,0.0,0.0,0.0,0.0,0.0,0.0,0.0,0.0,0.0,0.0,0.0,0.0,0.6491652313996292,0.0315528040409654,0.0087267169687163,0.037623942807345,0.0175472113732808,0.0,3.566233086563079,0.0994274481727039,0.042096846403755,0.1971162586853228,0.0896878298217385,0.0,0.4285714285714285,0.0531585465859927,0.0166989760861868,0.3543211055025891,0.0286317882276372,0.0143297303874311,0.9999999999977832,0.4506715233597813,0.2032753085419214,0.8745367179850398,0.1939489247481992,0.136133306633127,0.0,0.0,0.0,0.0,0.0,0.0,0.4375021830994479,0.0033345404992611,0.002457581903666,0.0240130273554831,0.0103485773851254,0.0,4451805.918508288,0.6298017045478663,3523604.0630192906,0.4984880036695168,4185296.010827704,0.5920982652675733,1044750.728926301,1099867.2426366918,0.1478019936066503,0.1555993852537622,2.197916666666667,51,51,44,5892.35595703125,119478.18359375,265969.6015625,454934.84375,449042.4877929688,1228497.125,0.4572456070459008,44,82704.44564474974,48534.58115064336,59998.06423373156,154953.37172886077,286698.8532087428,238164.27205809945,725456.7687580369,0.4489204063000772,0.8307123289561755,0.8307123289561755,0.9999999999985804,0.6491652313996292,0.6297426544566483,0.0315528040409654,0.342154148214926,0.0087267169687163,0.9149921191131124,0.037623942807345,0.2914652769149246,0.0175472113732808,0.2389752078542657,0.0,11.351731320443117,3.566233086563079,10.19752977115212,0.0994274481727039,6.3398812929631685,0.042096846403755,1.123902225412471,0.1971162586853228,3.9184793314624313,0.0896878298217385,3.1252372925906324,0.0,0.9870479123813404,0.9870479123813404,0.13725490196078427,0.5507825597668013,0.5507825597668013,0.5507825597668013,0.5507825597668013,0.6127992339610597,0.6127992339610597,0.6127992339610597,0.6127992339610597
C27,50.0,100.0,1500.0,220.0,235.0,3.0,15.0,Tb,,,Harmonized_irBT,Harmonized_irBT,cold,220.0,235.0,K,1.0,K,,,,48,48,42,194153.234375,50158.16142578126,129892.31640625,260535.15234375,448664.98125000007,839967.5437499993,398506.8198242188,1227933.875,0.4525270178510179,0.8882057581448892,0.8882057581448892,0.45,0.09866562697633,0.0331568334729776,0.3980457029662413,0.0516745620521047,0.0300842283547218,1.4376033459519224,1.0329941728966603,0.5087671962624521,0.4334826055583,0.3813285753466249,0.3375558024009185,0.9999999999985804,0.595810577328099,0.3489187297259635,0.9179260097069836,0.2952370171481077,0.2440146810293193,11.78339682591342,10.273318475121396,6.702055568704633,1.1273058881969138,3.966351962791506,3.103410447004133,42,92882.99779980864,49434.72521877782,62653.98381938104,146609.72863576823,249608.96092438037,496640.1466382561,200174.2357056025,734260.3755782531,0.4379458984933757,0.8019513200339222,0.8019513200339222,0.0,0.0,0.0,0.0,0.0,0.0,0.0,0.0,0.0,0.0,0.0,0.0,0.0269849339449479,0.0078229334686955,0.0030712241730395,0.000423661527754,0.0014496655873174,0.0,0.1325547244498872,0.0235439355214069,0.0114967568699695,0.0013586550849848,0.0051914843235033,0.0,0.4285714285714285,0.0510082443364227,0.0153790867380909,0.3554597425490106,0.0287245723446632,0.0135754217508506,0.9999999999977832,0.4775697702582572,0.1987755075195099,0.8773460664641402,0.1940973402345744,0.1565475098175981,0.0,0.0,0.0,0.0,0.0,0.0,0.0077725883702756,0.0008128044189638,0.0004885678586422,7.918008767226243e-05,0.0002637414907224,0.0,4329702.859419815,0.6125276552851353,3527059.725988553,0.4989768799745992,4078725.877345731,0.5770216754634674,3057621.240670804,3512085.186455082,0.4325649196049175,0.4968584159859087,2.3125,48,48,42,50158.16142578126,129892.31640625,260535.15234375,448664.98125000007,398506.8198242188,1227933.875,0.4525270178510179,42,92882.99779980864,49434.72521877782,62653.98381938104,146609.72863576823,249608.96092438037,200174.2357056025,734260.3755782531,0.4379458984933757,0.8019513200339222,0.8019513200339222,0.9999999999985804,0.0269849339449479,0.595810577328099,0.0078229334686955,0.3489187297259635,0.0030712241730395,0.9179260097069836,0.000423661527754,0.2952370171481077,0.0014496655873174,0.2440146810293193,0.0,11.78339682591342,0.1325547244498872,10.273318475121396,0.0235439355214069,6.702055568704633,0.0114967568699695,1.1273058881969138,0.0013586550849848,3.966351962791506,0.0051914843235033,3.103410447004133,0.0,0.8882057581448892,0.8882057581448892,0.125,0.5014403421659197,0.5014403421659197,0.5014403421659197,0.5014403421659197,0.5726478426609991,0.5726478426609991,0.5726478426609991,0.5726478426609991
C27,60.0,100.0,1500.0,220.0,235.0,3.0,15.0,Tb,,,Harmonized_irBT,Harmonized_irBT,cold,220.0,235.0,K,1.0,K,,,,45,45,40,198504.15625,70789.75,131954.046875,363454.5625,475116.2625,1156732.874999999,404326.5125,1230184.0,0.4709709079046089,0.8510054157533704,0.8510054157533704,0.45,0.092558001986815,0.0325360925307562,0.4118625944182852,0.0508284125619068,0.0279369930311741,1.5126092190364069,1.0919628245057456,0.5483805938407513,0.448512307004337,0.4073782081988966,0.3167293512575727,0.9999999999985804,0.5796949341180727,0.3435867836019238,0.9497684647164638,0.2959496580819997,0.2489986361138235,14.69252988484656,10.918359765224093,7.247465130002282,1.1660733495424849,4.151244462487543,3.0049405359389008,40,98165.16189193832,49240.84803487193,64736.185207758,187615.74220116832,320079.3605969468,577593.7626120199,270838.5125620749,751867.5892186853,0.4588315557864498,0.8461605023734178,0.8461605023734178,0.0,0.0,0.0,0.0,0.0,0.0,0.0,0.0,0.0,0.0,0.0,0.0,0.110514305828755,0.0322568519424343,0.0187547757155613,0.0014119236105764,0.0060728932928181,0.0,0.3494270959006468,0.1581062644863418,0.0620291970311945,0.0056764746850643,0.0219233246064249,0.0,0.4285714285714285,0.0569661129570858,0.0181169864531048,0.3678018602711922,0.0305870112723078,0.0158986041807588,0.9999999999977832,0.4714193514607915,0.2380661380449996,0.907789264898748,0.2041039245955895,0.1513399469852221,0.0,0.0,0.0,0.0,0.0,0.0,0.0133368107942856,0.0094864730911758,0.0026736244640914,0.0003882715523946,0.0011557152005799,0.0,4368033.17001345,0.6179502849751128,3879472.55826368,0.5488330970995784,4078725.877345731,0.5770216754634674,4156964.2235755175,4329702.859419815,0.5880901372784058,0.6125276552851353,2.3125,45,45,40,70789.75,131954.046875,363454.5625,475116.2625,404326.5125,1230184.0,0.4709709079046089,40,98165.16189193832,49240.84803487193,64736.185207758,187615.74220116832,320079.3605969468,270838.5125620749,751867.5892186853,0.4588315557864498,0.8461605023734178,0.8461605023734178,0.9999999999985804,0.110514305828755,0.5796949341180727,0.0322568519424343,0.3435867836019238,0.0187547757155613,0.9497684647164638,0.0014119236105764,0.2959496580819997,0.0060728932928181,0.2489986361138235,0.0,14.69252988484656,0.3494270959006468,10.918359765224093,0.1581062644863418,7.247465130002282,0.0620291970311945,1.1660733495424849,0.0056764746850643,4.151244462487543,0.0219233246064249,3.0049405359389008,0.0,0.8510054157533704,0.8510054157533704,0.11111111111111116,0.6369448605422308,0.6369448605422308,0.6369448605422308,0.6369448605422308,0.6549533400115992,0.6549533400115992,0.6549533400115992,0.6549533400115992
C27,70.0,100.0,1500.0,220.0,235.0,3.0,15.0,Tb,,,Harmonized_irBT,Harmonized_irBT,cold,220.0,235.0,K,1.0,K,,,,44,44,39,194606.96875,60619.42890625,130943.0078125,418188.671875,523632.1187500002,1175954.0843750006,463012.6898437502,1233650.75,0.4808594609587682,0.8842327910462043,0.8842327910462043,0.45,0.0950820597319443,0.0326323654604886,0.4118639381336318,0.0510420871890735,0.0287721920722681,1.4538526139942074,1.0879371413727748,0.5375592678332458,0.4485059652912416,0.3984600468394723,0.2963616001148381,0.9999999999985804,0.6226036749826451,0.3334484060654126,0.9497850207783534,0.2945773105552871,0.256884337014042,14.363491921133743,11.21970421824702,7.155931570429846,1.1661271350975977,4.066015863952798,3.3055441700578303,39,96681.40793347494,49153.80113597542,63593.69465974119,191028.37630563416,372220.453035962,572624.1760204731,323066.6518999865,754103.1118494369,0.4706907796346662,0.8679443842081767,0.8679443842081767,0.0,0.0,0.0,0.0,0.0,0.0,0.0,0.0,0.0,0.0,0.0,0.0,0.1106292369855677,0.0176631724022824,0.0175761343341268,0.0007808928515767,0.0048898811091867,0.0,0.3190390149272627,0.0477112663470046,0.0507328187088578,0.0019845186911533,0.0137585016208655,0.0,0.4285714285714285,0.0551888783272802,0.0177539236902661,0.367801806112121,0.0305031797182438,0.0150659214661473,0.9999999999977832,0.4900823753856024,0.2347427293846787,0.9077954448119662,0.2025597114097127,0.1626877282742371,0.0,0.0,0.0,0.0,0.0,0.0,0.0121097879793097,0.0029532942120972,0.0020663610402729,0.00011837327736,0.0006153103596177,0.0,4395937.63612562,0.6218979593894169,3900994.409431193,0.5518778162087319,4078725.877345731,0.5770216754634674,4156964.2235755175,4329702.859419815,0.5880901372784058,0.6125276552851353,2.3125,44,44,39,60619.42890625,130943.0078125,418188.671875,523632.1187500002,463012.6898437502,1233650.75,0.4808594609587682,39,96681.40793347494,49153.80113597542,63593.69465974119,191028.37630563416,372220.453035962,323066.6518999865,754103.1118494369,0.4706907796346662,0.8679443842081767,0.8679443842081767,0.9999999999985804,0.1106292369855677,0.6226036749826451,0.0176631724022824,0.3334484060654126,0.0175761343341268,0.9497850207783534,0.0007808928515767,0.2945773105552871,0.0048898811091867,0.256884337014042,0.0,14.363491921133743,0.3190390149272627,11.21970421824702,0.0477112663470046,7.155931570429846,0.0507328187088578,1.1661271350975977,0.0019845186911533,4.066015863952798,0.0137585016208655,3.3055441700578303,0.0,0.8842327910462043,0.8842327910462043,0.11363636363636365,0.6868805478986291,0.6868805478986291,0.6868805478986291,0.6868805478986291,0.6670981772990887,0.6670981772990887,0.6670981772990887,0.6670981772990887
C3,0.0,100.0,1500.0,220.0,235.0,3.0,15.0,Tb,,,Harmonized_irBT,Harmonized_irBT,cold,220.0,235.0,K,1.0,K,,,,22,22,15,219707.75,2101.940966796875,19613.92822265625,456849.109375,526980.475,629488.575,524878.5340332031,676216.3125,0.48796772278099,0.9960113494398499,0.9960113494398499,0.1053366150070843,0.0987223713287259,0.0284876509919669,0.0009041693023052,0.0286592659072805,0.0229837572061773,1.1129095706368324,0.8901680522140449,0.4899013547517369,0.0024146130442367,0.3277586466787384,0.3094867399992905,0.9999519455556134,0.7880972694130425,0.2074954123692315,0.2399980967565632,0.2574084810108433,0.1985778906620484,12.964909490038863,9.254507335225068,5.422838403320075,0.7459294466148486,3.874287487576273,3.5353499864021174,15,161497.50995221848,42007.66252116203,51696.34439913012,276382.6038731188,300746.50273311575,315980.75704907643,258738.8402119537,320930.2827129118,0.3728242179530997,0.8603220248966955,0.8603220248966955,0.0,0.0,0.0,0.0,0.0,0.0,0.0,0.0,0.0,0.0,0.0,0.0,0.0160308982013442,0.007535759731181,0.0002882656553928,0.0027347904948502,0.0014992870548024,0.0,0.0269095397466391,0.012981027074995,0.0004844826013808,0.004538743487966,0.0025053168566118,0.0,0.0448264004588748,0.0182546811962583,0.0109298619119012,0.0004604531116383,0.0097995916389707,0.008840170604787,0.9906851066509422,0.5069036562566772,0.1223631659822825,0.1736602421356592,0.1761851448099377,0.1190675146839801,0.0,0.0,0.0,0.0,0.0,0.0,0.0026230114982371,0.0010684882503554,3.8296819733232825e-05,0.0004183593923429,0.0002196363093826,0.0,3884890.6797919776,0.5495996044982461,2777500.0529618505,0.392935878103893,3594417.218519337,0.5085060158773101,3004163.395689994,3884890.6797919776,0.425002181582041,0.5495996044982461,3.388541666666667,22,22,15,2101.940966796875,19613.92822265625,456849.109375,526980.475,524878.5340332031,676216.3125,0.48796772278099,15,161497.50995221848,42007.66252116203,51696.34439913012,276382.6038731188,300746.50273311575,258738.8402119537,320930.2827129118,0.3728242179530997,0.8603220248966955,0.8603220248966955,0.9999519455556134,0.0160308982013442,0.7880972694130425,0.007535759731181,0.2074954123692315,0.0002882656553928,0.2399980967565632,0.0027347904948502,0.2574084810108433,0.0014992870548024,0.1985778906620484,0.0,12.964909490038863,0.0269095397466391,9.254507335225068,0.012981027074995,5.422838403320075,0.0004844826013808,0.7459294466148486,0.004538743487966,3.874287487576273,0.0025053168566118,3.5353499864021174,0.0,0.9960113494398499,0.9960113494398499,0.31818181818181823,0.9570669443801928,0.9570669443801928,0.9570669443801928,0.9570669443801928,0.8129536965254776,0.8129536965254776,0.8129536965254776,0.8129536965254776
C3,10.0,100.0,1500.0,220.0,235.0,3.0,15.0,Tb,,,Harmonized_irBT,Harmonized_irBT,cold,220.0,235.0,K,1.0,K,,,,25,25,18,207559.515625,1412.0928710937503,66972.25,340133.46875,516167.8625000001,613373.7374999997,514755.7696289063,676216.3125,0.4770767232148971,0.9972642758806128,0.9972642758806128,0.3571428571428571,0.1417754190608403,0.0433853229149639,0.2941324055209277,0.0547141415350699,0.0348211709284004,2.567922145913844,1.2568285439186342,0.6549368422988701,0.2943223552431608,0.5110780174983173,0.4010724704873127,1.0000087489033678,0.907979828512292,0.2336251131612319,0.889339175804917,0.2758087330499262,0.2443526110366685,13.17057904237098,13.006971984012369,5.7745844599861496,0.982905521499192,4.329141749647622,3.2579930586477035,18,89348.58016533905,38189.84658211549,45667.70137293164,227754.14728215104,276365.07308564364,306570.6199054368,238175.22650352816,308756.12474401336,0.4027958265817438,0.8618137735144241,0.8618137735144241,0.0,0.0,0.0,0.0,0.0,0.0,0.0,0.0,0.0,0.0,0.0,0.0,0.0628437237413371,0.0517151112816953,0.0078773381197687,0.0072009336815248,0.009533130733721,0.0,0.3131460269607855,0.1946480668628601,0.0387240709702375,0.0253787033830456,0.0402805046046789,0.0,0.3571428571428571,0.0509865186244409,0.0154872102231658,0.2941171857605654,0.0282557720738365,0.0130994159561498,1.0000036939819363,0.8828633315989841,0.1368010320826936,0.8888445923336007,0.2022263894076387,0.1155863364637455,0.0,0.0,0.0,0.0,0.0,0.0,0.0099180661142345,0.0083728929615214,0.0012073589278905,0.0013058320149564,0.001569335699162,0.0,3884890.6797919776,0.5495996044982461,2325731.659725596,0.3290237244005747,3594417.218519337,0.5085060158773101,3004163.395689994,3884890.6797919776,0.425002181582041,0.5495996044982461,3.1874999999999982,25,25,18,1412.0928710937503,66972.25,340133.46875,516167.8625000001,514755.7696289063,676216.3125,0.4770767232148971,18,89348.58016533905,38189.84658211549,45667.70137293164,227754.14728215104,276365.07308564364,238175.22650352816,308756.12474401336,0.4027958265817438,0.8618137735144241,0.8618137735144241,1.0000087489033678,0.0628437237413371,0.907979828512292,0.0517151112816953,0.2336251131612319,0.0078773381197687,0.889339175804917,0.0072009336815248,0.2758087330499262,0.009533130733721,0.2443526110366685,0.0,13.17057904237098,0.3131460269607855,13.006971984012369,0.1946480668628601,5.7745844599861496,0.0387240709702375,0.982905521499192,0.0253787033830456,4.329141749647622,0.0402805046046789,3.2579930586477035,0.0,0.9972642758806128,0.9972642758806128,0.28,0.8031000881914829,0.8031000881914829,0.8031000881914829,0.8031000881914829,0.7994868505452213,0.7994868505452213,0.7994868505452213,0.7994868505452213
C3,20.0,100.0,1500.0,220.0,235.0,3.0,15.0,Tb,,,Harmonized_irBT,Harmonized_irBT,cold,220.0,235.0,K,1.0,K,,,,32,32,20,145145.8515625,2341.715893554688,19793.3046875,332681.8203125,521478.00000000006,545407.546875,519136.2841064454,575067.6875,0.5452828491370676,0.9955094636905973,0.9955094636905973,0.1180556770836043,0.1083212834185147,0.0403673695463544,0.0001821482667981,0.0321583738381762,0.020079649916174,1.404112915028821,1.1487943033266526,0.6148836594006866,0.0014708104725213,0.3381147723023083,0.2612302278569427,0.9996045883942788,0.8611055488918459,0.2725537352933924,0.0766361103178152,0.2923588258185957,0.2841145270021931,11.870522636924242,10.962976672734564,6.257974388566144,0.325198682109468,4.250397728250436,3.969418144736652,20,74953.8557829136,42494.62883991796,48944.98469815908,206132.8427293875,258629.7597565524,265712.1978965388,216135.1309166345,308347.0730362584,0.3806128686007334,0.8356931975658252,0.8356931975658252,0.0,0.0,0.0,0.0,0.0,0.0,0.0,0.0,0.0,0.0,0.0,0.0,0.0084956145509359,0.0072360066042409,0.0002361764132757,0.0009962205246916,0.0007832663000043,0.0,0.0154844445702671,0.0130177996051631,0.0004279240176604,0.0018035885386487,0.0014186210378107,0.0,0.047740070297761,0.0411713526542744,0.0152998381851908,5.641171174123013e-05,0.0112305519969031,0.0082260123134223,0.9964021085414472,0.4999290496085798,0.1503153321411882,0.0828076197299191,0.1860062392060788,0.155273439672533,0.0,0.0,0.0,0.0,0.0,0.0,0.0009869392406366,0.0008516716605902,2.735211755976523e-05,0.0001175800589091,9.157457774543443e-05,0.0,3884890.679791981,0.5495996044982465,3181684.0453945594,0.4501162161610333,3500202.8708969867,0.4951774122023988,1208562.7492148578,2323121.5202570707,0.1709766538438002,0.3286544652018413,2.6375,32,32,20,2341.715893554688,19793.3046875,332681.8203125,521478.00000000006,519136.2841064454,575067.6875,0.5452828491370676,20,74953.8557829136,42494.62883991796,48944.98469815908,206132.8427293875,258629.7597565524,216135.1309166345,308347.0730362584,0.3806128686007334,0.8356931975658252,0.8356931975658252,0.9996045883942788,0.0084956145509359,0.8611055488918459,0.0072360066042409,0.2725537352933924,0.0002361764132757,0.0766361103178152,0.0009962205246916,0.2923588258185957,0.0007832663000043,0.2841145270021931,0.0,11.870522636924242,0.0154844445702671,10.962976672734564,0.0130177996051631,6.257974388566144,0.0004279240176604,0.325198682109468,0.0018035885386487,4.250397728250436,0.0014186210378107,3.969418144736652,0.0,0.9955094636905973,0.9955094636905973,0.375,0.9405037982871819,0.9405037982871819,0.9405037982871819,0.9405037982871819,0.7625561067800615,0.7625561067800615,0.7625561067800615,0.7625561067800615
C3,30.0,100.0,1500.0,220.0,235.0,3.0,15.0,Tb,,,Harmonized_irBT,Harmonized_irBT,cold,220.0,235.0,K,1.0,K,,,,32,32,20,141107.34375,1517.7467041015625,19793.3046875,327497.984375,527113.925,599752.0249999999,525596.1782958985,668626.9375,0.5667981255342702,0.9971206476776314,0.9971206476776314,0.3571428571428571,0.1113861996760992,0.0320545584443321,0.3124173632698979,0.0359825942495401,0.0176736084187597,1.2891260213079694,1.0866023297714154,0.5704408853700589,0.3126040668296295,0.3265502054187184,0.2855974707090271,0.9999999999995882,0.975427147518485,0.2703244875228959,0.8915331141078533,0.3364702150035287,0.2933595234287778,13.21357244081541,11.79171175275006,6.627814270108196,0.932851877575328,4.503957805344535,3.843523815737891,20,73979.92314540173,43051.71830857475,47854.18014414579,236787.37249507368,260117.9288266705,265697.5889069761,217066.2105180958,308424.9876472594,0.3957110548704969,0.8344915381159204,0.8344915381159204,0.0,0.0,0.0,0.0,0.0,0.0,0.0,0.0,0.0,0.0,0.0,0.0,0.0212437361825479,0.0154698733327402,0.0005135255458326,0.0022279049415741,0.0018204860998438,0.0,0.0275236268416791,0.0203878144318234,0.0006698114656613,0.0029115832864112,0.0023767936099649,0.0,0.3571428571428571,0.0433372883316921,0.013856810859276,0.3124034192491808,0.0211882090291396,0.0084869504394285,0.9999999999995882,0.781402835370253,0.1599809156361735,0.8864279007526416,0.2251631756771535,0.1425528825722077,0.0,0.0,0.0,0.0,0.0,0.0,0.0017522038830289,0.0015258386304046,4.488544277839909e-05,0.0002051638409846,0.0001633064276384,0.0,3884890.67979198,0.5495996044982464,2729720.8656307994,0.3861765058010926,3500202.8708969867,0.4951774122023988,3862704.494309457,3884890.67979198,0.5464609013090045,0.5495996044982463,2.6375,32,32,20,1517.7467041015625,19793.3046875,327497.984375,527113.925,525596.1782958985,668626.9375,0.5667981255342702,20,73979.92314540173,43051.71830857475,47854.18014414579,236787.37249507368,260117.9288266705,217066.2105180958,308424.9876472594,0.3957110548704969,0.8344915381159204,0.8344915381159204,0.9999999999995882,0.0212437361825479,0.975427147518485,0.0154698733327402,0.2703244875228959,0.0005135255458326,0.8915331141078533,0.0022279049415741,0.3364702150035287,0.0018204860998438,0.2933595234287778,0.0,13.21357244081541,0.0275236268416791,11.79171175275006,0.0203878144318234,6.627814270108196,0.0006698114656613,0.932851877575328,0.0029115832864112,4.503957805344535,0.0023767936099649,3.843523815737891,0.0,0.9971206476776314,0.9971206476776314,0.375,0.9395620564649467,0.9395620564649467,0.9395620564649467,0.9395620564649467,0.7979023136246787,0.7979023136246787,0.7979023136246787,0.7979023136246787
C3,40.0,100.0,1500.0,220.0,235.0,3.0,15.0,Tb,,,Harmonized_irBT,Harmonized_irBT,cold,220.0,235.0,K,1.0,K,,,,30,30,19,143125.546875,1406.247692871094,22022.5634765625,360627.375,529745.71875,599316.1843749997,528339.4710571289,668626.9375,0.5565072213211018,0.9973454288669112,0.9973454288669112,0.3571428571428571,0.105819239734958,0.0309423072032596,0.3117788487339551,0.034808987362404,0.0176727730352054,1.3004493168452362,0.6315154201776849,0.5487742276360601,0.3119446010745124,0.2953427168708695,0.2927505191366415,0.9999999999995882,0.885467707346627,0.2863288375028547,0.907667995393748,0.3583032636789857,0.3284473511686648,14.269346202771027,11.23077530656094,6.40618194982206,0.9824510687969052,4.250159824441458,3.4138806524975958,19,77174.42219644068,43036.13538637456,50332.838706613504,236694.84889451007,261925.54780189256,267075.7035890553,218889.412415518,307957.49998125364,0.3826681014049631,0.8356932504387661,0.8356932504387661,0.0,0.0,0.0,0.0,0.0,0.0,0.0,0.0,0.0,0.0,0.0,0.0,0.0,0.0,0.0,0.0,0.0,0.0,0.0,0.0,0.0,0.0,0.0,0.0,0.3571428571428571,0.0401032394418633,0.0127495944942109,0.3117654987344572,0.0212331635345219,0.0083267698173245,0.9999999999995882,0.7226082156203155,0.150414034109299,0.8967416534649618,0.2200503836230362,0.1305992558467103,0.0,0.0,0.0,0.0,0.0,0.0,0.0,0.0,0.0,0.0,0.0,0.0,3461697.470140317,0.4897300123213691,2738969.329956612,0.3874848958575033,3155617.71228419,0.446428584371882,1111101.3101790473,1316318.6562291607,0.1571886807030014,0.1862209962870686,2.809375,30,30,19,1406.247692871094,22022.5634765625,360627.375,529745.71875,528339.4710571289,668626.9375,0.5565072213211018,19,77174.42219644068,43036.13538637456,50332.838706613504,236694.84889451007,261925.54780189256,218889.412415518,307957.49998125364,0.3826681014049631,0.8356932504387661,0.8356932504387661,0.9999999999995882,0.0,0.885467707346627,0.0,0.2863288375028547,0.0,0.907667995393748,0.0,0.3583032636789857,0.0,0.3284473511686648,0.0,14.269346202771027,0.0,11.23077530656094,0.0,6.40618194982206,0.0,0.9824510687969052,0.0,4.250159824441458,0.0,3.4138806524975958,0.0,0.9973454288669112,0.9973454288669112,0.3666666666666667,0.9389326351706869,0.9389326351706869,0.9389326351706869,0.9389326351706869,0.7873513557996955,0.7873513557996955,0.7873513557996955,0.7873513557996955
C3,50.0,100.0,1500.0,220.0,235.0,3.0,15.0,Tb,,,Harmonized_irBT,Harmonized_irBT,cold,220.0,235.0,K,1.0,K,,,,30,30,19,143125.546875,1406.247692871094,22022.5634765625,360627.375,529290.4,597170.1749999997,527884.1523071289,668626.9375,0.5563199349920979,0.9973431452887279,0.9973431452887279,0.3571428571428571,0.1012907789951566,0.0299436332312517,0.3117784401040016,0.03433434649462,0.0176915854867701,1.2639256734022422,0.620428357072607,0.5388392058067257,0.3119437211768589,0.2931053818901464,0.2946254938069992,0.9999999999995882,0.885467707346627,0.2852120962982662,0.9076680929843548,0.3580949730311101,0.3284473511686648,14.27515347459544,11.2313901102761,6.377930651913553,0.9824502927263212,4.244521737156445,3.4138806524975958,19,77992.52561195064,43219.23472222679,50537.364560491,238272.61976727925,264204.55017367034,268573.6119855485,220985.31545144357,307334.1830932461,0.3823327040236738,0.836417523112992,0.836417523112992,0.0,0.0,0.0,0.0,0.0,0.0,0.0,0.0,0.0,0.0,0.0,0.0,0.0,0.0,0.0,0.0,0.0,0.0,0.0,0.0,0.0,0.0,0.0,0.0,0.3571428571428571,0.0396943755286142,0.0125699733575876,0.3117655251901861,0.0211745339499836,0.0083267698173245,0.9999999999995882,0.7226280509876932,0.1497442489542612,0.8967418195217766,0.2198926907356516,0.1293331714782631,0.0,0.0,0.0,0.0,0.0,0.0,0.0,0.0,0.0,0.0,0.0,0.0,3461697.470140317,0.4897300123213691,2738969.329956612,0.3874848958575033,3153886.060054691,0.4461836056945124,1111101.3101790473,1316318.6562291607,0.1571886807030014,0.1862209962870686,2.809375,30,30,19,1406.247692871094,22022.5634765625,360627.375,529290.4,527884.1523071289,668626.9375,0.5563199349920979,19,77992.52561195064,43219.23472222679,50537.364560491,238272.61976727925,264204.55017367034,220985.31545144357,307334.1830932461,0.3823327040236738,0.836417523112992,0.836417523112992,0.9999999999995882,0.0,0.885467707346627,0.0,0.2852120962982662,0.0,0.9076680929843548,0.0,0.3580949730311101,0.0,0.3284473511686648,0.0,14.27515347459544,0.0,11.2313901102761,0.0,6.377930651913553,0.0,0.9824502927263212,0.0,4.244521737156445,0.0,3.4138806524975958,0.0,0.9973431452887279,0.9973431452887279,0.3666666666666667,0.9389326351706869,0.9389326351706869,0.9389326351706869,0.9389326351706869,0.787901083180053,0.787901083180053,0.787901083180053,0.787901083180053
C3,60.0,100.0,1500.0,220.0,235.0,3.0,15.0,Tb,,,Harmonized_irBT,Harmonized_irBT,cold,220.0,235.0,K,1.0,K,,,,32,32,20,143800.1875,1517.7467041015625,19793.3046875,347270.1875,527265.13125,593073.2531249999,525747.3845458984,668626.9375,0.5596141944423199,0.9971214734027577,0.9971214734027577,0.3571428571428571,0.1022750614137256,0.0311722531422097,0.3064233146659034,0.0355416299304717,0.0188033930986834,1.3779682606910475,0.8356930511746208,0.524464865211798,0.3066184762475883,0.3166927772323819,0.3427230800036901,1.00049097664547,0.9932589743589068,0.2715173396930889,0.909250740389991,0.3812004529615096,0.3518116926135426,11.560230386803685,9.654538981782103,5.635074186209172,1.0091923442161026,4.1219484791586645,3.4138806524975958,20,90410.166740227,43675.03519658235,52451.14219320181,226449.0775478852,265289.51113185857,267473.06810516026,221614.47593527625,307295.2257877456,0.3727286603093382,0.8353684055949191,0.8353684055949191,0.0,0.0,0.0,0.0,0.0,0.0,0.0,0.0,0.0,0.0,0.0,0.0,0.0,0.0,0.0,0.0,0.0,0.0,0.0,0.0,0.0,0.0,0.0,0.0,0.3571428571428571,0.0548323722756326,0.0140468416159472,0.3064094869397596,0.0223053258032491,0.0100371461387867,0.9999999999995882,0.90816699562476,0.1494234388574293,0.8969948795047596,0.2460695939319463,0.1754262222666445,0.0,0.0,0.0,0.0,0.0,0.0,0.0,0.0,0.0,0.0,0.0,0.0,3548338.517573377,0.5019872131868188,2729720.8656307994,0.3861765058010926,3204361.092926384,0.4533243621249619,3517649.900165379,3548338.517573377,0.4976456619360286,0.5019872131868188,2.747916666666667,32,32,20,1517.7467041015625,19793.3046875,347270.1875,527265.13125,525747.3845458984,668626.9375,0.5596141944423199,20,90410.166740227,43675.03519658235,52451.14219320181,226449.0775478852,265289.51113185857,221614.47593527625,307295.2257877456,0.3727286603093382,0.8353684055949191,0.8353684055949191,1.00049097664547,0.0,0.9932589743589068,0.0,0.2715173396930889,0.0,0.909250740389991,0.0,0.3812004529615096,0.0,0.3518116926135426,0.0,11.560230386803685,0.0,9.654538981782103,0.0,5.635074186209172,0.0,1.0091923442161026,0.0,4.1219484791586645,0.0,3.4138806524975958,0.0,0.9971214734027577,0.9971214734027577,0.375,0.9430031560440241,0.9430031560440241,0.9430031560440241,0.9430031560440241,0.7683755537396242,0.7683755537396242,0.7683755537396242,0.7683755537396242
C3,70.0,100.0,1500.0,220.0,235.0,3.0,15.0,Tb,,,Harmonized_irBT,Harmonized_irBT,cold,220.0,235.0,K,1.0,K,,,,30,30,18,118354.640625,1406.247692871094,16007.1328125,360627.375,617610.175,656010.2593749999,616203.9273071289,763324.25,0.5944011453971363,0.9977230820511157,0.9977230820511157,0.3571428571428571,0.1009673532450843,0.0303999705129789,0.3064367940495853,0.0347181006765438,0.0165219116888728,1.0559519439556388,0.9380172220189058,0.5317352556695188,0.3066068793800894,0.3016138621334678,0.3108487142344541,1.00049097664547,0.9944846153844852,0.3199798013644495,0.9092789945555692,0.3947868471194235,0.3818699844509178,12.346941005790844,11.21031496352639,6.952546724109236,1.0090749892508664,4.456599879151426,3.4138806524975958,18,81284.41792674076,43006.91740724921,49173.85886797437,236022.83537462683,278949.8903056001,311913.61435482686,235942.9728983509,335987.2812888453,0.4020544382572788,0.8458256521982013,0.8458256521982013,0.0,0.0,0.0,0.0,0.0,0.0,0.0,0.0,0.0,0.0,0.0,0.0,0.0,0.0,0.0,0.0,0.0,0.0,0.0,0.0,0.0,0.0,0.0,0.0,0.3571428571428571,0.0445669241787114,0.0134522812556442,0.3064254435774559,0.0217722261161885,0.0088349839104252,0.9999999999995882,0.9089309383693666,0.17310521269996,0.8970350136110509,0.2545007314064483,0.1782047262669235,0.0,0.0,0.0,0.0,0.0,0.0,0.0,0.0,0.0,0.0,0.0,0.0,3548338.517573377,0.5019872131868188,3026202.5173442457,0.4281200794955323,3204361.092926384,0.4533243621249619,1932418.703392804,2150433.5242998376,0.2733813233495074,0.3042241112736397,2.809375,30,30,18,1406.247692871094,16007.1328125,360627.375,617610.175,616203.9273071289,763324.25,0.5944011453971363,18,81284.41792674076,43006.91740724921,49173.85886797437,236022.83537462683,278949.8903056001,235942.9728983509,335987.2812888453,0.4020544382572788,0.8458256521982013,0.8458256521982013,1.00049097664547,0.0,0.9944846153844852,0.0,0.3199798013644495,0.0,0.9092789945555692,0.0,0.3947868471194235,0.0,0.3818699844509178,0.0,12.346941005790844,0.0,11.21031496352639,0.0,6.952546724109236,0.0,1.0090749892508664,0.0,4.456599879151426,0.0,3.4138806524975958,0.0,0.9977230820511157,0.9977230820511157,0.4,0.9556130956156614,0.9556130956156614,0.9556130956156614,0.9556130956156614,0.7916563505818272,0.7916563505818272,0.7916563505818272,0.7916563505818272
C4,0.0,100.0,1500.0,220.0,235.0,3.0,15.0,Tb,,,Harmonized_irBT,Harmonized_irBT,cold,220.0,235.0,K,1.0,K,,,,42,42,37,170275.203125,16568.080566406283,91666.048828125,231172.07421875,369079.690625,415407.8421874999,352511.6100585937,476556.96875,0.361298325979605,0.9551097473330221,0.9551097473330221,0.5,0.1024213372622174,0.0345073989770106,0.4827222500059194,0.0553693002132624,0.0301269768677721,1.3620472885806525,1.1811488819610407,0.5244583214498237,0.482843874137317,0.4640884263477992,0.3749626836368981,1.0009548611160106,0.773635008782931,0.2642083383525774,0.9092657069970204,0.3094572402268807,0.259658741635318,22.32943582804665,11.295133247829876,6.12804782980554,0.9781731372222318,4.835115940555115,3.4172850774240158,37,53079.328744396975,33581.197341409315,43047.8225780247,101678.56735623936,155322.7770303932,178350.44031172385,121741.57968898388,186060.09107026787,0.3216685487431344,0.7837973413594181,0.7837973413594181,0.0,0.0,0.0,0.0,0.0,0.0,0.0,0.0,0.0,0.0,0.0,0.0,0.6052209250436066,0.0330413229339059,0.01834209831713,0.0139043380037955,0.0200003826704985,0.0,6.6148838592823775,0.2860861142074073,0.181520387594312,0.1423169603417106,0.2007214940290266,0.0,0.5,0.0518983287920401,0.0112943413377054,0.4827154747780658,0.0351197535268144,0.0101860495798517,1.0002864583359532,0.7591314455740799,0.1245635373556217,0.9092010813561682,0.1833018878492761,0.1061786390081477,0.0,0.0,0.0,0.0,0.0,0.0,0.1529298731538786,0.0067708326732081,0.0040823489230814,0.0034028833558939,0.0047895432582389,0.0,2749918.280667519,0.38903385552622377,2045032.0994367076,0.2893128599172875,2662118.253395821,0.3766126925538735,1832376.342867583,1999834.320561372,0.2592282245084671,0.2829186822063683,3.328125,42,42,37,16568.080566406283,91666.048828125,231172.07421875,369079.690625,352511.6100585937,476556.96875,0.361298325979605,37,53079.328744396975,33581.197341409315,43047.8225780247,101678.56735623936,155322.7770303932,121741.57968898388,186060.09107026787,0.3216685487431344,0.7837973413594181,0.7837973413594181,1.0009548611160106,0.6052209250436066,0.773635008782931,0.0330413229339059,0.2642083383525774,0.01834209831713,0.9092657069970204,0.0139043380037955,0.3094572402268807,0.0200003826704985,0.259658741635318,0.0,22.32943582804665,6.6148838592823775,11.295133247829876,0.2860861142074073,6.12804782980554,0.181520387594312,0.9781731372222318,0.1423169603417106,4.835115940555115,0.2007214940290266,3.4172850774240158,0.0,0.9551097473330221,0.9551097473330221,0.11904761904761907,0.6034726549999087,0.6034726549999087,0.6034726549999087,0.6034726549999087,0.5766283524904215,0.5766283524904215,0.5766283524904215,0.5766283524904215
C4,10.0,100.0,1500.0,220.0,235.0,3.0,15.0,Tb,,,Harmonized_irBT,Harmonized_irBT,cold,220.0,235.0,K,1.0,K,,,,43,43,40,171605.75,79786.359375,127944.59375,232699.4609375,375770.8875,400156.11875,295984.528125,467967.8125,0.3123910887467669,0.7876728559101056,0.7876728559101056,0.5,0.0965221366643791,0.034968574807937,0.4928471432384557,0.0453894978831802,0.0321286458791811,1.6600252762625929,1.2088158373780182,0.5704505459154003,0.4932018070819594,0.5111732198222473,0.4269831203111977,0.7792857142842239,0.5697265424644744,0.2609207114625751,0.7683014578012395,0.2638969751802545,0.2199651232354386,21.700226367802085,10.712103453822046,5.718888173586385,0.7716712105786084,4.857549377470198,3.3763838370038064,40,61435.67077424883,30509.41380269688,41737.88318057124,95873.9288366686,129248.6524589254,160458.32382799324,98739.23865622852,179573.6997044388,0.3098757326062404,0.7639479157247491,0.7639479157247491,0.0,0.0,0.0,0.0,0.0,0.0,0.0,0.0,0.0,0.0,0.0,0.0,0.003232917167848,0.0001359384883807,0.0002624855625006,5.851381485015465e-05,0.0001487921733865,0.0,0.004406168705867,0.0001775697958555,0.0003539739786057,7.750912333186564e-05,0.0001989391155744,0.0,0.5,0.0352624008298522,0.0131745706682597,0.4928291642781905,0.0243701559515683,0.0106923062681633,0.7792857142842239,0.3449222003939919,0.1308850101116475,0.7681887398050432,0.1379512218426436,0.1034159304510668,0.0,0.0,0.0,0.0,0.0,0.0,0.0001551988387687,7.095164030078102e-06,1.2399014099089076e-05,3.089841285249345e-06,7.427552984258106e-06,0.0,2749918.280667519,0.38903385552622377,2095831.938843005,0.2964995670726535,2662118.253395821,0.3766126925538735,1124015.656952452,1234255.0921924226,0.1590156870370372,0.1746113768522374,3.185416666666666,43,43,40,79786.359375,127944.59375,232699.4609375,375770.8875,295984.528125,467967.8125,0.3123910887467669,40,61435.67077424883,30509.41380269688,41737.88318057124,95873.9288366686,129248.6524589254,98739.23865622852,179573.6997044388,0.3098757326062404,0.7639479157247491,0.7639479157247491,0.7792857142842239,0.003232917167848,0.5697265424644744,0.0001359384883807,0.2609207114625751,0.0002624855625006,0.7683014578012395,5.851381485015465e-05,0.2638969751802545,0.0001487921733865,0.2199651232354386,0.0,21.700226367802085,0.004406168705867,10.712103453822046,0.0001775697958555,5.718888173586385,0.0003539739786057,0.7716712105786084,7.750912333186564e-05,4.857549377470198,0.0001989391155744,3.3763838370038064,0.0,0.7876728559101056,0.7876728559101056,0.06976744186046513,0.45017236724770826,0.45017236724770826,0.45017236724770826,0.45017236724770826,0.5646586753352296,0.5646586753352296,0.5646586753352296,0.5646586753352296
C4,20.0,100.0,1500.0,220.0,235.0,3.0,15.0,Tb,,,Harmonized_irBT,Harmonized_irBT,cold,220.0,235.0,K,1.0,K,,,,42,42,40,176708.046875,80574.56953125,119878.2578125,236633.02734375,377284.309375,401005.603125,296709.73984375,467967.8125,0.3085716474981301,0.7864354081813583,0.7864354081813583,0.1954095385562226,0.1030224403279157,0.0449453166974106,0.0026368130883175,0.0433751211187229,0.0332026520537796,2.1892086641451693,1.3397767448209668,0.6704424053409169,0.0327356770020995,0.5901970733605911,0.4865832221260794,0.6425841646789684,0.5410075972896764,0.2612965119231694,0.0163918317689152,0.2575538409244861,0.223326795798179,22.09019246620493,11.281927850936295,5.7424587648556,0.2790338319180879,5.085199162727463,3.797963227560738,40,62224.55621063345,32513.767170696305,41362.91911512917,96326.80751311162,125625.62304738125,150513.49766635953,93111.85587668492,171918.58917359548,0.2980654942798871,0.7411852265327008,0.7411852265327008,0.0,0.0,0.0,0.0,0.0,0.0,0.0,0.0,0.0,0.0,0.0,0.0,0.0289385714393003,0.0007146015649089,0.0003885567198552,0.0018076482014133,0.001080765068437,0.0,0.0289385714393003,0.0007146015649089,0.0003885567198552,0.0018076482014133,0.001080765068437,0.0,0.0789274406025039,0.0317940279142469,0.0153730490515997,0.0009714208210654,0.0152242041973067,0.0111320141767607,0.3827422181504047,0.3450055643431274,0.1309597018374013,0.0079395579501879,0.1279683992912214,0.1180942988710468,0.0,0.0,0.0,0.0,0.0,0.0,0.0017109324268782,2.8487032529228765e-05,1.9765380089710222e-05,9.83307439957162e-05,5.701682693657097e-05,0.0,2749918.280667519,0.38903385552622377,2167098.972626625,0.3065817899225737,2662118.253395821,0.3766126925538735,1124015.656952452,1124015.656952452,0.1590156870370372,0.1590156870370372,3.225,42,42,40,80574.56953125,119878.2578125,236633.02734375,377284.309375,296709.73984375,467967.8125,0.3085716474981301,40,62224.55621063345,32513.767170696305,41362.91911512917,96326.80751311162,125625.62304738125,93111.85587668492,171918.58917359548,0.2980654942798871,0.7411852265327008,0.7411852265327008,0.6425841646789684,0.0289385714393003,0.5410075972896764,0.0007146015649089,0.2612965119231694,0.0003885567198552,0.0163918317689152,0.0018076482014133,0.2575538409244861,0.001080765068437,0.223326795798179,0.0,22.09019246620493,0.0289385714393003,11.281927850936295,0.0007146015649089,5.7424587648556,0.0003885567198552,0.2790338319180879,0.0018076482014133,5.085199162727463,0.001080765068437,3.797963227560738,0.0,0.7864354081813583,0.7864354081813583,0.04761904761904767,0.49340014300558177,0.49340014300558177,0.49340014300558177,0.49340014300558177,0.5705980486325262,0.5705980486325262,0.5705980486325262,0.5705980486325262
C4,30.0,100.0,1500.0,220.0,235.0,3.0,15.0,Tb,,,Harmonized_irBT,Harmonized_irBT,cold,220.0,235.0,K,1.0,K,,,,44,44,40,164217.2109375,73606.2125,97715.556640625,226332.9921875,342529.21562500024,399752.6171875,268923.0031250003,431837.53125,0.3331517020499868,0.7851096807444775,0.7851096807444775,0.55,0.1099474467116608,0.040421240637703,0.3453049793740176,0.0588693290485602,0.0332329131561735,1.984809501932684,1.6106251940738523,0.693308841772363,0.3823794703106019,0.6190598206889688,0.4865832221260794,1.0000000000020792,0.6263631990454192,0.2607960540403558,0.995514540982488,0.2881671055504685,0.223326795798179,21.839412034338064,10.92486666877981,6.078104135918225,1.078118563865534,4.911176375729607,3.689000989483194,40,62088.205641381785,32909.18382152613,39712.10329454654,87498.1081540665,123461.54472682986,131224.76178043688,90552.36090530374,167964.4226652973,0.2841404944754096,0.7334458766546235,0.7334458766546235,0.0,0.0,0.0,0.0,0.0,0.0,0.0,0.0,0.0,0.0,0.0,0.0,0.0,0.0,0.0,0.0,0.0,0.0,0.0,0.0,0.0,0.0,0.0,0.0,0.4954761904761905,0.0689725538480001,0.0145243226640785,0.3419053218623935,0.0339611969798441,0.011659622160955,1.0000000000016187,0.3732940481566531,0.1218690352909593,0.9954754875823518,0.1643398971018518,0.1185868041399383,0.0,0.0,0.0,0.0,0.0,0.0,0.0,0.0,0.0,0.0,0.0,0.0,2749918.280667519,0.38903385552622377,2146939.0539964475,0.3037297448538419,2662118.253395821,0.3766126925538735,1124015.656952452,1124015.656952452,0.1590156870370372,0.1590156870370372,3.5979166666666664,44,44,40,73606.2125,97715.556640625,226332.9921875,342529.21562500024,268923.0031250003,431837.53125,0.3331517020499868,40,62088.205641381785,32909.18382152613,39712.10329454654,87498.1081540665,123461.54472682986,90552.36090530374,167964.4226652973,0.2841404944754096,0.7334458766546235,0.7334458766546235,1.0000000000020792,0.0,0.6263631990454192,0.0,0.2607960540403558,0.0,0.995514540982488,0.0,0.2881671055504685,0.0,0.223326795798179,0.0,21.839412034338064,0.0,10.92486666877981,0.0,6.078104135918225,0.0,1.078118563865534,0.0,4.911176375729607,0.0,3.689000989483194,0.0,0.7851096807444775,0.7851096807444775,0.09090909090909094,0.5682664038671175,0.5682664038671175,0.5682664038671175,0.5682664038671175,0.5461375779162957,0.5461375779162957,0.5461375779162957,0.5461375779162957
C4,40.0,100.0,1500.0,220.0,235.0,3.0,15.0,Tb,,,Harmonized_irBT,Harmonized_irBT,cold,220.0,235.0,K,1.0,K,,,,48,48,44,154186.7578125,65225.244921875004,90454.66796875,222719.9453125,308468.9500000004,397031.4015625,243243.7050781254,431837.53125,0.3407745502751715,0.7885516680953628,0.7885516680953628,0.55,0.1200980591983851,0.0364486129905966,0.3452784770495954,0.0555148054435052,0.0363085939656517,2.364992668355552,1.4472732582316865,0.6657665167309799,0.3823798625321002,0.5837131081772572,0.4651863669143364,1.0000000000020792,0.6252997805352549,0.2533333345783798,0.9954501263146132,0.2831615774553608,0.2162432124509305,22.19935941727141,10.441876067351243,6.0766453836064045,1.0782835802376822,4.712209636183435,4.093976471571771,44,56634.18287131531,31537.88666790941,37559.71216564531,80013.43583478779,119499.5867574316,130041.43362586004,87961.7000895222,168042.33727629823,0.291285030758715,0.7360837177460107,0.7360837177460107,0.0,0.0,0.0,0.0,0.0,0.0,0.0,0.0,0.0,0.0,0.0,0.0,0.0,0.0,0.0,0.0,0.0,0.0,0.0,0.0,0.0,0.0,0.0,0.0,0.4954761904761905,0.0734382847448869,0.0145247068152706,0.3418774556057384,0.0327023139109172,0.0126095574201144,1.0000000000016187,0.3653355288718092,0.12432093599872,0.995401029496072,0.1625760923148846,0.121959410497331,0.0,0.0,0.0,0.0,0.0,0.0,0.0,0.0,0.0,0.0,0.0,0.0,2749918.280667519,0.38903385552622377,2117541.871265789,0.2995708942364553,2662118.253395821,0.3766126925538735,1124015.656952452,1124015.656952452,0.1590156870370372,0.1590156870370372,3.445833333333333,48,48,44,65225.244921875004,90454.66796875,222719.9453125,308468.9500000004,243243.7050781254,431837.53125,0.3407745502751715,44,56634.18287131531,31537.88666790941,37559.71216564531,80013.43583478779,119499.5867574316,87961.7000895222,168042.33727629823,0.291285030758715,0.7360837177460107,0.7360837177460107,1.0000000000020792,0.0,0.6252997805352549,0.0,0.2533333345783798,0.0,0.9954501263146132,0.0,0.2831615774553608,0.0,0.2162432124509305,0.0,22.19935941727141,0.0,10.441876067351243,0.0,6.0766453836064045,0.0,1.0782835802376822,0.0,4.712209636183435,0.0,4.093976471571771,0.0,0.7885516680953628,0.7885516680953628,0.08333333333333337,0.593863639640211,0.593863639640211,0.593863639640211,0.593863639640211,0.5305824356399489,0.5305824356399489,0.5305824356399489,0.5305824356399489
C4,50.0,100.0,1500.0,220.0,235.0,3.0,15.0,Tb,,,Harmonized_irBT,Harmonized_irBT,cold,220.0,235.0,K,1.0,K,,,,49,49,44,156567.390625,45510.27050781253,84050.328125,228758.1875,278062.2875,383727.0562499999,232552.01699218745,432748.46875,0.3445941750701774,0.8363306620362442,0.8363306620362442,0.55,0.2792982456140343,0.0406591073880338,0.356680210107159,0.0681326005087258,0.0393513555965452,2.5544761907606226,1.4980342293480025,0.6843410782982372,0.3795748748200369,0.6494694486589152,0.514908758611376,1.0000000000020792,0.8359361598751062,0.2646899235878218,0.9971994316692911,0.3053893570022827,0.2333766224145708,18.7431008467918,10.782596917840603,6.0957407806181765,1.048270238538996,4.762612260340971,3.398436762534208,44,59877.37855422984,32492.34065267104,37072.745846889375,88423.34415970278,112027.57556244048,131246.18829846225,79535.23490976944,168665.65416430583,0.2838965491709698,0.7099612261575644,0.7099612261575644,0.0,0.0,0.0,0.0,0.0,0.0,0.0,0.0,0.0,0.0,0.0,0.0,0.0,0.0,0.0,0.0,0.0,0.0,0.0,0.0,0.0,0.0,0.0,0.0,0.4954761904761905,0.242128022055029,0.0158607412719842,0.3545828083524943,0.0425221567093672,0.014432663355541,1.0000000000016187,0.7428605177350227,0.1285805542286534,0.997169259598176,0.184815114510572,0.133106600177031,0.0,0.0,0.0,0.0,0.0,0.0,0.0,0.0,0.0,0.0,0.0,0.0,2749918.280667519,0.38903385552622377,2073183.135357672,0.2932954168239355,2662118.253395821,0.3766126925538735,872974.7803073907,2749918.280667519,0.1235006679826512,0.3890338555262237,3.266666666666666,49,49,44,45510.27050781253,84050.328125,228758.1875,278062.2875,232552.01699218745,432748.46875,0.3445941750701774,44,59877.37855422984,32492.34065267104,37072.745846889375,88423.34415970278,112027.57556244048,79535.23490976944,168665.65416430583,0.2838965491709698,0.7099612261575644,0.7099612261575644,1.0000000000020792,0.0,0.8359361598751062,0.0,0.2646899235878218,0.0,0.9971994316692911,0.0,0.3053893570022827,0.0,0.2333766224145708,0.0,18.7431008467918,0.0,10.782596917840603,0.0,6.0957407806181765,0.0,1.048270238538996,0.0,4.762612260340971,0.0,3.398436762534208,0.0,0.8363306620362442,0.8363306620362442,0.10204081632653061,0.632580022409034,0.632580022409034,0.632580022409034,0.632580022409034,0.5807357638506443,0.5807357638506443,0.5807357638506443,0.5807357638506443
C4,60.0,100.0,1500.0,220.0,235.0,3.0,15.0,Tb,,,Harmonized_irBT,Harmonized_irBT,cold,220.0,235.0,K,1.0,K,,,,48,48,43,160456.8125,41136.09521484376,89817.3359375,229924.1953125,306836.51250000024,384307.7328125,265700.4172851565,431837.53125,0.3497668093453359,0.8659348104315202,0.8659348104315202,0.55,0.2588024774774771,0.0370399101241726,0.3566820216556968,0.0644213971341669,0.0360073351652568,2.497303592636125,1.6152435780440169,0.6615734917624164,0.3795623030011013,0.6083976407691334,0.4908915486087024,1.0000000000020792,0.8840771666592514,0.2626369733494953,0.9972057010725244,0.3061162862820121,0.2294200303436571,22.307120100492323,11.3467148255388,6.276255429104456,1.048208001138935,4.708712889973145,3.638308511804814,43,62253.774189758806,32428.06109859526,37350.316648580265,88842.13519383289,125894.42845533456,157366.08770389308,93466.3673567393,177431.04790191268,0.2975698337492616,0.7424186161653672,0.7424186161653672,0.0,0.0,0.0,0.0,0.0,0.0,0.0,0.0,0.0,0.0,0.0,0.0,0.0,0.0,0.0,0.0,0.0,0.0,0.0,0.0,0.0,0.0,0.0,0.0,0.4954761904761905,0.2430551930455052,0.0150800903776632,0.3545856031477938,0.0417775090001712,0.0118818449301234,1.0000000000016187,0.7756956352716832,0.1294017018002663,0.9971758599859064,0.1825004183841841,0.1269382549696345,0.0,0.0,0.0,0.0,0.0,0.0,0.0,0.0,0.0,0.0,0.0,0.0,2749918.280667519,0.38903385552622377,2117541.871265789,0.2995708942364553,2662118.253395821,0.3766126925538735,872974.7803073907,2749918.280667519,0.1235006679826512,0.3890338555262237,3.119791666666666,48,48,43,41136.09521484376,89817.3359375,229924.1953125,306836.51250000024,265700.4172851565,431837.53125,0.3497668093453359,43,62253.774189758806,32428.06109859526,37350.316648580265,88842.13519383289,125894.42845533456,93466.3673567393,177431.04790191268,0.2975698337492616,0.7424186161653672,0.7424186161653672,1.0000000000020792,0.0,0.8840771666592514,0.0,0.2626369733494953,0.0,0.9972057010725244,0.0,0.3061162862820121,0.0,0.2294200303436571,0.0,22.307120100492323,0.0,11.3467148255388,0.0,6.276255429104456,0.0,1.048208001138935,0.0,4.708712889973145,0.0,3.638308511804814,0.0,0.8659348104315202,0.8659348104315202,0.10416666666666663,0.6093610947928931,0.6093610947928931,0.6093610947928931,0.6093610947928931,0.5795878096908572,0.5795878096908572,0.5795878096908572,0.5795878096908572
C4,70.0,100.0,1500.0,220.0,235.0,3.0,15.0,Tb,,,Harmonized_irBT,Harmonized_irBT,cold,220.0,235.0,K,1.0,K,,,,46,46,41,168519.9375,32387.74462890625,93851.185546875,231756.921875,323377.8125,385601.1328125,290990.0678710937,431837.53125,0.3475106447233539,0.8998454953402029,0.8998454953402029,0.55,0.2711421577159881,0.0368665807024886,0.3945114058484028,0.0660304672675796,0.0395104445563375,1.4442244881942712,1.2436118418270126,0.637310941206317,0.4197922000460162,0.5646787013197383,0.4702516817470672,1.0000000000335618,0.916567901050294,0.2610245620907184,0.996916754819802,0.3072233321941358,0.2162432124509305,22.129243655970463,10.81940486287932,6.323887394211065,1.0532555827702927,4.71956241254518,3.39598854683491,41,65214.52940779489,34087.64231291549,38178.15939046535,96049.23671142072,128208.49240206272,160913.15036971134,94120.85008914724,177956.9715261691,0.2939240219168759,0.7341233667578244,0.7341233667578244,0.0,0.0,0.0,0.0,0.0,0.0,0.0,0.0,0.0,0.0,0.0,0.0,0.0,0.0,0.0,0.0,0.0,0.0,0.0,0.0,0.0,0.0,0.0,0.0,0.5,0.2647809374261856,0.014151401909579,0.3921933716047109,0.0439338543569799,0.0118667979864069,1.0000000000335618,0.840824116185254,0.1288109488673205,0.9968884802384032,0.1840229413772342,0.1265539817054674,0.0,0.0,0.0,0.0,0.0,0.0,0.0,0.0,0.0,0.0,0.0,0.0,2749918.280667519,0.38903385552622377,2132240.4626311185,0.3016503195451487,2662118.253395821,0.3766126925538735,872974.7803073907,2749918.280667519,0.1235006679826512,0.3890338555262237,3.729166666666667,46,46,41,32387.74462890625,93851.185546875,231756.921875,323377.8125,290990.0678710937,431837.53125,0.3475106447233539,41,65214.52940779489,34087.64231291549,38178.15939046535,96049.23671142072,128208.49240206272,94120.85008914724,177956.9715261691,0.2939240219168759,0.7341233667578244,0.7341233667578244,1.0000000000335618,0.0,0.916567901050294,0.0,0.2610245620907184,0.0,0.996916754819802,0.0,0.3072233321941358,0.0,0.2162432124509305,0.0,22.129243655970463,0.0,10.81940486287932,0.0,6.323887394211065,0.0,1.0532555827702927,0.0,4.71956241254518,0.0,3.39598854683491,0.0,0.8998454953402029,0.8998454953402029,0.10869565217391308,0.5950447357188563,0.5950447357188563,0.5950447357188563,0.5950447357188563,0.6025147029000202,0.6025147029000202,0.6025147029000202,0.6025147029000202
C5,0.0,100.0,1500.0,220.0,235.0,3.0,15.0,Tb,,,Harmonized_irBT,Harmonized_irBT,cold,220.0,235.0,K,1.0,K,,,,21,21,19,173911.765625,80026.1640625,105540.8671875,282810.25,431864.75,482782.0625,351838.5859375,568290.875,0.3921628946269173,0.8146962351928468,0.8146962351928468,0.0904432371282047,0.0617043623388582,0.0211137268133097,0.0306880186790097,0.0291297002701607,0.0230749615147277,0.855236752840644,0.7422995067551954,0.2399657478763124,0.0345512174146808,0.2984993539399306,0.2243174232014732,0.6307014045744178,0.4563566068593229,0.1569229462373937,0.0024542110707351,0.1861978215468626,0.1493923955471132,8.48996749648817,8.040470989094693,2.533209530058004,0.0380280383257357,2.9555706030392077,2.456620625901378,19,66636.47105856222,33565.61441920912,43086.77988352518,121702.62238348342,183488.90890723653,205410.18471235348,149923.2944880274,305230.48859622044,0.3798794200567599,0.8170700636942676,0.8170700636942676,0.0,0.0,0.0,0.0,0.0,0.0,0.0,0.0,0.0,0.0,0.0,0.0,0.0444750018872963,0.0239380339583041,0.0015544773596942,0.0035242925012637,0.0034805868694819,0.0,0.1880800974055587,0.0774932391705665,0.005764046688422,0.0138699380970486,0.0133308372570183,0.0,0.029166959631408,0.0270183375073179,0.0065424504167495,0.005997259042088,0.0098218029748983,0.0070449656620865,0.2926583635368129,0.2531657417841291,0.0708028495903761,0.0012639971308852,0.0933373362844376,0.0635730685653207,0.0,0.0,0.0,0.0,0.0,0.0,0.0097091596063282,0.0042925386824964,0.0003075190105212,0.0007287250032704,0.0007052553431321,0.0,3134738.54440121,0.4434747863485737,2547846.737036541,0.3604465799465973,2739479.670658666,0.3875570942978526,2931546.9782371065,3134738.54440121,0.4147290599933728,0.4434747863485737,2.5416666666666665,21,21,19,80026.1640625,105540.8671875,282810.25,431864.75,351838.5859375,568290.875,0.3921628946269173,19,66636.47105856222,33565.61441920912,43086.77988352518,121702.62238348342,183488.90890723653,149923.2944880274,305230.48859622044,0.3798794200567599,0.8170700636942676,0.8170700636942676,0.6307014045744178,0.0444750018872963,0.4563566068593229,0.0239380339583041,0.1569229462373937,0.0015544773596942,0.0024542110707351,0.0035242925012637,0.1861978215468626,0.0034805868694819,0.1493923955471132,0.0,8.48996749648817,0.1880800974055587,8.040470989094693,0.0774932391705665,2.533209530058004,0.005764046688422,0.0380280383257357,0.0138699380970486,2.9555706030392077,0.0133308372570183,2.456620625901378,0.0,0.8146962351928468,0.8146962351928468,0.09523809523809523,0.6268138542096688,0.6268138542096688,0.6268138542096688,0.6268138542096688,0.645966709346991,0.645966709346991,0.645966709346991,0.645966709346991
C5,10.0,100.0,1500.0,220.0,235.0,3.0,15.0,Tb,,,Harmonized_irBT,Harmonized_irBT,cold,220.0,235.0,K,1.0,K,,,,19,19,17,176985.546875,64509.77934570313,111747.46875,311398.109375,442048.2125,491332.9437499998,377538.4331542968,568290.875,0.3913375936341683,0.8540661911494482,0.8540661911494482,0.0904432371282047,0.0646960847625441,0.0214328866810154,0.0307082024440916,0.0301080443763914,0.0274846074346943,1.116193449596502,0.8813324225162293,0.2959537959683248,0.0348406414810137,0.3714699751822884,0.2851525562078089,0.6307014045744178,0.5279725452191337,0.160648814665842,0.0023093412790493,0.1970723549813067,0.1493923955471132,9.124959197434372,8.926000152140514,3.189123867154702,0.0367307851858539,3.4620623157089,2.5358706677269067,17,67824.6688763267,35490.10531093259,44469.76422879204,117105.6603344274,175615.63746559055,205538.7438205052,140125.53215465797,285167.4762634759,0.3651098648590946,0.7979103351893343,0.7979103351893343,0.0,0.0,0.0,0.0,0.0,0.0,0.0,0.0,0.0,0.0,0.0,0.0,0.0,0.0,0.0,0.0,0.0,0.0,0.0,0.0,0.0,0.0,0.0,0.0,0.0419189843711002,0.0304477244550604,0.0073856148514807,0.0060145043473266,0.0116374664769464,0.0077793196875313,0.334388431002839,0.2670637129571973,0.076924890341895,0.0011922771482296,0.1007508079275248,0.0801544736718459,0.0,0.0,0.0,0.0,0.0,0.0,0.0,0.0,0.0,0.0,0.0,0.0,3134738.54440121,0.4434747863485737,2606535.917773007,0.3687494005867948,2739479.670658666,0.3875570942978526,2931546.9782371065,3134738.54440121,0.4147290599933728,0.4434747863485737,3.104166666666665,19,19,17,64509.77934570313,111747.46875,311398.109375,442048.2125,377538.4331542968,568290.875,0.3913375936341683,17,67824.6688763267,35490.10531093259,44469.76422879204,117105.6603344274,175615.63746559055,140125.53215465797,285167.4762634759,0.3651098648590946,0.7979103351893343,0.7979103351893343,0.6307014045744178,0.0,0.5279725452191337,0.0,0.160648814665842,0.0,0.0023093412790493,0.0,0.1970723549813067,0.0,0.1493923955471132,0.0,9.124959197434372,0.0,8.926000152140514,0.0,3.189123867154702,0.0,0.0367307851858539,0.0,3.4620623157089,0.0,2.5358706677269067,0.0,0.8540661911494482,0.8540661911494482,0.10526315789473684,0.6411427513985689,0.6411427513985689,0.6411427513985689,0.6411427513985689,0.6202594810379242,0.6202594810379242,0.6202594810379242,0.6202594810379242
C5,20.0,100.0,1500.0,220.0,235.0,3.0,15.0,Tb,,,Harmonized_irBT,Harmonized_irBT,cold,220.0,235.0,K,1.0,K,,,,19,19,18,178046.9375,80403.6015625,141553.3125,253614.453125,442048.2125,491332.9437499998,361644.6109375,568290.875,0.34791138782427,0.8181112392519855,0.8181112392519855,0.090424414394151,0.0847078912057702,0.021217583421162,0.0427565545791327,0.0281220845190738,0.0169957583686126,0.8810855111703105,0.8578216286736107,0.2630115061011629,0.047455521826608,0.3102025647675132,0.2084249772426582,0.6307014045744178,0.4206970399148122,0.1714903487451946,0.003368973037777,0.2129902908702151,0.2086202657302726,8.718797554819323,8.512850502321285,3.061587019759906,0.050736631863456,3.4701991705530677,3.030397385621777,18,65039.22153304275,30534.736051272183,39200.78865985281,106884.2373037403,171193.98329128668,200189.90577528995,140659.2472400145,280589.9928671701,0.387695180401984,0.8216366284361916,0.8216366284361916,0.0,0.0,0.0,0.0,0.0,0.0,0.0,0.0,0.0,0.0,0.0,0.0,0.0,0.0,0.0,0.0,0.0,0.0,0.0,0.0,0.0,0.0,0.0,0.0,0.0356845573261407,0.0265208383325664,0.0065490453731245,0.0083482361140155,0.0096079791639377,0.0066860857651929,0.259583188729904,0.2538074864787065,0.0782046680222282,0.0016529672119999,0.1021716115237158,0.0902053805124633,0.0,0.0,0.0,0.0,0.0,0.0,0.0,0.0,0.0,0.0,0.0,0.0,3134738.54440121,0.4434747863485737,2606535.917773007,0.3687494005867948,2739479.670658666,0.3875570942978526,2931546.9782371065,3134738.54440121,0.4147290599933728,0.4434747863485737,2.672916666666664,19,19,18,80403.6015625,141553.3125,253614.453125,442048.2125,361644.6109375,568290.875,0.34791138782427,18,65039.22153304275,30534.736051272183,39200.78865985281,106884.2373037403,171193.98329128668,140659.2472400145,280589.9928671701,0.387695180401984,0.8216366284361916,0.8216366284361916,0.6307014045744178,0.0,0.4206970399148122,0.0,0.1714903487451946,0.0,0.003368973037777,0.0,0.2129902908702151,0.0,0.2086202657302726,0.0,8.718797554819323,0.0,8.512850502321285,0.0,3.061587019759906,0.0,0.050736631863456,0.0,3.4701991705530677,0.0,3.030397385621777,0.0,0.8181112392519855,0.8181112392519855,0.052631578947368474,0.44185628714846137,0.44185628714846137,0.44185628714846137,0.44185628714846137,0.6332406943368718,0.6332406943368718,0.6332406943368718,0.6332406943368718
C5,30.0,100.0,1500.0,220.0,235.0,3.0,15.0,Tb,,,Harmonized_irBT,Harmonized_irBT,cold,220.0,235.0,K,1.0,K,,,,21,21,19,174279.90625,80026.1640625,92691.359375,224418.65625,431864.75,482782.0625,351838.5859375,568290.875,0.3876833642312973,0.8146962351928468,0.8146962351928468,0.4666666666666666,0.090424414394151,0.0224228971437764,0.4122739860171213,0.0509855149585998,0.0246242120131244,0.8810855111703105,0.855236752840644,0.2612566801608002,0.5001331665135557,0.3199528394895424,0.2243174232014732,0.9999999999973684,0.6307014045744178,0.1764679535448048,0.8722183473248183,0.2543010502891089,0.2138474885934127,8.718797554819323,8.48996749648817,3.0364882384132077,1.0535976169032673,3.25214308076364,2.878175913781385,19,63461.45066027352,29969.8551215153,34438.25806241976,104912.02371277875,169452.59173541542,195826.6875592367,139482.7366139001,277239.66459412925,0.3970539904346451,0.8231372278547946,0.8231372278547946,0.0,0.0,0.0,0.0,0.0,0.0,0.0,0.0,0.0,0.0,0.0,0.0,0.0,0.0,0.0,0.0,0.0,0.0,0.0,0.0,0.0,0.0,0.0,0.0,0.4722222222222222,0.0356845573261407,0.0066538033283354,0.4127038518493053,0.0319790990445432,0.0070303689286592,1.000000000000804,0.2531657417841291,0.0781887316243986,0.8719635809903697,0.1463884817603974,0.0902053805124633,0.0,0.0,0.0,0.0,0.0,0.0,0.0,0.0,0.0,0.0,0.0,0.0,3134738.54440121,0.4434747863485737,2547846.737036541,0.3604465799465973,2739479.670658666,0.3875570942978526,2931546.9782371065,3134738.54440121,0.4147290599933728,0.4434747863485737,2.5416666666666665,21,21,19,80026.1640625,92691.359375,224418.65625,431864.75,351838.5859375,568290.875,0.3876833642312973,19,63461.45066027352,29969.8551215153,34438.25806241976,104912.02371277875,169452.59173541542,139482.7366139001,277239.66459412925,0.3970539904346451,0.8231372278547946,0.8231372278547946,0.9999999999973684,0.0,0.6307014045744178,0.0,0.1764679535448048,0.0,0.8722183473248183,0.0,0.2543010502891089,0.0,0.2138474885934127,0.0,8.718797554819323,0.0,8.48996749648817,0.0,3.0364882384132077,0.0,1.0535976169032673,0.0,3.25214308076364,0.0,2.878175913781385,0.0,0.8146962351928468,0.8146962351928468,0.09523809523809523,0.5869712397184002,0.5869712397184002,0.5869712397184002,0.5869712397184002,0.6717415521722986,0.6717415521722986,0.6717415521722986,0.6717415521722986
C5,40.0,100.0,1500.0,220.0,235.0,3.0,15.0,Tb,,,Harmonized_irBT,Harmonized_irBT,cold,220.0,235.0,K,1.0,K,,,,18,18,17,182624.3984375,81014.12109375,146318.80078125,268212.3515625,447139.94375,495608.3843749999,366125.82265625,568290.875,0.3508119027096693,0.8188170790238196,0.8188170790238196,0.0920658299180327,0.0906706267227332,0.0241681805641675,0.0428452911132322,0.0329876494283519,0.0266377185763032,0.8810855111703105,0.8591140665900939,0.2792158906090181,0.0475850072402831,0.3347923481816407,0.2547349897046411,0.6307014045744178,0.4323639490625682,0.176257643368651,0.0034350542101583,0.2265249718107977,0.2148042136676555,9.16490443209718,8.59120803682952,3.095810835430316,0.0485465725159622,3.4927047770218387,2.954286649701581,17,66071.59012880534,28984.235292353285,39502.70777748149,109606.37902558598,174084.6153594219,205308.89571805243,145100.38006706862,277005.9207611264,0.3842302234888709,0.8335049008638052,0.8335049008638052,0.0,0.0,0.0,0.0,0.0,0.0,0.0,0.0,0.0,0.0,0.0,0.0,0.0,0.0,0.0,0.0,0.0,0.0,0.0,0.0,0.0,0.0,0.0,0.0,0.0356845573261407,0.0270299338322094,0.0064869578233132,0.0083565055586434,0.009949088911354,0.0073893707677578,0.2531657417841291,0.1720527805012914,0.072446112075143,0.0015492820448196,0.0980256782273287,0.0912068007710839,0.0,0.0,0.0,0.0,0.0,0.0,0.0,0.0,0.0,0.0,0.0,0.0,3134738.54440121,0.4434747863485737,2635880.5081412406,0.3729008109068936,2739479.670658666,0.3875570942978526,2931546.9782371065,3134738.54440121,0.4147290599933728,0.4434747863485737,3.145833333333332,18,18,17,81014.12109375,146318.80078125,268212.3515625,447139.94375,366125.82265625,568290.875,0.3508119027096693,17,66071.59012880534,28984.235292353285,39502.70777748149,109606.37902558598,174084.6153594219,145100.38006706862,277005.9207611264,0.3842302234888709,0.8335049008638052,0.8335049008638052,0.6307014045744178,0.0,0.4323639490625682,0.0,0.176257643368651,0.0,0.0034350542101583,0.0,0.2265249718107977,0.0,0.2148042136676555,0.0,9.16490443209718,0.0,8.59120803682952,0.0,3.095810835430316,0.0,0.0485465725159622,0.0,3.4927047770218387,0.0,2.954286649701581,0.0,0.8188170790238196,0.8188170790238196,0.05555555555555558,0.4544665824342017,0.4544665824342017,0.4544665824342017,0.4544665824342017,0.6395948107339613,0.6395948107339613,0.6395948107339613,0.6395948107339613
C5,50.0,100.0,1500.0,220.0,235.0,3.0,15.0,Tb,,,Harmonized_irBT,Harmonized_irBT,cold,220.0,235.0,K,1.0,K,,,,19,19,18,178046.9375,81155.2578125,135165.578125,253614.453125,442048.2125,491332.9437499998,360892.9546875,568290.875,0.3477808521905803,0.8164108449765534,0.8164108449765534,0.1096222843650657,0.0943214570664831,0.0336898091809892,0.0429286193829008,0.04024853623175,0.0307144009180496,1.9437659752232812,1.343110289533294,0.4823575838981222,0.0497697671521115,0.4849089065959489,0.298666028828055,0.6307014045744178,0.4911209578772786,0.2065641187728562,0.0039726585748547,0.2475875827729166,0.2157609387418982,8.921430222925691,8.539415206883575,3.6962800979099897,0.0569450632407236,3.866243235274935,3.1849553766256387,18,63889.981020778745,30643.816506673516,40836.99549087275,107814.34297256412,170586.24932547926,201113.1939156512,139942.43281880574,275817.7229433619,0.3813739205275837,0.8203617429432721,0.8203617429432721,0.0,0.0,0.0,0.0,0.0,0.0,0.0,0.0,0.0,0.0,0.0,0.0,0.0,0.0,0.0,0.0,0.0,0.0,0.0,0.0,0.0,0.0,0.0,0.0,0.0603367671967237,0.038149778313199,0.0101611373837826,0.0084151188789188,0.0136300744117206,0.0082815734989648,0.2663312532692429,0.2360863428977423,0.0839086218083064,0.00181985290373,0.1079686651804666,0.0922082210297046,0.0,0.0,0.0,0.0,0.0,0.0,0.0,0.0,0.0,0.0,0.0,0.0,3134738.54440121,0.4434747863485737,2343740.648125827,0.3315714750885581,2739479.670658666,0.3875570942978526,2931546.9782371065,3134738.54440121,0.4147290599933728,0.4434747863485737,3.104166666666665,19,19,18,81155.2578125,135165.578125,253614.453125,442048.2125,360892.9546875,568290.875,0.3477808521905803,18,63889.981020778745,30643.816506673516,40836.99549087275,107814.34297256412,170586.24932547926,139942.43281880574,275817.7229433619,0.3813739205275837,0.8203617429432721,0.8203617429432721,0.6307014045744178,0.0,0.4911209578772786,0.0,0.2065641187728562,0.0,0.0039726585748547,0.0,0.2475875827729166,0.0,0.2157609387418982,0.0,8.921430222925691,0.0,8.539415206883575,0.0,3.6962800979099897,0.0,0.0569450632407236,0.0,3.866243235274935,0.0,3.1849553766256387,0.0,0.8164108449765534,0.8164108449765534,0.052631578947368474,0.46704307873818063,0.46704307873818063,0.46704307873818063,0.46704307873818063,0.6212285456187895,0.6212285456187895,0.6212285456187895,0.6212285456187895
C5,60.0,100.0,1500.0,220.0,235.0,3.0,15.0,Tb,,,Harmonized_irBT,Harmonized_irBT,cold,220.0,235.0,K,1.0,K,,,,19,19,17,187201.859375,90158.3203125,149282.96875,253614.453125,442048.2125,491332.9437499998,351889.8921875,568290.875,0.325694282047241,0.7960441468530992,0.7960441468530992,0.0962525944095528,0.0921246549567817,0.031635470787707,0.0428913523152193,0.0369770087333759,0.0255518312622629,1.7405340299863634,1.2282794243296218,0.4227574349720554,0.0491242665372214,0.4342681780757801,0.2616872610162298,0.6307014045744178,0.4196796996372199,0.1818053336227036,0.0035827791376753,0.2249325271416908,0.2138474885934127,8.640854549146356,8.511357639505642,3.190061926261869,0.0522408089133819,3.531937566895264,2.914304893672724,17,65682.01707380058,31761.89117453714,43651.66081328206,108067.5654583172,173866.45444861925,206302.30700831453,142104.56327408212,272701.1385033239,0.3684918473803353,0.8173201882142057,0.8173201882142057,0.0,0.0,0.0,0.0,0.0,0.0,0.0,0.0,0.0,0.0,0.0,0.0,0.0,0.0,0.0,0.0,0.0,0.0,0.0,0.0,0.0,0.0,0.0,0.0,0.0549815448862516,0.0376142560821518,0.0092930176669213,0.0084041877390088,0.0127187110980911,0.0082815734989648,0.2663312532692429,0.1965326464592269,0.0785443015349447,0.0017065321988911,0.1028545545595379,0.0922082210297046,0.0,0.0,0.0,0.0,0.0,0.0,0.0,0.0,0.0,0.0,0.0,0.0,3134738.54440121,0.4434747863485737,2343740.648125827,0.3315714750885581,2929808.02151283,0.4144830479413804,2931546.9782371065,3134738.54440121,0.4147290599933728,0.4434747863485737,2.672916666666664,19,19,17,90158.3203125,149282.96875,253614.453125,442048.2125,351889.8921875,568290.875,0.325694282047241,17,65682.01707380058,31761.89117453714,43651.66081328206,108067.5654583172,173866.45444861925,142104.56327408212,272701.1385033239,0.3684918473803353,0.8173201882142057,0.8173201882142057,0.6307014045744178,0.0,0.4196796996372199,0.0,0.1818053336227036,0.0,0.0035827791376753,0.0,0.2249325271416908,0.0,0.2138474885934127,0.0,8.640854549146356,0.0,8.511357639505642,0.0,3.190061926261869,0.0,0.0522408089133819,0.0,3.531937566895264,0.0,2.914304893672724,0.0,0.7960441468530992,0.7960441468530992,0.10526315789473684,0.41137830706981715,0.41137830706981715,0.41137830706981715,0.41137830706981715,0.5960706560922855,0.5960706560922855,0.5960706560922855,0.5960706560922855
C5,70.0,100.0,1500.0,220.0,235.0,3.0,15.0,Tb,,,Harmonized_irBT,Harmonized_irBT,cold,220.0,235.0,K,1.0,K,,,,17,17,15,208416.359375,47097.52119140625,149579.265625,320223.5,452231.6750000001,501022.1375,405134.1538085938,573982.4375,0.3650861799646169,0.8958553241733759,0.8958553241733759,0.0894326437501128,0.0875259152596777,0.0275818372466614,0.0261646674137989,0.0339382689793732,0.0287760324847801,1.481661694185764,1.1284293692403995,0.3546773106290218,0.0288920511475144,0.3540284616068229,0.1779698497572975,0.6815614384943953,0.5069823273829943,0.2015069766447012,0.0017351562423996,0.215135991225291,0.1979782841609623,18.471891571976087,16.63703922231558,4.386642328799669,0.0287151768984328,4.297978566910479,2.636934252328864,15,90088.76896984808,39810.47049093525,53283.85459827447,121011.13021084998,179865.87949569235,214366.4692469128,140055.40900475712,269506.63945228496,0.3324543688820858,0.7786658003032272,0.7786658003032272,0.0,0.0,0.0,0.0,0.0,0.0,0.0,0.0,0.0,0.0,0.0,0.0,0.0,0.0,0.0,0.0,0.0,0.0,0.0,0.0,0.0,0.0,0.0,0.0,0.0480043448940281,0.0375733320267404,0.0074813713371426,0.0051212862842289,0.0108771853239181,0.0082815734989648,0.413488540429256,0.3304803904419872,0.0980389853979582,0.0011150647860733,0.1164087125140061,0.0787044998032339,0.0,0.0,0.0,0.0,0.0,0.0,0.0,0.0,0.0,0.0,0.0,0.0,3134738.54440121,0.4434747863485737,2504043.142731817,0.3542496390054517,2929808.02151283,0.4144830479413804,2931546.9782371065,3134738.54440121,0.4147290599933728,0.4434747863485737,2.941666666666666,17,17,15,47097.52119140625,149579.265625,320223.5,452231.6750000001,405134.1538085938,573982.4375,0.3650861799646169,15,90088.76896984808,39810.47049093525,53283.85459827447,121011.13021084998,179865.87949569235,140055.40900475712,269506.63945228496,0.3324543688820858,0.7786658003032272,0.7786658003032272,0.6815614384943953,0.0,0.5069823273829943,0.0,0.2015069766447012,0.0,0.0017351562423996,0.0,0.215135991225291,0.0,0.1979782841609623,0.0,18.471891571976087,0.0,16.63703922231558,0.0,4.386642328799669,0.0,0.0287151768984328,0.0,4.297978566910479,0.0,2.636934252328864,0.0,0.8958553241733759,0.8958553241733759,0.11764705882352944,0.5328910413351924,0.5328910413351924,0.5328910413351924,0.5328910413351924,0.5596780684104627,0.5596780684104627,0.5596780684104627,0.5596780684104627
C6,0.0,100.0,1500.0,220.0,235.0,3.0,15.0,Tb,,,Harmonized_irBT,Harmonized_irBT,cold,220.0,235.0,K,1.0,K,,,,18,18,13,119349.91015625,1105.4691467285156,26658.205932617188,166753.94140625,289958.98125000007,471366.3062499987,288853.51210327155,1261819.875,0.5948861353630505,0.9961874981696967,0.9961874981696967,0.0777788071462006,0.0666415115432345,0.0191511730015132,7.95295710480286e-05,0.0228231901857274,0.0129714940597817,0.8903892422729802,0.8219410415447125,0.25518180471287,0.000736251030731,0.2213637537691228,0.1312015789804108,0.5013555616774877,0.4627916789525381,0.1496171538397684,0.0003983570583241,0.1266346452602188,0.110496647066353,12.20153232628034,9.249834595859271,2.6314240810189524,0.0071601589842264,2.246649420020192,1.1332836432741522,13,67498.61647861512,41355.082148205576,44018.34485330575,98620.96186317896,179936.44769852614,393666.1455604748,138581.36555032057,712203.0639937205,0.5013491296106897,0.7701683973583062,0.7701683973583062,0.0,0.0,0.0,0.0,0.0,0.0,0.0,0.0,0.0,0.0,0.0,0.0,0.0,0.0,0.0,0.0,0.0,0.0,0.0,0.0,0.0,0.0,0.0,0.0,0.0216336730686965,0.0149860290403666,0.0054265428390039,1.9831303731181336e-05,0.005539242431709,0.0037758949795513,0.2964590639146039,0.1590433380883053,0.0552389086562076,0.0001853445383993,0.054370132567771,0.0377422994322393,0.0,0.0,0.0,0.0,0.0,0.0,0.0,0.0,0.0,0.0,0.0,0.0,3229377.976593554,0.45686352718841533,2420972.189451842,0.342497503146017,3018749.050159422,0.4270656295882986,643854.2668094039,713912.9779973626,0.0910867459497997,0.100998026120654,2.8781249999999976,18,18,13,1105.4691467285156,26658.205932617188,166753.94140625,289958.98125000007,288853.51210327155,1261819.875,0.5948861353630505,13,67498.61647861512,41355.082148205576,44018.34485330575,98620.96186317896,179936.44769852614,138581.36555032057,712203.0639937205,0.5013491296106897,0.7701683973583062,0.7701683973583062,0.5013555616774877,0.0,0.4627916789525381,0.0,0.1496171538397684,0.0,0.0003983570583241,0.0,0.1266346452602188,0.0,0.110496647066353,0.0,12.20153232628034,0.0,9.249834595859271,0.0,2.6314240810189524,0.0,0.0071601589842264,0.0,2.246649420020192,0.0,1.1332836432741522,0.0,0.9961874981696967,0.9961874981696967,0.2777777777777778,0.840134477735241,0.840134477735241,0.840134477735241,0.840134477735241,0.5536613715614104,0.5536613715614104,0.5536613715614104,0.5536613715614104
C6,10.0,100.0,1500.0,220.0,235.0,3.0,15.0,Tb,,,Harmonized_irBT,Harmonized_irBT,cold,220.0,235.0,K,1.0,K,,,,18,18,13,119349.91015625,1105.4691467285156,26658.205932617188,166753.94140625,289958.98125000007,471366.3062499987,288853.51210327155,1261819.875,0.5948861353630505,0.9961874981696967,0.9961874981696967,0.0777788071462006,0.0666415115432345,0.0190983046797815,7.961606865611843e-05,0.0228231901857274,0.0129714940597817,0.929811767649202,0.8487630045321715,0.2574735395576323,0.0007503487268238,0.2252194845284915,0.133892725961309,0.5013555616774877,0.4627916789525381,0.1512950197267813,0.0004062970713581,0.1292926853723779,0.110496647066353,14.24429360519248,11.342927476771065,2.8340461683535683,0.0079496391100383,2.499935911141628,1.1332836432741522,13,64116.99884014501,39135.05972114215,41687.51235673314,95353.97533109768,170326.53994626366,376047.3445085137,131191.48022512152,684290.3895880434,0.5037160664933382,0.770235104091888,0.770235104091888,0.0,0.0,0.0,0.0,0.0,0.0,0.0,0.0,0.0,0.0,0.0,0.0,0.0695183922550145,0.0291093910889648,0.0026621030287931,0.0080129809906758,0.0055144960948676,0.0,0.1234916215936957,0.0516930272170956,0.0047122445396554,0.0142340596579181,0.0097937630174147,0.0,0.0226504015896596,0.015138538318511,0.0054841205830502,2.0164896826518876e-05,0.0056303122528554,0.0038195650277243,0.3469938559009023,0.19592745637502,0.0592473138671684,0.0002033128235068,0.0597654250486061,0.0377422994322393,0.0,0.0,0.0,0.0,0.0,0.0,0.0052182447713443,0.0021420475073723,0.0001564667097944,0.000601212289995,0.0004084226232873,0.0,3229377.976593554,0.45686352718841533,2420972.189451842,0.342497503146017,3018749.050159422,0.4270656295882986,643854.2668094039,713912.9779973626,0.0910867459497997,0.100998026120654,2.842708333333331,18,18,13,1105.4691467285156,26658.205932617188,166753.94140625,289958.98125000007,288853.51210327155,1261819.875,0.5948861353630505,13,64116.99884014501,39135.05972114215,41687.51235673314,95353.97533109768,170326.53994626366,131191.48022512152,684290.3895880434,0.5037160664933382,0.770235104091888,0.770235104091888,0.5013555616774877,0.0695183922550145,0.4627916789525381,0.0291093910889648,0.1512950197267813,0.0026621030287931,0.0004062970713581,0.0080129809906758,0.1292926853723779,0.0055144960948676,0.110496647066353,0.0,14.24429360519248,0.1234916215936957,11.342927476771065,0.0516930272170956,2.8340461683535683,0.0047122445396554,0.0079496391100383,0.0142340596579181,2.499935911141628,0.0097937630174147,1.1332836432741522,0.0,0.9961874981696967,0.9961874981696967,0.2777777777777778,0.840134477735241,0.840134477735241,0.840134477735241,0.840134477735241,0.5628130635143258,0.5628130635143258,0.5628130635143258,0.5628130635143258
C6,20.0,100.0,1500.0,220.0,235.0,3.0,15.0,Tb,,,Harmonized_irBT,Harmonized_irBT,cold,220.0,235.0,K,1.0,K,,,,18,18,13,130097.1875,1105.4691467285156,31343.901245117188,167724.05078125,289958.98125000007,472599.2124999986,288853.51210327155,1270039.25,0.576638747710085,0.9961874981696967,0.9961874981696967,0.200513844979738,0.0934274221780972,0.0382893147163897,8.200912917129494e-05,0.029994829881215,0.0144902638447006,1.913767273060977,1.0524227928547056,0.4383468639333713,0.000748180926189,0.2924398185751773,0.1389764176087822,0.5269006649378337,0.5147295485908835,0.1727678354767267,0.0004200504101168,0.1481278114445306,0.1130224560162914,11.971773000645154,11.046153590798175,3.5558196924282104,0.0073147073201365,2.7390234243387983,1.3434224342015275,13,62932.47740746057,38772.06121757756,44324.027803675934,93730.03465725608,169436.2383533105,372539.6326530159,130664.17713573294,677011.3143323536,0.5022385410637679,0.7711701959723067,0.7711701959723067,0.0,0.0,0.0,0.0,0.0,0.0,0.0,0.0,0.0,0.0,0.0,0.0,0.0,0.0,0.0,0.0,0.0,0.0,0.0,0.0,0.0,0.0,0.0,0.0,0.0379325182509912,0.0191944741651555,0.0092428893412087,1.9795904616350187e-05,0.0069884878363816,0.004093418407777,0.3334219216198254,0.2295670682869528,0.0778053886211507,0.0001984284258639,0.0681724740395057,0.0409666776884338,0.0,0.0,0.0,0.0,0.0,0.0,0.0,0.0,0.0,0.0,0.0,0.0,3229377.976593554,0.45686352718841533,2420972.189451842,0.342497503146017,3018749.050159422,0.4270656295882986,643854.2668094039,713912.9779973626,0.0910867459497997,0.100998026120654,2.8781249999999976,18,18,13,1105.4691467285156,31343.901245117188,167724.05078125,289958.98125000007,288853.51210327155,1270039.25,0.576638747710085,13,62932.47740746057,38772.06121757756,44324.027803675934,93730.03465725608,169436.2383533105,130664.17713573294,677011.3143323536,0.5022385410637679,0.7711701959723067,0.7711701959723067,0.5269006649378337,0.0,0.5147295485908835,0.0,0.1727678354767267,0.0,0.0004200504101168,0.0,0.1481278114445306,0.0,0.1130224560162914,0.0,11.971773000645154,0.0,11.046153590798175,0.0,3.5558196924282104,0.0,0.0073147073201365,0.0,2.7390234243387983,0.0,1.3434224342015275,0.0,0.9961874981696967,0.9961874981696967,0.2777777777777778,0.8131222022177564,0.8131222022177564,0.8131222022177564,0.8131222022177564,0.5271096616388096,0.5271096616388096,0.5271096616388096,0.5271096616388096
C6,30.0,100.0,1500.0,220.0,235.0,3.0,15.0,Tb,,,Harmonized_irBT,Harmonized_irBT,cold,220.0,235.0,K,1.0,K,,,,17,17,12,148385.796875,1090.21337890625,6833.95166015625,185186.21875,295946.91250000003,519507.4499999994,294856.6991210938,1270039.25,0.577321412683689,0.9963161860020883,0.9963161860020883,0.1824701715868846,0.074562824747167,0.0298880967121649,8.325933458406774e-05,0.0249287524464988,0.0140554320913704,1.6770143374154447,0.8254550371206302,0.364332539927789,0.0007244387961812,0.2360776756240536,0.1215772992062079,0.5264036204086562,0.3481862593528692,0.1428038887391808,0.0003510507964657,0.1207333921488045,0.1050187178615201,7.669737611009905,6.94413598943225,3.4344187980181737,0.005200064382462,2.0052150775884683,0.8954027296103145,12,65177.33657424157,44115.78129373625,60883.44638076046,113112.24422916526,169762.93700651865,400371.1100250011,125647.1557127824,682055.0830134616,0.4852530561955965,0.7401330227219015,0.7401330227219015,0.0,0.0,0.0,0.0,0.0,0.0,0.0,0.0,0.0,0.0,0.0,0.0,0.0,0.0,0.0,0.0,0.0,0.0,0.0,0.0,0.0,0.0,0.0,0.0,0.0752267278867675,0.0240916027209334,0.0084628872757387,2.7708117920171e-05,0.0078384441205856,0.0030615102994763,0.3440455166981774,0.1686800132184647,0.075948920530697,0.0001785560119385,0.0589081421309688,0.0374529851309489,0.0,0.0,0.0,0.0,0.0,0.0,0.0,0.0,0.0,0.0,0.0,0.0,3229377.976593554,0.45686352718841533,2468525.4710484142,0.3492249163249818,3018749.050159422,0.4270656295882986,643854.2668094039,713912.9779973626,0.0910867459497997,0.100998026120654,2.9291666666666654,17,17,12,1090.21337890625,6833.95166015625,185186.21875,295946.91250000003,294856.6991210938,1270039.25,0.577321412683689,12,65177.33657424157,44115.78129373625,60883.44638076046,113112.24422916526,169762.93700651865,125647.1557127824,682055.0830134616,0.4852530561955965,0.7401330227219015,0.7401330227219015,0.5264036204086562,0.0,0.3481862593528692,0.0,0.1428038887391808,0.0,0.0003510507964657,0.0,0.1207333921488045,0.0,0.1050187178615201,0.0,7.669737611009905,0.0,6.94413598943225,0.0,3.4344187980181737,0.0,0.005200064382462,0.0,2.0052150775884683,0.0,0.8954027296103145,0.0,0.9963161860020883,0.9963161860020883,0.2941176470588235,0.9630968670007674,0.9630968670007674,0.9630968670007674,0.9630968670007674,0.46174309602229546,0.46174309602229546,0.46174309602229546,0.46174309602229546
C6,40.0,100.0,1500.0,220.0,235.0,3.0,15.0,Tb,,,Harmonized_irBT,Harmonized_irBT,cold,220.0,235.0,K,1.0,K,,,,18,18,13,138473.6171875,1105.4691467285156,19687.904174804688,182108.828125,289958.98125000007,473640.45624999865,288853.51210327155,1276980.875,0.5843071879437024,0.9961874981696967,0.9961874981696967,0.1781501337078337,0.1442089856999306,0.032164685952683,0.0002023518148476,0.031830456399878,0.0147560113049138,1.856656574038136,1.513515740068325,0.3906954006113838,0.0020499217930084,0.3279565555153358,0.1217888814821314,0.5327368724899718,0.4084905763899532,0.1403549532234391,0.0006813126425797,0.1333114251061758,0.1123330043993103,8.56382018880872,5.9838923650387486,3.267658897069398,0.009283475587096,2.089945252965651,1.252353041695191,13,63754.00033658042,39200.01734809581,58423.653889500434,95774.28938785664,169806.87893063432,376249.8594631339,130606.86158253852,685455.8058363298,0.4920059099053787,0.7691494149414941,0.7691494149414941,0.0,0.0,0.0,0.0,0.0,0.0,0.0,0.0,0.0,0.0,0.0,0.0,0.0,0.0,0.0,0.0,0.0,0.0,0.0,0.0,0.0,0.0,0.0,0.0,0.0859443907089397,0.0811466589193235,0.0096139434317891,0.0001035844581486,0.0128466014559049,0.0036516894788802,0.3703833945009048,0.2910734619295646,0.0754312648059947,0.0004205663129718,0.0709285677655407,0.038037658668667,0.0,0.0,0.0,0.0,0.0,0.0,0.0,0.0,0.0,0.0,0.0,0.0,3229377.976593554,0.45686352718841533,2420972.189451842,0.342497503146017,3018749.050159422,0.4270656295882986,643854.2668094039,713912.9779973626,0.0910867459497997,0.100998026120654,2.842708333333331,18,18,13,1105.4691467285156,19687.904174804688,182108.828125,289958.98125000007,288853.51210327155,1276980.875,0.5843071879437024,13,63754.00033658042,39200.01734809581,58423.653889500434,95774.28938785664,169806.87893063432,130606.86158253852,685455.8058363298,0.4920059099053787,0.7691494149414941,0.7691494149414941,0.5327368724899718,0.0,0.4084905763899532,0.0,0.1403549532234391,0.0,0.0006813126425797,0.0,0.1333114251061758,0.0,0.1123330043993103,0.0,8.56382018880872,0.0,5.9838923650387486,0.0,3.267658897069398,0.0,0.009283475587096,0.0,2.089945252965651,0.0,1.252353041695191,0.0,0.9961874981696967,0.9961874981696967,0.2777777777777778,0.8918893478283718,0.8918893478283718,0.8918893478283718,0.8918893478283718,0.38998603630560524,0.38998603630560524,0.38998603630560524,0.38998603630560524
C6,50.0,100.0,1500.0,220.0,235.0,3.0,15.0,Tb,,,Harmonized_irBT,Harmonized_irBT,cold,220.0,235.0,K,1.0,K,,,,18,18,13,130457.203125,1105.4691467285156,29418.762573242188,182108.828125,289958.98125000007,473640.45624999865,288853.51210327155,1276980.875,0.5773445775893404,0.9961874981696967,0.9961874981696967,0.1745280325114713,0.1289213422574122,0.0326365806379583,0.0001210659480564,0.0308521506253965,0.0147560113049138,2.1982398584953207,1.2147970492038762,0.406966421868548,0.0012482257122205,0.327707229791853,0.1217888814821314,0.6133842884593689,0.5161602839607744,0.1424304824375992,0.0005127709544062,0.1389747393691876,0.1124556013359468,10.691544811963611,10.07947483460176,3.393255794297267,0.0085275963739465,2.3710117064151888,1.252353041695191,13,64040.57810255247,41920.5956063904,58863.07313065756,96462.07602618956,169264.29169372728,377950.220874568,127343.69608733688,690881.6782054005,0.4904110346451258,0.7523364485981309,0.7523364485981309,0.0,0.0,0.0,0.0,0.0,0.0,0.0,0.0,0.0,0.0,0.0,0.0,0.0,0.0,0.0,0.0,0.0,0.0,0.0,0.0,0.0,0.0,0.0,0.0,0.0964144893992801,0.0422318381024796,0.0100455428353955,4.537078516845042e-05,0.011017554959366,0.0036516894788802,0.468929643847229,0.3362742528034227,0.0804075199721825,0.0002978391643753,0.0761921553897486,0.038037658668667,0.0,0.0,0.0,0.0,0.0,0.0,0.0,0.0,0.0,0.0,0.0,0.0,3229377.976593554,0.45686352718841533,2420972.189451842,0.342497503146017,3018749.050159422,0.4270656295882986,643854.2668094039,713912.9779973626,0.0910867459497997,0.100998026120654,2.382291666666663,18,18,13,1105.4691467285156,29418.762573242188,182108.828125,289958.98125000007,288853.51210327155,1276980.875,0.5773445775893404,13,64040.57810255247,41920.5956063904,58863.07313065756,96462.07602618956,169264.29169372728,127343.69608733688,690881.6782054005,0.4904110346451258,0.7523364485981309,0.7523364485981309,0.6133842884593689,0.0,0.5161602839607744,0.0,0.1424304824375992,0.0,0.0005127709544062,0.0,0.1389747393691876,0.0,0.1124556013359468,0.0,10.691544811963611,0.0,10.07947483460176,0.0,3.393255794297267,0.0,0.0085275963739465,0.0,2.3710117064151888,0.0,1.252353041695191,0.0,0.9961874981696967,0.9961874981696967,0.2777777777777778,0.8384550442933548,0.8384550442933548,0.8384550442933548,0.8384550442933548,0.38978015448603687,0.38978015448603687,0.38978015448603687,0.38978015448603687
C6,60.0,100.0,1500.0,220.0,235.0,3.0,15.0,Tb,,,Harmonized_irBT,Harmonized_irBT,cold,220.0,235.0,K,1.0,K,,,,20,20,15,130097.1875,1135.9806823730469,61830.98986816406,175954.046875,277983.1187500001,379111.4812500007,276847.13806762703,1276614.125,0.5561569839258319,0.9959134904037296,0.9959134904037296,0.1797024505239803,0.144305907657906,0.0360715914800482,0.000196002857269,0.0380806983610917,0.015795346071172,2.2475498443543427,1.2293324967613493,0.4308511499477049,0.001828680631378,0.3779537587556797,0.1294184801735749,0.5995787369592758,0.5861825068987556,0.1628758861432366,0.0008374009047623,0.1776146386674346,0.112490743711189,12.068620319542736,10.850503309321187,3.291669727144363,0.0133928560880879,2.8952688021976405,1.4200055357091723,15,64403.57660611706,40227.87626871554,52138.04822251363,91915.04213943316,168817.2303788109,327531.63924788684,128589.35411009536,695065.7135885922,0.4809237187342972,0.7617075213326996,0.7617075213326996,0.0,0.0,0.0,0.0,0.0,0.0,0.0,0.0,0.0,0.0,0.0,0.0,0.0,0.0,0.0,0.0,0.0,0.0,0.0,0.0,0.0,0.0,0.0,0.0,0.0972888725322594,0.0481618472148086,0.0117033987786897,7.22941370486996e-05,0.0138286618133907,0.0043020860365212,0.4669066219307271,0.382933412503846,0.0868149417455262,0.0004813140906942,0.0981728963884745,0.0383063596867292,0.0,0.0,0.0,0.0,0.0,0.0,0.0,0.0,0.0,0.0,0.0,0.0,3229377.976593554,0.45686352718841533,2325865.6262587016,0.3290426767880882,3018749.050159422,0.4270656295882986,643854.2668094039,713912.9779973626,0.0910867459497997,0.100998026120654,2.076041666666668,20,20,15,1135.9806823730469,61830.98986816406,175954.046875,277983.1187500001,276847.13806762703,1276614.125,0.5561569839258319,15,64403.57660611706,40227.87626871554,52138.04822251363,91915.04213943316,168817.2303788109,128589.35411009536,695065.7135885922,0.4809237187342972,0.7617075213326996,0.7617075213326996,0.5995787369592758,0.0,0.5861825068987556,0.0,0.1628758861432366,0.0,0.0008374009047623,0.0,0.1776146386674346,0.0,0.112490743711189,0.0,12.068620319542736,0.0,10.850503309321187,0.0,3.291669727144363,0.0,0.0133928560880879,0.0,2.8952688021976405,0.0,1.4200055357091723,0.0,0.9959134904037296,0.9959134904037296,0.25,0.6485958068808182,0.6485958068808182,0.6485958068808182,0.6485958068808182,0.43275826231552694,0.43275826231552694,0.43275826231552694,0.43275826231552694
C6,70.0,100.0,1500.0,220.0,235.0,3.0,15.0,Tb,,,Harmonized_irBT,Harmonized_irBT,cold,220.0,235.0,K,1.0,K,,,,18,18,15,133659.25,5083.369793701173,114615.494140625,183540.6015625,289379.11875,473640.45624999865,284295.74895629886,1276980.875,0.4982979645753445,0.9824335293587897,0.9824335293587897,0.1782296552138624,0.1368429836546659,0.0337018377245117,0.0002409029606743,0.0366193805728197,0.0215140402094317,2.2641742543976555,1.0605078138675794,0.4241684506581979,0.002211656598235,0.3694913602440017,0.1629955274286706,0.6197661480268514,0.528659371054236,0.1601898798824967,0.0010912980976501,0.1813423467128506,0.1206624478484293,10.902629587175753,10.17924938148377,3.4323897748132204,0.0153112752693213,2.9425431561192585,1.5214862956847894,15,64728.36474088537,35959.77807417192,50580.97569406553,92239.83027420146,169325.4282838013,328974.08066994604,133365.65020962938,698313.5949362754,0.4883615131626605,0.7876291916775736,0.7876291916775736,0.0,0.0,0.0,0.0,0.0,0.0,0.0,0.0,0.0,0.0,0.0,0.0,0.0,0.0,0.0,0.0,0.0,0.0,0.0,0.0,0.0,0.0,0.0,0.0,0.0983369318351845,0.051740400877895,0.0111034005072355,9.31182074393782e-05,0.0137392159347501,0.0060343613131015,0.4735197127411864,0.338695105951314,0.0861958596523283,0.0005689007591312,0.097498504757121,0.055380624131901,0.0,0.0,0.0,0.0,0.0,0.0,0.0,0.0,0.0,0.0,0.0,0.0,3229377.976593554,0.45686352718841533,2322910.531861928,0.3286246164498217,3018749.050159422,0.4270656295882986,643854.2668094039,713912.9779973626,0.0910867459497997,0.100998026120654,2.842708333333331,18,18,15,5083.369793701173,114615.494140625,183540.6015625,289379.11875,284295.74895629886,1276980.875,0.4982979645753445,15,64728.36474088537,35959.77807417192,50580.97569406553,92239.83027420146,169325.4282838013,133365.65020962938,698313.5949362754,0.4883615131626605,0.7876291916775736,0.7876291916775736,0.6197661480268514,0.0,0.528659371054236,0.0,0.1601898798824967,0.0,0.0010912980976501,0.0,0.1813423467128506,0.0,0.1206624478484293,0.0,10.902629587175753,0.0,10.17924938148377,0.0,3.4323897748132204,0.0,0.0153112752693213,0.0,2.9425431561192585,0.0,1.5214862956847894,0.0,0.9824335293587897,0.9824335293587897,0.16666666666666663,0.37553057380823907,0.37553057380823907,0.37553057380823907,0.37553057380823907,0.4516362883181442,0.4516362883181442,0.4516362883181442,0.4516362883181442
C7,0.0,100.0,1500.0,220.0,235.0,3.0,15.0,Tb,,,Harmonized_irBT,Harmonized_irBT,cold,220.0,235.0,K,1.0,K,,,,7,7,3,3942.492431640625,1737.7263671875,2337.788818359375,177964.2734375,252373.96875000003,274699.87499999994,250636.2423828125,297025.78125,0.6290744579575794,0.9931144785819457,0.9931144785819457,0.0495685014941128,0.0396173320785126,0.020837416065675,1.922644717053628e-05,0.0113127226336903,0.0,0.527606113514696,0.49817788936255,0.3510264634880725,0.0002314418003885,0.1572882439065384,0.0,0.5032241683848824,0.4125423363296076,0.2250859103582203,0.0001969238273046,0.118124709218177,0.0,8.362944725733687,7.687694056709341,5.038724725975446,0.0035125324159228,2.31747173747775,0.0,3,100977.33585718308,66414.41441717812,79375.50995717998,116540.77940461544,125878.84553307484,128991.53424256128,59464.43111589672,132104.22295204777,0.1703723546745245,0.472394156969547,0.472394156969547,0.0,0.0,0.0,0.0,0.0,0.0,0.0,0.0,0.0,0.0,0.0,0.0,0.0054032481860618,0.0049213195635752,0.0027557983729979,0.0009540699722438,0.0019957367157525,0.0005839619611956,0.0073322605317326,0.0066951582367317,0.0038116740859397,0.0013236775458385,0.0027644993711518,0.0009612375817227,0.0145937516168945,0.0128495319728918,0.0079495350165235,5.9854519389606925e-06,0.0038203174484193,0.0,0.2313216905318822,0.199406601322675,0.1147474124950893,9.14351398511331e-05,0.0567377134372374,0.0,0.0,0.0,0.0,0.0,0.0,0.0,0.0001544486826565,0.000141883573942,8.3938518376455e-05,2.935096460300424e-05,6.10820927228779e-05,2.8797595512105183e-05,1382497.3789474517,0.1955833703742899,1291635.30746346,0.1827290167598486,1336675.309251496,0.1891008735789008,1319883.249681838,1382497.3789474517,0.1867252831031634,0.1955833703742899,2.4666666666666663,7,7,3,1737.7263671875,2337.788818359375,177964.2734375,252373.96875000003,250636.2423828125,297025.78125,0.6290744579575794,3,100977.33585718308,66414.41441717812,79375.50995717998,116540.77940461544,125878.84553307484,59464.43111589672,132104.22295204777,0.1703723546745245,0.472394156969547,0.472394156969547,0.5032241683848824,0.0054032481860618,0.4125423363296076,0.0049213195635752,0.2250859103582203,0.0027557983729979,0.0001969238273046,0.0009540699722438,0.118124709218177,0.0019957367157525,0.0,0.0005839619611956,8.362944725733687,0.0073322605317326,7.687694056709341,0.0066951582367317,5.038724725975446,0.0038116740859397,0.0035125324159228,0.0013236775458385,2.31747173747775,0.0027644993711518,0.0,0.0009612375817227,0.9931144785819457,0.9931144785819457,0.5714285714285714,0.9868637183564801,0.9868637183564801,0.9868637183564801,0.9868637183564801,0.3189035600869131,0.3189035600869131,0.3189035600869131,0.3189035600869131
C7,10.0,100.0,1500.0,220.0,235.0,3.0,15.0,Tb,,,Harmonized_irBT,Harmonized_irBT,cold,220.0,235.0,K,1.0,K,,,,7,7,3,3942.492431640625,1737.7263671875,2337.788818359375,177964.2734375,252373.96875000003,274699.87499999994,250636.2423828125,297025.78125,0.6290744579575794,0.9931144785819457,0.9931144785819457,0.0495685014941128,0.0396173320785126,0.0212399918032891,1.941976043773467e-05,0.0114877162630462,0.0,0.527606113514696,0.4983137777607082,0.351658686182527,0.0002316816821984,0.157527946296922,0.0,0.5032241683848824,0.4125423363296076,0.2250864377330963,0.0001969239461718,0.118124709218177,0.0,8.362944725733687,7.687890760372076,5.0390689327906895,0.0035125900953032,2.3175589388840523,0.0,3,97334.8277928904,63052.39895248874,75908.30976763937,113852.72532508391,123763.46384440004,127067.04335083877,60711.0648919113,130370.62285727746,0.1792871770092726,0.4905410935188391,0.4905410935188391,0.0,0.0,0.0,0.0,0.0,0.0,0.0,0.0,0.0,0.0,0.0,0.0,0.0,0.0,0.0,0.0,0.0,0.0,0.0,0.0,0.0,0.0,0.0,0.0,0.0145937516168945,0.0128522743357588,0.0079636145339572,5.990929606769723e-06,0.0038257300059563,0.0,0.2313216905318822,0.1994101197089071,0.1147538028819168,9.143627404513712e-05,0.0567393572929868,0.0,0.0,0.0,0.0,0.0,0.0,0.0,0.0,0.0,0.0,0.0,0.0,0.0,1382497.3789474517,0.1955833703742899,1291635.30746346,0.1827290167598486,1336675.309251496,0.1891008735789008,1319883.249681838,1382497.3789474517,0.1867252831031634,0.1955833703742899,2.4666666666666663,7,7,3,1737.7263671875,2337.788818359375,177964.2734375,252373.96875000003,250636.2423828125,297025.78125,0.6290744579575794,3,97334.8277928904,63052.39895248874,75908.30976763937,113852.72532508391,123763.46384440004,60711.0648919113,130370.62285727746,0.1792871770092726,0.4905410935188391,0.4905410935188391,0.5032241683848824,0.0,0.4125423363296076,0.0,0.2250864377330963,0.0,0.0001969239461718,0.0,0.118124709218177,0.0,0.0,0.0,8.362944725733687,0.0,7.687890760372076,0.0,5.0390689327906895,0.0,0.0035125900953032,0.0,2.3175589388840523,0.0,0.0,0.0,0.9931144785819457,0.9931144785819457,0.5714285714285714,0.9868637183564801,0.9868637183564801,0.9868637183564801,0.9868637183564801,0.3332763045337894,0.3332763045337894,0.3332763045337894,0.3332763045337894
C7,20.0,100.0,1500.0,220.0,235.0,3.0,15.0,Tb,,,Harmonized_irBT,Harmonized_irBT,cold,220.0,235.0,K,1.0,K,,,,7,7,3,3942.492431640625,1737.7263671875,2337.788818359375,177964.2734375,252373.96875000003,274699.87499999994,250636.2423828125,297025.78125,0.6290744579575794,0.9931144785819457,0.9931144785819457,0.0495685014941128,0.0402789948332203,0.0226055914254956,2.007591342445826e-05,0.0120814167943851,0.0,0.527606113514696,0.4996117868523255,0.3586154198718885,0.0002344142226673,0.1602166394070617,0.0,0.5032241683848824,0.4125423363296076,0.2250916060068805,0.0001969251123244,0.118124709218177,0.0,8.362944725733687,7.689818878917673,5.044585403397301,0.0035141843588725,2.319345061231032,0.0,3,95328.52655961688,62526.47532823258,74827.2445400017,113151.49382607572,123845.274185951,127409.86763924276,61318.79885771844,130974.46109253452,0.1820874112121422,0.49512425290972006,0.49512425290972006,0.0,0.0,0.0,0.0,0.0,0.0,0.0,0.0,0.0,0.0,0.0,0.0,0.0,0.0,0.0,0.0,0.0,0.0,0.0,0.0,0.0,0.0,0.0,0.0,0.0145937516168945,0.0128784568945076,0.0081195932109091,6.053591789779723e-06,0.0038867801641077,0.0,0.2313216905318822,0.1994446035414344,0.1148666007334403,9.147148274715778e-05,0.0567772770371964,0.0,0.0,0.0,0.0,0.0,0.0,0.0,0.0,0.0,0.0,0.0,0.0,0.0,1382497.3789474517,0.1955833703742899,1291635.30746346,0.1827290167598486,1336675.309251496,0.1891008735789008,1319883.249681838,1382497.3789474517,0.1867252831031634,0.1955833703742899,2.4666666666666663,7,7,3,1737.7263671875,2337.788818359375,177964.2734375,252373.96875000003,250636.2423828125,297025.78125,0.6290744579575794,3,95328.52655961688,62526.47532823258,74827.2445400017,113151.49382607572,123845.274185951,61318.79885771844,130974.46109253452,0.1820874112121422,0.49512425290972006,0.49512425290972006,0.5032241683848824,0.0,0.4125423363296076,0.0,0.2250916060068805,0.0,0.0001969251123244,0.0,0.118124709218177,0.0,0.0,0.0,8.362944725733687,0.0,7.689818878917673,0.0,5.044585403397301,0.0,0.0035141843588725,0.0,2.319345061231032,0.0,0.0,0.0,0.9931144785819457,0.9931144785819457,0.5714285714285714,0.9868637183564801,0.9868637183564801,0.9868637183564801,0.9868637183564801,0.33869857118264757,0.33869857118264757,0.33869857118264757,0.33869857118264757
C7,30.0,100.0,1500.0,220.0,235.0,3.0,15.0,Tb,,,Harmonized_irBT,Harmonized_irBT,cold,220.0,235.0,K,1.0,K,,,,7,7,3,3942.492431640625,1737.7263671875,2337.788818359375,177964.2734375,252373.96875000003,274699.87499999994,250636.2423828125,297025.78125,0.6290744579575794,0.9931144785819457,0.9931144785819457,0.0495685014941128,0.0402780737168995,0.0226045766764441,2.007544383784296e-05,0.0120809781675657,0.0,0.527606113514696,0.4996381083645369,0.3586577840785109,0.0002344220379274,0.1602280881726285,0.0,0.5032241683848824,0.4125423363296076,0.2250918169568309,0.0001969251599709,0.118124709218177,0.0,8.362944725733687,7.6898980071357395,5.04475152699598,0.0035142208774463,2.319392185387882,0.0,3,95114.26137936438,62764.11489178536,74895.41982462749,123514.13708919712,140554.0625150968,146234.03765706334,77789.94762331144,151914.01279902988,0.2148621602427529,0.5534521466781231,0.5534521466781231,0.0,0.0,0.0,0.0,0.0,0.0,0.0,0.0,0.0,0.0,0.0,0.0,0.0,0.0,0.0,0.0,0.0,0.0,0.0,0.0,0.0,0.0,0.0,0.0,0.0145937516168945,0.0128789805787869,0.008120436484227,6.053748494914187e-06,0.003887008505244,0.0,0.2313216905318822,0.1994460196305586,0.1148698201130561,9.147225095636904e-05,0.0567782206273473,0.0,0.0,0.0,0.0,0.0,0.0,0.0,0.0,0.0,0.0,0.0,0.0,0.0,1382497.3789474517,0.1955833703742899,1291635.30746346,0.1827290167598486,1336675.309251496,0.1891008735789008,1319883.249681838,1382497.3789474517,0.1867252831031634,0.1955833703742899,2.4666666666666663,7,7,3,1737.7263671875,2337.788818359375,177964.2734375,252373.96875000003,250636.2423828125,297025.78125,0.6290744579575794,3,95114.26137936438,62764.11489178536,74895.41982462749,123514.13708919712,140554.0625150968,77789.94762331144,151914.01279902988,0.2148621602427529,0.5534521466781231,0.5534521466781231,0.5032241683848824,0.0,0.4125423363296076,0.0,0.2250918169568309,0.0,0.0001969251599709,0.0,0.118124709218177,0.0,0.0,0.0,8.362944725733687,0.0,7.6898980071357395,0.0,5.04475152699598,0.0,0.0035142208774463,0.0,2.319392185387882,0.0,0.0,0.0,0.9931144785819457,0.9931144785819457,0.5714285714285714,0.9868637183564801,0.9868637183564801,0.9868637183564801,0.9868637183564801,0.3936287651789938,0.3936287651789938,0.3936287651789938,0.3936287651789938
C7,40.0,100.0,1500.0,220.0,235.0,3.0,15.0,Tb,,,Harmonized_irBT,Harmonized_irBT,cold,220.0,235.0,K,1.0,K,,,,7,7,3,3942.492431640625,1737.7263671875,2337.788818359375,177964.2734375,252373.96875000003,274699.87499999994,250636.2423828125,297025.78125,0.6290744579575794,0.9931144785819457,0.9931144785819457,0.0495685014941128,0.0402780737168995,0.0226135423323938,2.005130692404772e-05,0.0120809781675657,0.0,0.5107194911204843,0.4848439209785219,0.3508875025432242,0.0002279027059008,0.1563999520937729,0.0,0.5032241683848824,0.4147305792590133,0.2288393850251782,0.0001974346554448,0.1191667296607512,0.0,8.423145711688417,7.745883229194335,5.078555334373489,0.003533816722158,2.334573709889303,0.0,3,95484.35578161872,63399.1189714428,75431.08277525878,123874.49216507634,140908.57399515092,146586.60127184243,77509.45502370811,152264.62854853398,0.2130831512659041,0.5500691180536357,0.5500691180536357,0.0,0.0,0.0,0.0,0.0,0.0,0.0,0.0,0.0,0.0,0.0,0.0,0.0,0.0,0.0,0.0,0.0,0.0,0.0,0.0,0.0,0.0,0.0,0.0,0.0141037547358021,0.0124766122229715,0.0079408638454884,5.873985919666599e-06,0.003788741217785,0.0,0.2326090609170654,0.2006505116044091,0.1156205595330347,9.18669214913755e-05,0.0571062993532143,0.0,0.0,0.0,0.0,0.0,0.0,0.0,0.0,0.0,0.0,0.0,0.0,0.0,1382497.3789474517,0.1955833703742899,1291635.30746346,0.1827290167598486,1336675.309251496,0.1891008735789008,1319883.249681838,1382497.3789474517,0.1867252831031634,0.1955833703742899,2.4666666666666663,7,7,3,1737.7263671875,2337.788818359375,177964.2734375,252373.96875000003,250636.2423828125,297025.78125,0.6290744579575794,3,95484.35578161872,63399.1189714428,75431.08277525878,123874.49216507634,140908.57399515092,77509.45502370811,152264.62854853398,0.2130831512659041,0.5500691180536357,0.5500691180536357,0.5032241683848824,0.0,0.4147305792590133,0.0,0.2288393850251782,0.0,0.0001974346554448,0.0,0.1191667296607512,0.0,0.0,0.0,8.423145711688417,0.0,7.745883229194335,0.0,5.078555334373489,0.0,0.003533816722158,0.0,2.334573709889303,0.0,0.0,0.0,0.9931144785819457,0.9931144785819457,0.5714285714285714,0.9868637183564801,0.9868637183564801,0.9868637183564801,0.9868637183564801,0.3910684802264328,0.3910684802264328,0.3910684802264328,0.3910684802264328
C7,50.0,100.0,1500.0,220.0,235.0,3.0,15.0,Tb,,,Harmonized_irBT,Harmonized_irBT,cold,220.0,235.0,K,1.0,K,,,,8,8,4,30528.336059570312,1828.3014282226563,2456.669921875,154542.94921875,228557.390625,235500.5703125,226729.08919677732,242443.75,0.6086421940613436,0.9920006899657758,0.9920006899657758,0.0791783590928704,0.0694962244865412,0.0329427729988131,0.0001034999670259,0.0227130699356847,0.0104636275467696,0.6652057743471917,0.624085370628721,0.4199593896221399,0.0009199521803785,0.2341208131833951,0.0866981584909229,0.7332754591482713,0.5568676781625091,0.2471081702208576,0.0003811562235291,0.1410628049374525,0.0298458931993038,12.4642834230771,9.906009963875288,4.689259817602277,0.0063578347154477,2.4977247126390827,0.3897305397487508,4,76297.88282264394,36296.52153477527,48813.50379207192,110891.97010704924,136206.42722124586,144644.5795926447,99909.9056864706,153082.73196404357,0.3120621205044371,0.7335182907645226,0.7335182907645226,0.0,0.0,0.0,0.0,0.0,0.0,0.0,0.0,0.0,0.0,0.0,0.0,0.0,0.0,0.0,0.0,0.0,0.0,0.0,0.0,0.0,0.0,0.0,0.0,0.0254963319142898,0.0214384533016707,0.0094565599456009,3.207066397758303e-05,0.0066858331334835,0.0020324999534507,0.3560771941437388,0.2644664670626256,0.1091435248356348,0.0001906486813365,0.0661701709987753,0.009136610484992,0.0,0.0,0.0,0.0,0.0,0.0,0.0,0.0,0.0,0.0,0.0,0.0,1235501.725967849,0.17478773945453466,1180436.5485755908,0.1669976104107924,1135146.733066036,0.160590412179623,1046130.2639301326,1235501.725967849,0.1479971578866753,0.1747877394545346,2.464583333333333,8,8,4,1828.3014282226563,2456.669921875,154542.94921875,228557.390625,226729.08919677732,242443.75,0.6086421940613436,4,76297.88282264394,36296.52153477527,48813.50379207192,110891.97010704924,136206.42722124586,99909.9056864706,153082.73196404357,0.3120621205044371,0.7335182907645226,0.7335182907645226,0.7332754591482713,0.0,0.5568676781625091,0.0,0.2471081702208576,0.0,0.0003811562235291,0.0,0.1410628049374525,0.0,0.0298458931993038,0.0,12.4642834230771,0.0,9.906009963875288,0.0,4.689259817602277,0.0,0.0063578347154477,0.0,2.4977247126390827,0.0,0.3897305397487508,0.0,0.9920006899657758,0.9920006899657758,0.5,0.9841036428106619,0.9841036428106619,0.9841036428106619,0.9841036428106619,0.5598102933427016,0.5598102933427016,0.5598102933427016,0.5598102933427016
C7,60.0,100.0,1500.0,220.0,235.0,3.0,15.0,Tb,,,Harmonized_irBT,Harmonized_irBT,cold,220.0,235.0,K,1.0,K,,,,7,7,3,3942.492431640625,1737.7263671875,2337.788818359375,177964.2734375,252373.96875000003,274699.87499999994,250636.2423828125,297025.78125,0.6290744579575794,0.9931144785819457,0.9931144785819457,0.0495685014941128,0.0405067261258613,0.0228639202519946,2.0171684004783644e-05,0.0121898602670714,0.0,0.5107194911204843,0.485072700718926,0.3519327147852905,0.0002282974339641,0.156795083278806,0.0,0.5032241683848824,0.4147305792590133,0.2288405957425537,0.000197434883825,0.1191667296607512,0.0,8.423145711688417,7.746296970097405,5.079362419678913,0.0035339777427476,2.3347931162997786,0.0,3,97256.9131818895,63909.45967349879,76414.7547391453,125676.26754447247,142727.88016202225,148411.75103453884,78818.42048852346,154095.62190705544,0.2140001269277146,0.5522286213390835,0.5522286213390835,0.0,0.0,0.0,0.0,0.0,0.0,0.0,0.0,0.0,0.0,0.0,0.0,0.0,0.0,0.0,0.0,0.0,0.0,0.0,0.0,0.0,0.0,0.0,0.0,0.0141037547358021,0.0124812170884665,0.0079641140128519,5.882999546790806e-06,0.0037976586863704,0.0,0.2326090609170654,0.200657906889901,0.1156359390980924,9.187023565097154e-05,0.057110597790857,0.0,0.0,0.0,0.0,0.0,0.0,0.0,0.0,0.0,0.0,0.0,0.0,0.0,1382497.3789474517,0.1955833703742899,1291635.30746346,0.1827290167598486,1336675.309251496,0.1891008735789008,1319883.249681838,1382497.3789474517,0.1867252831031634,0.1955833703742899,2.4666666666666663,7,7,3,1737.7263671875,2337.788818359375,177964.2734375,252373.96875000003,250636.2423828125,297025.78125,0.6290744579575794,3,97256.9131818895,63909.45967349879,76414.7547391453,125676.26754447247,142727.88016202225,78818.42048852346,154095.62190705544,0.2140001269277146,0.5522286213390835,0.5522286213390835,0.5032241683848824,0.0,0.4147305792590133,0.0,0.2288405957425537,0.0,0.000197434883825,0.0,0.1191667296607512,0.0,0.0,0.0,8.423145711688417,0.0,7.746296970097405,0.0,5.079362419678913,0.0,0.0035339777427476,0.0,2.3347931162997786,0.0,0.0,0.0,0.9931144785819457,0.9931144785819457,0.5714285714285714,0.9868637183564801,0.9868637183564801,0.9868637183564801,0.9868637183564801,0.3919714817110974,0.3919714817110974,0.3919714817110974,0.3919714817110974
C7,70.0,100.0,1500.0,220.0,235.0,3.0,15.0,Tb,,,Harmonized_irBT,Harmonized_irBT,cold,220.0,235.0,K,1.0,K,,,,7,7,3,3942.492431640625,1737.7263671875,2337.788818359375,177964.2734375,252373.96875000003,274699.87499999994,250636.2423828125,297025.78125,0.6290744579575794,0.9931144785819457,0.9931144785819457,0.0495685014941128,0.0405067261258613,0.0228639182540388,2.0171688001279768e-05,0.0121898602670714,0.0,0.5107194911204843,0.4850795359509349,0.3519437949345586,0.0002282995145287,0.1567980995166,0.0,0.5032241683848824,0.4147305792590133,0.2288406533957621,0.0001974348947029,0.1191667296607512,0.0,8.423145711688417,7.746316647234504,5.079397027010908,0.0035339835836097,2.33480190679881,0.0,3,97432.22105664156,63835.44079304792,76434.23339189553,125861.31474559962,142918.77095897446,148604.58969676608,79083.33016592654,154290.4084345577,0.2145559853721436,0.5533446001199367,0.5533446001199367,0.0,0.0,0.0,0.0,0.0,0.0,0.0,0.0,0.0,0.0,0.0,0.0,0.0,0.0,0.0,0.0,0.0,0.0,0.0,0.0,0.0,0.0,0.0,0.0,0.0141037547358021,0.0124813533603371,0.0079643353223325,5.883041485780539e-06,0.0037977190986292,0.0,0.2326090609170654,0.2006582585286258,0.1156365819842329,9.187035071541396e-05,0.0571107636981463,0.0,0.0,0.0,0.0,0.0,0.0,0.0,0.0,0.0,0.0,0.0,0.0,0.0,1382497.3789474517,0.1955833703742899,1291635.30746346,0.1827290167598486,1336675.309251496,0.1891008735789008,1319883.249681838,1382497.3789474517,0.1867252831031634,0.1955833703742899,2.4666666666666663,7,7,3,1737.7263671875,2337.788818359375,177964.2734375,252373.96875000003,250636.2423828125,297025.78125,0.6290744579575794,3,97432.22105664156,63835.44079304792,76434.23339189553,125861.31474559962,142918.77095897446,79083.33016592654,154290.4084345577,0.2145559853721436,0.5533446001199367,0.5533446001199367,0.5032241683848824,0.0,0.4147305792590133,0.0,0.2288406533957621,0.0,0.0001974348947029,0.0,0.1191667296607512,0.0,0.0,0.0,8.423145711688417,0.0,7.746316647234504,0.0,5.079397027010908,0.0,0.0035339835836097,0.0,2.33480190679881,0.0,0.0,0.0,0.9931144785819457,0.9931144785819457,0.5714285714285714,0.9868637183564801,0.9868637183564801,0.9868637183564801,0.9868637183564801,0.3927106708968505,0.3927106708968505,0.3927106708968505,0.3927106708968505
C8,0.0,100.0,1500.0,220.0,235.0,3.0,15.0,Tb,,,Harmonized_irBT,Harmonized_irBT,cold,220.0,235.0,K,1.0,K,,,,12,12,9,174563.921875,12937.328955078136,129033.13671875,268102.71484375,439953.2218750001,528724.5281249998,427015.8929199219,627787.8125,0.418823919201952,0.9705938533648154,0.9705938533648154,0.5,0.2539599798921995,0.0307224525007773,0.4939815582001146,0.0643843782545964,0.0268307193135942,0.989584402020602,0.8628708887017777,0.6449302987348283,0.4939978004191655,0.4321762603179988,0.4570891922965818,1.0055555555600046,0.712335696246118,0.2259717088225374,0.9934653331539092,0.2799586567936678,0.2166201421273415,9.768750326212311,9.101845925220816,6.974927242200393,0.993669567967476,4.361672605787727,4.472867218398976,9,94335.11526935526,42447.88007329733,63130.31356348965,129357.7329142656,217818.08651415203,261816.46734636748,175370.2064408547,305814.848178583,0.3568289122998251,0.8051223350980112,0.8051223350980112,0.0,0.0,0.0,0.0,0.0,0.0,0.0,0.0,0.0,0.0,0.0,0.0,0.1387533324610045,0.1153195217942076,0.0412620458759139,0.0129628479255908,0.0316674750389323,0.0,1.8813638949977227,1.3012412849851644,0.2979477781002792,0.15201674572331,0.3029349618190425,0.0,0.5,0.2341058231575334,0.0101380259327115,0.493980776228903,0.0496238772038685,0.0101754619673013,1.0055555555600046,0.5695670305292917,0.1101257832149521,0.9934565819994507,0.1784695375829216,0.0987258754448968,0.0,0.0,0.0,0.0,0.0,0.0,0.0608240677134444,0.0393745163001449,0.0062981578050286,0.0046632336969811,0.0082555757085099,0.0,2405973.969729062,0.3403756890958315,2287110.360983984,0.3235599283087023,2291216.4609837304,0.3241408226302928,1457383.059445709,2405973.969729062,0.2061775270125992,0.3403756890958315,3.909375,12,12,9,12937.328955078136,129033.13671875,268102.71484375,439953.2218750001,427015.8929199219,627787.8125,0.418823919201952,9,94335.11526935526,42447.88007329733,63130.31356348965,129357.7329142656,217818.08651415203,175370.2064408547,305814.848178583,0.3568289122998251,0.8051223350980112,0.8051223350980112,1.0055555555600046,0.1387533324610045,0.712335696246118,0.1153195217942076,0.2259717088225374,0.0412620458759139,0.9934653331539092,0.0129628479255908,0.2799586567936678,0.0316674750389323,0.2166201421273415,0.0,9.768750326212311,1.8813638949977227,9.101845925220816,1.3012412849851644,6.974927242200393,0.2979477781002792,0.993669567967476,0.15201674572331,4.361672605787727,0.3029349618190425,4.472867218398976,0.0,0.9705938533648154,0.9705938533648154,0.25,0.5187175303541764,0.5187175303541764,0.5187175303541764,0.5187175303541764,0.5119710886914621,0.5119710886914621,0.5119710886914621,0.5119710886914621
C8,10.0,100.0,1500.0,220.0,235.0,3.0,15.0,Tb,,,Harmonized_irBT,Harmonized_irBT,cold,220.0,235.0,K,1.0,K,,,,13,13,11,182683.5625,19974.47958984377,119470.015625,233977.796875,430227.6750000001,518612.5062499997,410253.1954101563,627787.8125,0.4218662169314408,0.9535723042692599,0.9535723042692599,0.5,0.2386880049727166,0.0308416279654872,0.4876255974616817,0.0667200660365854,0.0315685122030075,1.1783574038379043,1.0903307503140138,0.6162872611662417,0.4876580966427262,0.5195175955464217,0.4726301409020769,1.0055555555600046,1.0024507936544065,0.2257253998685671,1.0053890728910622,0.3945910535054789,0.2091293316838381,15.13076747788472,11.7296743880834,6.460786741127592,1.0089722998299135,5.250932217612454,5.529222827736271,11,68253.19923679967,38158.68073769708,41060.99999748108,108233.13400664309,185144.5943909192,236431.8870822701,146985.91365322212,287719.179773621,0.3817277583348683,0.7938979484481852,0.7938979484481852,0.0,0.0,0.0,0.0,0.0,0.0,0.0,0.0,0.0,0.0,0.0,0.0,0.204553112786145,0.114726915017435,0.0059778045346532,0.049627750120089,0.0222652030694653,0.0,0.9190898894385622,0.5045856144635712,0.0298808899244059,0.2175351152139629,0.0976768917164172,0.0,0.5,0.2201043189446631,0.0113044390263057,0.4876244106296636,0.0502464265405395,0.0110288533151066,1.0055555555600046,1.00242475386995,0.1164347529217207,1.005376877828544,0.2840577837494005,0.1449394109602725,0.0,0.0,0.0,0.0,0.0,0.0,0.0699198450740427,0.0361094567155769,0.0010960079260056,0.016143138359674,0.0066686311575886,0.0,2405973.969729062,0.3403756890958315,2276304.578370794,0.3220312227825996,2291216.4609837304,0.3241408226302928,1450896.668079868,2405973.969729062,0.2052598903470862,0.3403756890958315,3.6041666666666656,13,13,11,19974.47958984377,119470.015625,233977.796875,430227.6750000001,410253.1954101563,627787.8125,0.4218662169314408,11,68253.19923679967,38158.68073769708,41060.99999748108,108233.13400664309,185144.5943909192,146985.91365322212,287719.179773621,0.3817277583348683,0.7938979484481852,0.7938979484481852,1.0055555555600046,0.204553112786145,1.0024507936544065,0.114726915017435,0.2257253998685671,0.0059778045346532,1.0053890728910622,0.049627750120089,0.3945910535054789,0.0222652030694653,0.2091293316838381,0.0,15.13076747788472,0.9190898894385622,11.7296743880834,0.5045856144635712,6.460786741127592,0.0298808899244059,1.0089722998299135,0.2175351152139629,5.250932217612454,0.0976768917164172,5.529222827736271,0.0,0.9535723042692599,0.9535723042692599,0.15384615384615385,0.489395928927284,0.489395928927284,0.489395928927284,0.489395928927284,0.6206244938360479,0.6206244938360479,0.6206244938360479,0.6206244938360479
C8,20.0,100.0,1500.0,220.0,235.0,3.0,15.0,Tb,,,Harmonized_irBT,Harmonized_irBT,cold,220.0,235.0,K,1.0,K,,,,16,16,14,119356.45703125,27962.063415527344,94358.375,198311.13671875,405464.234375,488848.1484375,377502.1709594727,626074.6875,0.4517121891367385,0.931036917575161,0.931036917575161,0.5,0.1725360655135936,0.0322867500171119,0.4875852194647118,0.0628325098178253,0.0326737395218215,1.2415646692438191,1.1106452827845894,0.658668080856818,0.4876445398312944,0.5362863611986977,0.5865455668508858,1.0055555555600046,1.001674603178007,0.2391923964606319,1.0053154298235183,0.3777637978111842,0.2072243858934523,14.94381301450167,10.864119237643289,6.802503373556079,1.0090582829005816,5.014014877630624,5.44405142106093,14,50157.53083183766,32728.03235093345,38650.516719640334,95348.00521236712,159795.0757017723,218598.20655679863,127067.04335083884,288323.0180088781,0.4002015150043701,0.7951874786679021,0.7951874786679021,0.0,0.0,0.0,0.0,0.0,0.0,0.0,0.0,0.0,0.0,0.0,0.0,0.1399236350137478,0.056909586817562,0.0039875423978047,0.0195593513626903,0.0115390572496375,0.0,0.3043556319107009,0.1279830143699976,0.0100053340791251,0.0431071621558707,0.0260613240880175,0.0,0.5,0.1502921546032652,0.0123540418294316,0.4875830374169153,0.0455300846614994,0.0135215239172782,1.0055555555600046,1.0016420534474362,0.1224472345150391,1.0052961436431358,0.2568206849173313,0.1361336365530651,0.0,0.0,0.0,0.0,0.0,0.0,0.0248731142037147,0.0093567494718599,0.0003736080135462,0.0034139649679176,0.0018785331152142,0.0,2404298.805592548,0.3401387018488835,2243468.4394970997,0.3173858593925547,2265411.141820233,0.3204901167610176,1383286.2643838376,2404298.805592548,0.195694974833609,0.3401387018488835,3.479166666666667,16,16,14,27962.063415527344,94358.375,198311.13671875,405464.234375,377502.1709594727,626074.6875,0.4517121891367385,14,50157.53083183766,32728.03235093345,38650.516719640334,95348.00521236712,159795.0757017723,127067.04335083884,288323.0180088781,0.4002015150043701,0.7951874786679021,0.7951874786679021,1.0055555555600046,0.1399236350137478,1.001674603178007,0.056909586817562,0.2391923964606319,0.0039875423978047,1.0053154298235183,0.0195593513626903,0.3777637978111842,0.0115390572496375,0.2072243858934523,0.0,14.94381301450167,0.3043556319107009,10.864119237643289,0.1279830143699976,6.802503373556079,0.0100053340791251,1.0090582829005816,0.0431071621558707,5.014014877630624,0.0260613240880175,5.44405142106093,0.0,0.931036917575161,0.931036917575161,0.125,0.5241902368104445,0.5241902368104445,0.5241902368104445,0.5241902368104445,0.5946373850868234,0.5946373850868234,0.5946373850868234,0.5946373850868234
C8,30.0,100.0,1500.0,220.0,235.0,3.0,15.0,Tb,,,Harmonized_irBT,Harmonized_irBT,cold,220.0,235.0,K,1.0,K,,,,15,15,14,166444.28125,70832.36093750001,106768.56640625,199208.1328125,353322.64375,452408.8218749997,282490.2828125,626074.6875,0.3894854541782322,0.7995249888721574,0.7995249888721574,0.5,0.214954295856857,0.0384112977066286,0.4999312506433058,0.0747017034181236,0.0422270349277648,1.6889446612663537,1.651822391318164,0.7670096766083656,0.4999927881585786,0.6836715641087069,0.588269466812664,1.0055555555600046,0.6870158675477854,0.2386488174577124,1.005437945340926,0.3133552411350263,0.2096933721047233,13.654300282147425,12.140128354812578,7.02489579946911,1.00593105069169,5.429721943087108,5.358671853957755,14,48862.20042394748,33028.00360328697,38704.08301470347,95932.36479487397,160079.46403192563,219067.64208807916,127051.46042863866,287855.5303428726,0.4008114273989868,0.7936774476162665,0.7936774476162665,0.0,0.0,0.0,0.0,0.0,0.0,0.0,0.0,0.0,0.0,0.0,0.0,0.0245139719702458,0.0173767948846268,0.0044439720746467,0.0012208773160024,0.0027176908215055,0.0,0.0245139719702458,0.0173767948846268,0.0044439720746467,0.0012208773160024,0.0027176908215055,0.0,0.5,0.1843654240950788,0.0142843215694027,0.4999283436861577,0.050550094914374,0.0174138600977408,1.0055555555600046,0.5885009077233132,0.1247196943488202,1.0054243528521496,0.2027837702243541,0.1185005701905458,0.0,0.0,0.0,0.0,0.0,0.0,0.0009651788009436,0.0005627691531015,7.785412886755678e-05,7.507257909528586e-05,9.366184542688366e-05,0.0,2189858.317465283,0.3098015785737785,2148503.189811275,0.3039510248063725,1955132.760363934,0.2765947050780641,854197.3590557594,1207919.9536735266,0.120844206284237,0.1708857168768666,3.3895833333333325,15,15,14,70832.36093750001,106768.56640625,199208.1328125,353322.64375,282490.2828125,626074.6875,0.3894854541782322,14,48862.20042394748,33028.00360328697,38704.08301470347,95932.36479487397,160079.46403192563,127051.46042863866,287855.5303428726,0.4008114273989868,0.7936774476162665,0.7936774476162665,1.0055555555600046,0.0245139719702458,0.6870158675477854,0.0173767948846268,0.2386488174577124,0.0044439720746467,1.005437945340926,0.0012208773160024,0.3133552411350263,0.0027176908215055,0.2096933721047233,0.0,13.654300282147425,0.0245139719702458,12.140128354812578,0.0173767948846268,7.02489579946911,0.0044439720746467,1.00593105069169,0.0012208773160024,5.429721943087108,0.0027176908215055,5.358671853957755,0.0,0.7995249888721574,0.7995249888721574,0.06666666666666665,0.4640351028903854,0.4640351028903854,0.4640351028903854,0.4640351028903854,0.5965482233502537,0.5965482233502537,0.5965482233502537,0.5965482233502537
C8,40.0,100.0,1500.0,220.0,235.0,3.0,15.0,Tb,,,Harmonized_irBT,Harmonized_irBT,cold,220.0,235.0,K,1.0,K,,,,16,16,15,164690.6796875,101590.3203125,111047.375,198311.13671875,345281.671875,425851.796875,243691.3515625,580724.3125,0.3116162528372395,0.7057755201403275,0.7057755201403275,0.1162554649254855,0.1007702615460903,0.0404629089161153,0.0454584447045753,0.0483664636373983,0.0466147074555596,1.6187357464077698,1.5232090719208076,0.8396045248773077,0.5385989065283511,0.7053423202129662,0.6098782569139436,0.9382144665138036,0.64742776042822,0.2466273278378798,0.293084906910214,0.2861190625782819,0.1899140380153371,13.057831354800436,12.91082392593953,7.966024222987119,4.681640348945128,6.0305961921508935,5.612967513990058,15,41255.78652498336,33257.85170573966,36600.38851767882,92484.64325808358,156795.36317823702,218877.7252237643,123537.51147249735,287271.1707603657,0.4023412600455306,0.7878900814947326,0.7878900814947326,0.0,0.0,0.0,0.0,0.0,0.0,0.0,0.0,0.0,0.0,0.0,0.0,0.0,0.0,0.0,0.0,0.0,0.0,0.0,0.0,0.0,0.0,0.0,0.0,0.0750989833201409,0.0533881709162125,0.0161748420628518,0.0216653476491493,0.0210682750208431,0.0159863054982361,0.7473447166556981,0.4898979431213839,0.1455254439010318,0.1931253415605872,0.1788226494724657,0.1432721111014334,0.0,0.0,0.0,0.0,0.0,0.0,0.0,0.0,0.0,0.0,0.0,0.0,2130779.5636738427,0.30144364462034134,2048713.564805532,0.2898336807273053,1955132.760363934,0.2765947050780641,846834.4283161703,1207919.9536735266,0.1198025646639269,0.1708857168768666,3.338541666666667,16,16,15,101590.3203125,111047.375,198311.13671875,345281.671875,243691.3515625,580724.3125,0.3116162528372395,15,41255.78652498336,33257.85170573966,36600.38851767882,92484.64325808358,156795.36317823702,123537.51147249735,287271.1707603657,0.4023412600455306,0.7878900814947326,0.7878900814947326,0.9382144665138036,0.0,0.64742776042822,0.0,0.2466273278378798,0.0,0.293084906910214,0.0,0.2861190625782819,0.0,0.1899140380153371,0.0,13.057831354800436,0.0,12.91082392593953,0.0,7.966024222987119,0.0,4.681640348945128,0.0,6.0305961921508935,0.0,5.612967513990058,0.0,0.7057755201403275,0.7057755201403275,0.0625,0.44003459998572714,0.44003459998572714,0.44003459998572714,0.44003459998572714,0.6042544229149116,0.6042544229149116,0.6042544229149116,0.6042544229149116
C8,50.0,100.0,1500.0,220.0,235.0,3.0,15.0,Tb,,,Harmonized_irBT,Harmonized_irBT,cold,220.0,235.0,K,1.0,K,,,,17,17,14,132220.84375,33278.93354492188,100086.9375,196770.5,398812.7687500001,470758.36249999993,365533.8352050782,581367.9375,0.4403275589561382,0.9165549948432491,0.9165549948432491,0.5,0.1930043719403881,0.0429046276137527,0.4875751451674593,0.0706878716829679,0.0455455328492542,1.2680165670496153,1.1663142859066755,0.8950621438296613,0.4876606863548877,0.6075027400505798,0.634867493322222,1.0055555555600046,1.001415873019207,0.242102325803363,1.0053085831657556,0.3839801721155879,0.219167135124247,12.25421921766744,12.093110769059193,8.593390656567474,1.0093776215448664,5.690603889305746,6.024973248425157,14,41197.35056673268,31843.70151607309,35154.09855097438,97344.56711926551,164212.83414552404,222884.48409448637,132369.13262945096,285810.2718040986,0.4152339354938945,0.806082748149554,0.806082748149554,0.0,0.0,0.0,0.0,0.0,0.0,0.0,0.0,0.0,0.0,0.0,0.0,0.0,0.0,0.0,0.0,0.0,0.0,0.0,0.0,0.0,0.0,0.0,0.0,0.5,0.1596263920114597,0.0156004595318022,0.4875708439827667,0.047015605163724,0.0157777658375173,1.0055555555600046,1.0013811533065984,0.1477935889685286,1.005286922272594,0.286471459168037,0.1666830292152799,0.0,0.0,0.0,0.0,0.0,0.0,0.0,0.0,0.0,0.0,0.0,0.0,2404298.805592548,0.3401387018488835,2097946.346598052,0.2967986945801446,2265411.141820233,0.3204901167610176,1383286.2643838376,2404298.805592548,0.195694974833609,0.3401387018488835,3.6875,17,17,14,33278.93354492188,100086.9375,196770.5,398812.7687500001,365533.8352050782,581367.9375,0.4403275589561382,14,41197.35056673268,31843.70151607309,35154.09855097438,97344.56711926551,164212.83414552404,132369.13262945096,285810.2718040986,0.4152339354938945,0.806082748149554,0.806082748149554,1.0055555555600046,0.0,1.001415873019207,0.0,0.242102325803363,0.0,1.0053085831657556,0.0,0.3839801721155879,0.0,0.219167135124247,0.0,12.25421921766744,0.0,12.093110769059193,0.0,8.593390656567474,0.0,1.0093776215448664,0.0,5.690603889305746,0.0,6.024973248425157,0.0,0.9165549948432491,0.9165549948432491,0.17647058823529416,0.49135191758927277,0.49135191758927277,0.49135191758927277,0.49135191758927277,0.6388694347173587,0.6388694347173587,0.6388694347173587,0.6388694347173587
C8,60.0,100.0,1500.0,220.0,235.0,3.0,15.0,Tb,,,Harmonized_irBT,Harmonized_irBT,cold,220.0,235.0,K,1.0,K,,,,18,18,15,124277.1015625,38595.80367431641,100838.62890625,175293.28515625,391430.56875,466845.57343749976,352834.7650756836,601370.0,0.43519867469113,0.9013980849846019,0.9013980849846019,0.5,0.1738171451866621,0.0466472583351454,0.4875657886042369,0.0742359052767425,0.0483192145120588,1.2680165670496153,1.2212166764439427,0.9772887875436724,0.4876681996628479,0.6436678520230229,0.6754428509069739,1.0055555555600046,1.0011571428604071,0.2572878827095097,1.005298881683943,0.4036467780510108,0.2782924765827517,12.25421921766744,12.119998926763632,8.480366381240028,1.0095129524084034,5.747151880431843,6.6447505108932425,15,41138.914608482,32544.933015081304,33259.79957101468,93351.44330546874,155369.52579692032,218209.6074344315,122824.59278183902,287407.52132961736,0.4135686500993699,0.7905320696053357,0.7905320696053357,0.0,0.0,0.0,0.0,0.0,0.0,0.0,0.0,0.0,0.0,0.0,0.0,0.0,0.0,0.0,0.0,0.0,0.0,0.0,0.0,0.0,0.0,0.0,0.0,0.5,0.1383530415121756,0.017550761897733,0.4875602553540802,0.0475673432930085,0.0177639239167812,1.0055555555600046,1.0011202531657604,0.1525040654871928,1.005273295451544,0.295898257664134,0.1687096752936348,0.0,0.0,0.0,0.0,0.0,0.0,0.0,0.0,0.0,0.0,0.0,0.0,2404298.805592548,0.3401387018488835,2240717.079796126,0.3169966216177692,2265411.141820233,0.3204901167610176,1383286.2643838376,2404298.805592548,0.195694974833609,0.3401387018488835,3.6614583333333326,18,18,15,38595.80367431641,100838.62890625,175293.28515625,391430.56875,352834.7650756836,601370.0,0.43519867469113,15,41138.914608482,32544.933015081304,33259.79957101468,93351.44330546874,155369.52579692032,122824.59278183902,287407.52132961736,0.4135686500993699,0.7905320696053357,0.7905320696053357,1.0055555555600046,0.0,1.0011571428604071,0.0,0.2572878827095097,0.0,1.005298881683943,0.0,0.4036467780510108,0.0,0.2782924765827517,0.0,12.25421921766744,0.0,12.119998926763632,0.0,8.480366381240028,0.0,1.0095129524084034,0.0,5.747151880431843,0.0,6.6447505108932425,0.0,0.9013980849846019,0.9013980849846019,0.16666666666666663,0.42474334475295994,0.42474334475295994,0.42474334475295994,0.42474334475295994,0.6437141366718833,0.6437141366718833,0.6437141366718833,0.6437141366718833
C8,70.0,100.0,1500.0,220.0,235.0,3.0,15.0,Tb,,,Harmonized_irBT,Harmonized_irBT,cold,220.0,235.0,K,1.0,K,,,,16,16,14,141294.25,77316.67578125,108974.828125,182292.046875,406194.96875,482671.9765625,328878.29296875,601370.0,0.3909234781101056,0.8096562445882092,0.8096562445882092,0.1162554649254855,0.1129554673157471,0.0403610677882553,0.0003503192760784,0.0469967163000197,0.043166444488742,1.29042489392457,1.183991951018696,0.904505673081045,0.0035369040242643,0.6265146709899307,0.6753376525486587,1.0003809523840077,0.9537560879813546,0.2568031425858694,0.9956425061027774,0.3504222534657756,0.2489447571706786,12.82813072620053,12.316000859168843,8.885294851490709,1.154855349005329,5.94929974473134,6.67512086312275,14,48044.0970084379,33084.49169626263,35275.8401306633,97963.01434408526,163833.00041689462,223980.15831168668,130748.508720632,289374.8652573904,0.4057401886515811,0.7980596606784055,0.7980596606784055,0.0,0.0,0.0,0.0,0.0,0.0,0.0,0.0,0.0,0.0,0.0,0.0,0.0,0.0,0.0,0.0,0.0,0.0,0.0,0.0,0.0,0.0,0.0,0.0,0.0751498277800631,0.0473440896151564,0.0162227860600246,0.0001547732138219,0.0194615803582272,0.0165022018671082,1.0003375527432468,0.810383452869574,0.154265518262689,0.994895589773086,0.243784580505318,0.1508793452094899,0.0,0.0,0.0,0.0,0.0,0.0,0.0,0.0,0.0,0.0,0.0,0.0,2404298.805592548,0.3401387018488835,2259961.988713354,0.3197192192920182,2265411.141820233,0.3204901167610176,1383286.2643838376,2404298.805592548,0.195694974833609,0.3401387018488835,3.713541666666667,16,16,14,77316.67578125,108974.828125,182292.046875,406194.96875,328878.29296875,601370.0,0.3909234781101056,14,48044.0970084379,33084.49169626263,35275.8401306633,97963.01434408526,163833.00041689462,130748.508720632,289374.8652573904,0.4057401886515811,0.7980596606784055,0.7980596606784055,1.0003809523840077,0.0,0.9537560879813546,0.0,0.2568031425858694,0.0,0.9956425061027774,0.0,0.3504222534657756,0.0,0.2489447571706786,0.0,12.82813072620053,0.0,12.316000859168843,0.0,8.885294851490709,0.0,1.154855349005329,0.0,5.94929974473134,0.0,6.67512086312275,0.0,0.8096562445882092,0.8096562445882092,0.125,0.4021964754187798,0.4021964754187798,0.4021964754187798,0.4021964754187798,0.6399065467017945,0.6399065467017945,0.6399065467017945,0.6399065467017945
C9,0.0,100.0,1500.0,220.0,235.0,3.0,15.0,Tb,,,Harmonized_irBT,Harmonized_irBT,cold,220.0,235.0,K,1.0,K,,,,10,10,8,183355.140625,6849.579614257813,98522.630859375,249405.48828125,474202.69062499976,763746.3453124993,467353.111010742,1053290.0,0.5354531459416066,0.9855555867782402,0.9855555867782402,0.0267003274574903,0.0235845224073156,0.0090388794466612,9.333954670039884e-05,0.0111971799337815,0.0106501382716467,0.2432983691248953,0.1988213576884537,0.0984437294139054,0.0007126147832071,0.0978046354798573,0.1137421890862215,0.7281438297708771,0.5896700418874522,0.124597472140834,0.0011790127486247,0.1675016117354763,0.080417295851231,6.707764180445134,6.488619655126954,2.085152721231013,0.0125605761139388,1.9112669993824367,0.8857917265444855,8,114130.39646894716,61412.83516437337,71082.68130968315,167524.93569075596,401969.1877707901,556826.6545735445,340556.3526064167,711684.1213762994,0.4696625256147541,0.8472200431457149,0.8472200431457149,0.0,0.0,0.0,0.0,0.0,0.0,0.0,0.0,0.0,0.0,0.0,0.0,0.0,0.0,0.0,0.0,0.0,0.0,0.0,0.0,0.0,0.0,0.0,0.0,0.0094172943187646,0.0087620702076225,0.0033023460210766,3.537508694600373e-05,0.0042830500714989,0.0047535987212995,0.2546788714467911,0.2388449269316937,0.0661126076577383,0.0005391499136357,0.0756253712666472,0.0396278086466012,0.0,0.0,0.0,0.0,0.0,0.0,0.0,0.0,0.0,0.0,0.0,0.0,3068335.89457044,0.4340807330552695,2625769.7108254866,0.3714704256878692,3011604.2582355067,0.4260548482975838,3043661.1827108115,3068335.89457044,0.4305899754003112,0.4340807330552695,1.8406249999999995,10,10,8,6849.579614257813,98522.630859375,249405.48828125,474202.69062499976,467353.111010742,1053290.0,0.5354531459416066,8,114130.39646894716,61412.83516437337,71082.68130968315,167524.93569075596,401969.1877707901,340556.3526064167,711684.1213762994,0.4696625256147541,0.8472200431457149,0.8472200431457149,0.7281438297708771,0.0,0.5896700418874522,0.0,0.124597472140834,0.0,0.0011790127486247,0.0,0.1675016117354763,0.0,0.080417295851231,0.0,6.707764180445134,0.0,6.488619655126954,0.0,2.085152721231013,0.0,0.0125605761139388,0.0,1.9112669993824367,0.0,0.8857917265444855,0.0,0.9855555867782402,0.9855555867782402,0.19999999999999996,0.6049700768883128,0.6049700768883128,0.6049700768883128,0.6049700768883128,0.5756889503249903,0.5756889503249903,0.5756889503249903,0.5756889503249903
C9,10.0,100.0,1500.0,220.0,235.0,3.0,15.0,Tb,,,Harmonized_irBT,Harmonized_irBT,cold,220.0,235.0,K,1.0,K,,,,10,10,9,204034.3984375,90331.26405906676,119689.794921875,366969.9765625,525266.8312499999,669862.6031249997,434935.5671909332,814458.375,0.4319893356033508,0.8280278542543766,0.8280278542543766,0.25,0.1534869062532152,0.0235790804687511,0.2499702885845881,0.0416535690444763,0.0183834124911416,0.5026946878602726,0.4632820355555573,0.3205960847789478,0.2499886068675562,0.2028086548266918,0.1753398926329918,0.717069398899837,0.6043881693906316,0.1873693408671116,0.4666355875448117,0.2382724894681612,0.1555200324218718,5.479229132204106,5.451800527494759,2.768396859553138,0.4669069560523499,2.179741223628292,1.4884568987723632,9,114169.81294156636,60811.733956930286,72861.34963662538,263873.5759493582,347203.94071364804,439406.9534645238,286392.20675671776,531609.9662153998,0.4076956178249928,0.8248529845832482,0.8248529845832482,0.0,0.0,0.0,0.0,0.0,0.0,0.0,0.0,0.0,0.0,0.0,0.0,0.0,0.0,0.0,0.0,0.0,0.0,0.0,0.0,0.0,0.0,0.0,0.0,0.25,0.1468806574071579,0.0101967482709744,0.2499689768571117,0.0323856658490899,0.0073461201236315,0.4666666666571588,0.3576106190457042,0.0891503946795461,0.4666202178131739,0.1320384743627717,0.0989852527442071,0.0,0.0,0.0,0.0,0.0,0.0,0.0,0.0,0.0,0.0,0.0,0.0,2165442.464518316,0.3063474419637211,2015335.1753720832,0.2851116045755011,2062956.6794729005,0.2918486692644932,2154750.746320352,2165442.464518316,0.3048348732514085,0.3063474419637211,1.6812499999999992,10,10,9,90331.26405906676,119689.794921875,366969.9765625,525266.8312499999,434935.5671909332,814458.375,0.4319893356033508,9,114169.81294156636,60811.733956930286,72861.34963662538,263873.5759493582,347203.94071364804,286392.20675671776,531609.9662153998,0.4076956178249928,0.8248529845832482,0.8248529845832482,0.717069398899837,0.0,0.6043881693906316,0.0,0.1873693408671116,0.0,0.4666355875448117,0.0,0.2382724894681612,0.0,0.1555200324218718,0.0,5.479229132204106,0.0,5.451800527494759,0.0,2.768396859553138,0.0,0.4669069560523499,0.0,2.179741223628292,0.0,1.4884568987723632,0.0,0.8280278542543766,0.8280278542543766,0.09999999999999998,0.6738430864479994,0.6738430864479994,0.6738430864479994,0.6738430864479994,0.7238778101426544,0.7238778101426544,0.7238778101426544,0.7238778101426544
C9,20.0,100.0,1500.0,220.0,235.0,3.0,15.0,Tb,,,Harmonized_irBT,Harmonized_irBT,cold,220.0,235.0,K,1.0,K,,,,10,10,9,204034.3984375,90331.26405906676,120782.888671875,366969.9765625,524450.4812499998,665372.6781249996,434119.21719093306,806294.875,0.4294232089666023,0.827760165566505,0.827760165566505,0.25,0.1537609734365704,0.0250770307195607,0.2499695752612389,0.0414641991325255,0.0185133998490749,0.5659172207444916,0.506814799269985,0.3515535921844839,0.2499864691096618,0.2064961368439135,0.1710684870733551,0.999999999979626,0.7227205222427757,0.1703428038592544,0.9999011798073596,0.2731820878670142,0.1821504364684174,5.437228736893284,4.817495959394905,2.675297933759759,1.000165642697865,2.1333220562377457,1.740538810379341,9,113302.65054394354,61399.03939895664,73097.84847234069,262474.2911713759,347854.3125118652,436155.0944734383,286455.27311290853,524455.8764350116,0.4043715846994535,0.8234920850755233,0.8234920850755233,0.0,0.0,0.0,0.0,0.0,0.0,0.0,0.0,0.0,0.0,0.0,0.0,0.0198597268891354,0.0160061743858663,0.0075450216091806,0.0008407842568411,0.003342841391122,0.0,0.0775331113992067,0.0633516395889412,0.0304827702899249,0.0033050390224006,0.013290282585861,0.0,0.25,0.1471965058695471,0.0109826139013238,0.249968284895333,0.032432585770067,0.0080833867938773,0.999999999979626,0.6473867941923206,0.0867981350858358,0.9998836066436196,0.184434009946419,0.1079318494354249,0.0,0.0,0.0,0.0,0.0,0.0,0.0049034332116972,0.0034629670272347,0.0012810660758339,0.0001947933848852,0.0006895223291375,0.0,2164663.9891840853,0.306237310232594,2014907.013938256,0.2850510321233813,2062956.6794729005,0.2918486692644932,2154750.746320352,2164663.9891840853,0.3048348732514085,0.306237310232594,1.6812499999999992,10,10,9,90331.26405906676,120782.888671875,366969.9765625,524450.4812499998,434119.21719093306,806294.875,0.4294232089666023,9,113302.65054394354,61399.03939895664,73097.84847234069,262474.2911713759,347854.3125118652,286455.27311290853,524455.8764350116,0.4043715846994535,0.8234920850755233,0.8234920850755233,0.999999999979626,0.0198597268891354,0.7227205222427757,0.0160061743858663,0.1703428038592544,0.0075450216091806,0.9999011798073596,0.0008407842568411,0.2731820878670142,0.003342841391122,0.1821504364684174,0.0,5.437228736893284,0.0775331113992067,4.817495959394905,0.0633516395889412,2.675297933759759,0.0304827702899249,1.000165642697865,0.0033050390224006,2.1333220562377457,0.013290282585861,1.740538810379341,0.0,0.827760165566505,0.827760165566505,0.09999999999999998,0.6708643856827781,0.6708643856827781,0.6708643856827781,0.6708643856827781,0.721504730440006,0.721504730440006,0.721504730440006,0.721504730440006
C9,30.0,100.0,1500.0,220.0,235.0,3.0,15.0,Tb,,,Harmonized_irBT,Harmonized_irBT,cold,220.0,235.0,K,1.0,K,,,,10,10,9,204034.3984375,90331.26405906676,122646.849609375,366969.9765625,524450.4812499998,665372.6781249996,434119.21719093306,806294.875,0.4274409281778261,0.827760165566505,0.827760165566505,0.25,0.1537613823633511,0.0253116192135315,0.2499696801674533,0.0418501582041059,0.0213499338151461,0.6012831685014643,0.526335413846494,0.3711230532782397,0.2499873813540752,0.2167586861643312,0.1804018562508785,0.999999999979626,0.6961414490391961,0.1589371496769558,0.9998886301710403,0.2340724389456589,0.1477888873110691,4.923699646540902,4.320674967050513,2.490275116216896,1.0001036044473737,1.890523823864677,1.158008074156175,9,113282.94230763392,61584.296820266965,73531.42967115209,265726.15016246145,357054.1172211907,439552.7944132149,295469.8204009237,522051.47160523926,0.4044975340841574,0.8275211127670145,0.8275211127670145,0.0,0.0,0.0,0.0,0.0,0.0,0.0,0.0,0.0,0.0,0.0,0.0,0.0241138225953792,0.0199203909024404,0.0097969598184186,0.0010044702374764,0.0041937851064901,0.0,0.1323559861776518,0.1092323179673954,0.0536474378472725,0.0055105316311513,0.0229892002032958,0.0,0.25,0.147216073425091,0.0115599629449613,0.2499683821747156,0.0328035624609411,0.0095836295123251,0.999999999979626,0.6391673578409582,0.0808563698568346,0.9998801802593126,0.1724935273226347,0.0804221521330472,0.0,0.0,0.0,0.0,0.0,0.0,0.0084418876676167,0.0059907869245919,0.0022683001370862,0.0003258096616264,0.0011951137197412,0.0,2164663.9891840853,0.306237310232594,2014907.013938256,0.2850510321233813,2055001.44988653,0.2907232344981805,2154750.746320352,2164663.9891840853,0.3048348732514085,0.306237310232594,1.6812499999999992,10,10,9,90331.26405906676,122646.849609375,366969.9765625,524450.4812499998,434119.21719093306,806294.875,0.4274409281778261,9,113282.94230763392,61584.296820266965,73531.42967115209,265726.15016246145,357054.1172211907,295469.8204009237,522051.47160523926,0.4044975340841574,0.8275211127670145,0.8275211127670145,0.999999999979626,0.0241138225953792,0.6961414490391961,0.0199203909024404,0.1589371496769558,0.0097969598184186,0.9998886301710403,0.0010044702374764,0.2340724389456589,0.0041937851064901,0.1477888873110691,0.0,4.923699646540902,0.1323559861776518,4.320674967050513,0.1092323179673954,2.490275116216896,0.0536474378472725,1.0001036044473737,0.0055105316311513,1.890523823864677,0.0229892002032958,1.158008074156175,0.0,0.827760165566505,0.827760165566505,0.09999999999999998,0.6657850575182229,0.6657850575182229,0.6657850575182229,0.6657850575182229,0.7232811688793295,0.7232811688793295,0.7232811688793295,0.7232811688793295
C9,40.0,100.0,1500.0,220.0,235.0,3.0,15.0,Tb,,,Harmonized_irBT,Harmonized_irBT,cold,220.0,235.0,K,1.0,K,,,,9,9,9,215426.703125,101323.23125,181484.890625,409859.65625,555857.4375,681303.4374999999,454534.20625,806749.4375,0.3652437886975068,0.8177172339265497,0.8177172339265497,0.0386583810471639,0.0376369449541611,0.0262430345135998,0.0186448443253807,0.0201212123211558,0.0187868241520314,0.6797285127481166,0.6205747263689543,0.4188666329645717,0.1455439040204941,0.2242982323936825,0.1510217849935637,0.2840041614231789,0.2531170683332229,0.1525584143052756,0.1352660107441192,0.1364701250431351,0.1415840634361472,3.72127219851092,3.4180001302541183,2.461165404000253,1.3151590517997012,1.6084486615109008,1.2622811437406316,9,113736.23174275494,61623.71329288618,73866.46968841545,266672.14550532267,357645.36431047897,439119.2132144035,296021.65101759275,520593.0621183282,0.4036553655960458,0.8276960379126026,0.8276960379126026,0.0,0.0,0.0,0.0,0.0,0.0,0.0,0.0,0.0,0.0,0.0,0.0,0.0227781510220866,0.0191433815500458,0.0096454299345494,0.0009530489268515,0.0040521531515634,0.0,0.1330840616284435,0.110611721941416,0.0548978305170871,0.0055357287662108,0.023331919337702,0.0,0.0242155535361562,0.0213105542488251,0.0129011580675927,0.0075198905716857,0.0089491803210643,0.0083954399862547,0.1349134470247661,0.123681578657126,0.0781920442689613,0.0663411539894588,0.0666615685380859,0.0758897482672043,0.0,0.0,0.0,0.0,0.0,0.0,0.0084938844231295,0.0060541116195725,0.0023184551821985,0.0003268054009899,0.0012098152041518,0.0,2164663.9891840853,0.306237310232594,2031546.67785446,0.287405063024405,2055001.44988653,0.2907232344981805,2154750.746320352,2164663.9891840853,0.3048348732514085,0.306237310232594,1.833333333333333,9,9,9,101323.23125,181484.890625,409859.65625,555857.4375,454534.20625,806749.4375,0.3652437886975068,9,113736.23174275494,61623.71329288618,73866.46968841545,266672.14550532267,357645.36431047897,296021.65101759275,520593.0621183282,0.4036553655960458,0.8276960379126026,0.8276960379126026,0.2840041614231789,0.0227781510220866,0.2531170683332229,0.0191433815500458,0.1525584143052756,0.0096454299345494,0.1352660107441192,0.0009530489268515,0.1364701250431351,0.0040521531515634,0.1415840634361472,0.0,3.72127219851092,0.1330840616284435,3.4180001302541183,0.110611721941416,2.461165404000253,0.0548978305170871,1.3151590517997012,0.0055357287662108,1.6084486615109008,0.023331919337702,1.2622811437406316,0.0,0.8177172339265497,0.8177172339265497,0.0,0.5572023548609513,0.5572023548609513,0.5572023548609513,0.5572023548609513,0.7230064296799941,0.7230064296799941,0.7230064296799941,0.7230064296799941
C9,50.0,100.0,1500.0,220.0,235.0,3.0,15.0,Tb,,,Harmonized_irBT,Harmonized_irBT,cold,220.0,235.0,K,1.0,K,,,,10,10,10,204034.3984375,97855.590625,121474.767578125,365272.09375,524612.5687499999,666264.1593749997,426756.9781249999,807915.75,0.393365766103059,0.8134707468824821,0.8134707468824821,0.0383370537023209,0.0374880423756205,0.0269908885139253,0.0155160269826145,0.0192019016729925,0.0175678315147546,0.6798977962970728,0.6149757688094799,0.4277686265373331,0.1259552549060304,0.2158651431462663,0.1289129765848178,0.2836721184637868,0.2490735580693126,0.1610273052554127,0.1136019069000279,0.1348794137781999,0.135158621727193,3.7233656847642873,3.376872459048797,2.5831114670497626,1.2229904973843664,1.627582252038524,1.321609041351115,10,114583.68590406814,59719.89766537793,65076.59629432973,232862.66611618805,337678.95010521373,427421.3895528348,277959.0524398358,517163.8290004562,0.4156216595211549,0.8231459270802327,0.8231459270802327,0.0,0.0,0.0,0.0,0.0,0.0,0.0,0.0,0.0,0.0,0.0,0.0,0.0226383843792502,0.0186541458191314,0.0095535594669919,0.0006868351431748,0.0036422905291569,0.0,0.1498725258215145,0.1218759984710905,0.0615710769585931,0.0045195529965845,0.0237530546419864,0.0,0.0244514797065396,0.0210851354045282,0.0133597442682225,0.0067897447402045,0.0088478878855108,0.0077634720744966,0.1348225161879362,0.1194222687626508,0.0848080210504459,0.0661838226649786,0.0708274438928211,0.071224465911815,0.0,0.0,0.0,0.0,0.0,0.0,0.0095807075416415,0.0064896279052657,0.0025892312860111,0.0002668283598471,0.001229234922467,0.0,2164663.9891840853,0.306237310232594,2014907.013938256,0.2850510321233813,2055001.44988653,0.2907232344981805,2154750.746320352,2164663.9891840853,0.3048348732514085,0.306237310232594,1.8125,10,10,10,97855.590625,121474.767578125,365272.09375,524612.5687499999,426756.9781249999,807915.75,0.393365766103059,10,114583.68590406814,59719.89766537793,65076.59629432973,232862.66611618805,337678.95010521373,277959.0524398358,517163.8290004562,0.4156216595211549,0.8231459270802327,0.8231459270802327,0.2836721184637868,0.0226383843792502,0.2490735580693126,0.0186541458191314,0.1610273052554127,0.0095535594669919,0.1136019069000279,0.0006868351431748,0.1348794137781999,0.0036422905291569,0.135158621727193,0.0,3.7233656847642873,0.1498725258215145,3.376872459048797,0.1218759984710905,2.5831114670497626,0.0615710769585931,1.2229904973843664,0.0045195529965845,1.627582252038524,0.0237530546419864,1.321609041351115,0.0,0.8134707468824821,0.8134707468824821,0.0,0.6674403283014965,0.6674403283014965,0.6674403283014965,0.6674403283014965,0.7205365833015953,0.7205365833015953,0.7205365833015953,0.7205365833015953
C9,60.0,100.0,1500.0,220.0,235.0,3.0,15.0,Tb,,,Harmonized_irBT,Harmonized_irBT,cold,220.0,235.0,K,1.0,K,,,,11,11,9,185797.375,7462.65869140625,86405.6796875,238079.2265625,407595.8125,730442.90625,400133.15380859375,1053290.0,0.541785888796988,0.9816910319916344,0.9816910319916344,0.0331188969540979,0.0264476065944889,0.0118337784294548,0.0001138945927017,0.0122889413122428,0.0107895565527401,0.2309078690254505,0.2207199627325934,0.1189535168904958,0.0007437699830346,0.0964128671025187,0.078835246825958,0.3267197506540669,0.3044780646145983,0.1054076504415349,0.0008149994075576,0.1051231804715056,0.0760629315206227,5.31030943866567,4.47111922608816,1.866122031247595,0.0106519452123671,1.4636217617816665,0.8968494515343476,9,115194.64122966604,59566.17342216298,62080.94437526912,127886.7454130544,359557.0632325112,541385.2514249657,299990.88981034816,723213.4396174208,0.4788647861925788,0.834334575750932,0.834334575750932,0.0,0.0,0.0,0.0,0.0,0.0,0.0,0.0,0.0,0.0,0.0,0.0,0.0,0.0,0.0,0.0,0.0,0.0,0.0,0.0,0.0,0.0,0.0,0.0,0.0091477834328868,0.0087457759085979,0.0040749869547287,4.024349159489585e-05,0.0043800058301348,0.0040827224474715,0.2103763761345623,0.1716533741817242,0.0621609237388392,0.0005147752435387,0.0622335780212263,0.0467886041961254,0.0,0.0,0.0,0.0,0.0,0.0,0.0,0.0,0.0,0.0,0.0,0.0,3068335.89457044,0.4340807330552695,2576595.690409382,0.3645137248692693,3011604.2582355067,0.4260548482975838,3043661.1827108115,3068335.89457044,0.4305899754003112,0.4340807330552695,1.8229166666666663,11,11,9,7462.65869140625,86405.6796875,238079.2265625,407595.8125,400133.15380859375,1053290.0,0.541785888796988,9,115194.64122966604,59566.17342216298,62080.94437526912,127886.7454130544,359557.0632325112,299990.88981034816,723213.4396174208,0.4788647861925788,0.834334575750932,0.834334575750932,0.3267197506540669,0.0,0.3044780646145983,0.0,0.1054076504415349,0.0,0.0008149994075576,0.0,0.1051231804715056,0.0,0.0760629315206227,0.0,5.31030943866567,0.0,4.47111922608816,0.0,1.866122031247595,0.0,0.0106519452123671,0.0,1.4636217617816665,0.0,0.8968494515343476,0.0,0.9816910319916344,0.9816910319916344,0.18181818181818177,0.6370717389540201,0.6370717389540201,0.6370717389540201,0.6370717389540201,0.5145631067961165,0.5145631067961165,0.5145631067961165,0.5145631067961165
C9,70.0,100.0,1500.0,220.0,235.0,3.0,15.0,Tb,,,Harmonized_irBT,Harmonized_irBT,cold,220.0,235.0,K,1.0,K,,,,11,11,9,185678.75,7462.65869140625,86405.6796875,238079.2265625,407595.8125,730442.90625,400133.15380859375,1053290.0,0.5418106217174535,0.9816910319916344,0.9816910319916344,0.033132427395001,0.0264543718149405,0.0118348480000088,0.0001137021432456,0.0122901713523249,0.0107895565527401,0.2322967685988266,0.2217248558589923,0.1190528763514695,0.0007411242429613,0.0964872063990613,0.0777744215076786,0.328065562482797,0.3052414309067118,0.1054894924559104,0.0008147339897387,0.1052619743427989,0.0760629315206227,5.307683369476453,4.47038904582478,1.865329368956489,0.0106053192227753,1.462130806847875,0.8998223592269674,9,115982.9706820504,59566.17342216298,62080.94437526912,127985.28659460244,364089.95758372126,553643.7744095427,304523.78416155826,743197.5912353646,0.4836495250396921,0.8363970986250948,0.8363970986250948,0.0,0.0,0.0,0.0,0.0,0.0,0.0,0.0,0.0,0.0,0.0,0.0,0.0,0.0,0.0,0.0,0.0,0.0,0.0,0.0,0.0,0.0,0.0,0.0,0.0091986029181728,0.0087837099506469,0.0040779039469867,3.993446898297592e-05,0.0043760526533861,0.0040827224474715,0.2101762845247343,0.1715746611294377,0.0621213078304462,0.0005105232765991,0.0620895880832168,0.04677116372726,0.0,0.0,0.0,0.0,0.0,0.0,0.0,0.0,0.0,0.0,0.0,0.0,3068335.89457044,0.4340807330552695,2576595.690409382,0.3645137248692693,3011604.2582355067,0.4260548482975838,3043661.1827108115,3068335.89457044,0.4305899754003112,0.4340807330552695,1.8229166666666663,11,11,9,7462.65869140625,86405.6796875,238079.2265625,407595.8125,400133.15380859375,1053290.0,0.5418106217174535,9,115982.9706820504,59566.17342216298,62080.94437526912,127985.28659460244,364089.95758372126,304523.78416155826,743197.5912353646,0.4836495250396921,0.8363970986250948,0.8363970986250948,0.328065562482797,0.0,0.3052414309067118,0.0,0.1054894924559104,0.0,0.0008147339897387,0.0,0.1052619743427989,0.0,0.0760629315206227,0.0,5.307683369476453,0.0,4.47038904582478,0.0,1.865329368956489,0.0,0.0106053192227753,0.0,1.462130806847875,0.0,0.8998223592269674,0.0,0.9816910319916344,0.9816910319916344,0.18181818181818177,0.6370717389540201,0.6370717389540201,0.6370717389540201,0.6370717389540201,0.5149368647982753,0.5149368647982753,0.5149368647982753,0.5149368647982753
